key_home,key_away,key_date,key_competition,key_referee,key_stadium,home_goals,away_goals,attendance
1,14,1,1,1,1,0,1,28000
2,12,1,1,2,2,1,3,19400
3,19,1,1,3,3,1,4,15200
4,15,2,1,4,,3,1,27000
5,18,2,1,5,4,1,0,32000
6,17,2,1,6,5,0,0,16000
7,20,2,1,7,,0,0,16000
8,11,2,1,,6,0,3,18900
9,13,2,1,8,,0,0,22700
10,16,3,1,9,7,4,0,49300
11,1,4,1,10,,0,2,93800
12,8,4,1,11,8,1,0,52800
13,7,4,1,6,9,1,0,72000
14,10,4,1,12,10,1,2,39600
15,3,5,1,,,4,1,10000
16,9,5,1,13,,2,0,19000
17,2,5,1,14,,3,5,24000
18,4,5,1,15,,4,0,18000
19,6,5,1,16,11,0,0,41000
20,5,6,1,17,,2,2,15400
4,20,7,1,6,,1,0,24300
9,7,7,1,4,,2,0,13000
16,14,7,1,7,,2,2,20000
5,13,7,1,14,4,1,2,30000
1,12,8,1,9,1,1,2,24000
8,17,8,1,18,6,2,0,16000
3,18,8,1,1,3,1,2,10000
10,11,8,1,8,7,1,2,54900
2,19,8,1,,2,1,2,25000
6,15,9,1,2,5,2,2,15000
7,5,10,1,19,,3,1,16000
14,9,10,1,6,10,3,0,34000
13,4,10,1,,9,3,0,68000
11,16,11,1,11,,1,0,66900
17,1,11,1,17,,0,0,24000
20,3,11,1,16,,0,1,9900
12,10,11,1,15,8,1,1,44000
15,2,12,1,13,,0,2,11000
18,6,12,1,7,,1,0,17000
19,8,12,1,4,11,1,1,37000
16,12,13,1,8,,0,2,21000
3,13,13,1,,3,0,0,18300
14,11,13,1,14,10,1,3,36000
8,15,14,1,17,6,0,1,13100
6,20,14,1,18,5,0,2,14000
4,7,14,1,9,,1,0,26800
9,5,14,1,1,,2,0,14000
21,63,8,2,20,,1,0,14000
1,19,14,1,6,1,2,0,17000
10,17,14,1,2,7,1,0,35000
2,18,15,1,6,2,2,3,23000
17,16,16,1,4,,2,2,14000
5,4,16,1,16,4,1,0,25000
12,14,16,1,19,8,2,1,38400
19,10,17,1,13,11,3,1,40000
15,1,17,1,7,,3,0,10000
18,8,17,1,3,,2,0,16000
20,2,17,1,,,1,1,12000
7,3,17,1,11,,1,1,16000
11,9,17,1,12,,1,1,79100
13,6,17,1,15,9,6,1,64000
10,15,18,1,,7,2,0,45000
11,12,18,1,6,,2,1,86900
2,13,18,1,12,2,1,4,21700
8,20,19,1,1,6,1,0,16000
6,7,19,1,3,5,0,0,13000
3,5,19,1,6,3,2,1,10000
9,4,19,1,17,,0,1,12000
14,17,19,1,9,10,2,1,30000
16,19,19,1,18,,2,0,20600
1,18,20,1,2,1,2,2,20000
17,11,21,1,3,,0,2,26000
13,8,21,1,2,9,6,1,75000
12,9,21,1,7,8,1,2,46800
15,16,22,1,14,,3,0,10000
20,1,22,1,6,,1,1,12000
7,2,22,1,4,,3,0,16000
4,3,22,1,10,,2,1,26000
19,14,22,1,,11,4,3,40000
18,10,22,1,9,,2,0,20400
5,6,23,1,11,4,3,0,23000
12,17,24,1,,8,1,1,35000
1,13,24,1,,1,1,3,28000
11,19,24,1,16,,5,0,88800
16,18,25,1,17,,1,1,19000
8,7,25,1,19,6,4,1,16000
2,5,25,1,18,2,1,2,23000
6,4,25,1,12,5,3,0,15000
10,20,25,1,6,7,1,1,35000
14,15,25,1,13,10,3,0,30000
9,3,26,1,2,,2,1,9000
5,8,27,1,7,4,1,0,23000
4,2,27,1,3,,1,0,25000
17,9,28,1,11,,3,2,24000
20,13,29,1,3,,1,1,17600
18,14,28,1,8,,4,1,20000
20,16,28,1,13,,1,1,12000
7,1,28,1,1,,3,0,16000
3,6,28,1,6,3,1,2,10000
15,11,28,1,4,,1,3,14500
13,10,28,1,14,9,2,0,80000
19,12,30,1,15,11,2,0,36400
14,20,31,1,19,10,1,0,35000
10,7,31,1,18,7,3,0,43800
11,18,31,1,,,3,1,88800
1,5,32,1,12,1,2,1,18000
8,4,32,1,9,6,0,0,15000
2,3,32,1,17,2,1,0,19000
9,6,32,1,6,,0,0,11000
17,19,32,1,2,,1,2,28000
16,13,32,1,16,,0,1,21900
12,15,32,1,,8,2,0,49500
18,12,33,1,13,,1,1,20000
20,11,33,1,2,,0,8,19800
13,14,33,1,12,9,5,1,76000
7,16,34,1,6,,1,0,16000
4,1,34,1,11,,3,0,26000
3,8,34,1,8,3,3,1,10000
11,2,29,1,18,,4,1,88800
6,2,34,1,7,5,3,0,15000
19,9,34,1,14,11,1,2,40000
5,10,34,1,4,4,2,4,40000
15,17,35,1,6,,1,1,6000
17,18,36,1,10,,0,3,30000
19,15,36,1,18,11,1,3,29600
10,4,36,1,6,7,2,3,32900
16,5,37,1,11,,1,3,19000
1,3,37,1,13,1,3,1,23000
8,6,37,1,,6,1,0,16000
9,2,37,1,,,2,0,13000
14,7,37,1,17,10,1,0,37000
12,20,37,1,16,8,2,1,35800
11,13,38,1,15,,5,0,98800
3,10,39,1,7,3,2,0,25000
7,11,39,1,6,,0,3,19600
13,12,39,1,3,9,2,0,56000
15,9,40,1,2,,3,0,9000
20,17,40,1,4,,1,1,12000
4,16,40,1,17,,1,0,26000
2,8,40,1,14,2,4,1,23000
18,19,40,1,12,,1,0,19500
5,14,40,1,9,4,2,0,30000
22,96,24,3,21,,2,0,41000
6,1,41,1,8,5,1,0,12000
15,18,42,1,11,,1,0,10000
19,20,42,1,6,11,1,3,43200
10,6,42,1,13,7,2,0,35600
14,4,43,1,4,10,2,1,35000
16,3,43,1,,,1,1,20000
1,2,43,1,16,1,4,1,22000
9,8,43,1,15,,0,1,13000
17,13,43,1,9,,1,3,29300
11,5,43,1,8,,5,0,84900
12,7,44,1,2,8,3,3,28000
18,9,45,1,16,,3,1,20000
3,14,45,1,18,3,1,2,10000
6,16,45,1,19,5,1,1,13000
4,11,45,1,12,,1,5,40000
5,12,45,1,17,4,1,2,25900
20,15,46,1,,,2,3,12000
7,17,46,1,14,,0,0,18000
2,10,46,1,6,2,0,3,17100
13,19,46,1,,9,1,0,68000
8,1,47,1,3,6,0,0,12800
14,6,48,1,1,10,1,2,38000
11,3,48,1,3,,2,1,71700
16,2,48,1,6,,1,2,20000
19,7,48,1,7,11,1,0,31000
12,4,48,1,18,8,2,1,38500
18,20,49,1,17,,2,0,19000
17,5,49,1,6,,2,1,20000
10,8,49,1,16,7,0,0,35000
9,1,49,1,9,,3,0,18000
15,13,49,1,12,,2,3,15000
2,14,50,1,19,2,1,1,25000
5,19,50,1,13,4,2,3,28000
6,11,50,1,,5,0,4,13000
9,20,51,1,14,,4,1,12000
7,15,51,1,15,,0,0,15000
4,17,51,1,2,,4,0,27000
8,16,51,1,4,6,1,1,15000
13,18,51,1,8,9,4,2,68000
3,12,51,1,,3,0,1,23000
1,10,52,1,11,1,4,1,25000
16,1,53,1,,,2,0,17000
18,7,53,1,1,,4,2,19000
15,5,53,1,16,,0,4,10000
17,3,53,1,7,,1,0,18000
14,8,53,1,9,10,2,1,35000
19,4,53,1,19,11,1,2,36400
12,6,29,1,12,8,2,0,35000
10,9,54,1,4,7,3,0,30000
19,3,55,1,6,11,4,1,36000
11,8,55,1,17,,3,0,88800
12,2,55,1,1,8,4,3,38500
15,4,56,1,,,1,3,10000
16,10,56,1,13,,1,0,22000
17,6,56,1,8,,1,0,23000
20,7,56,1,6,,3,2,12000
13,9,56,1,15,9,1,0,73000
18,5,56,1,2,,2,1,19000
14,1,57,1,12,10,3,0,26000
3,15,58,1,9,3,2,0,10500
5,20,58,1,,4,2,0,25000
9,16,58,1,11,,0,4,12500
2,17,58,1,3,2,1,2,25000
1,11,58,1,8,1,0,3,28200
6,19,58,1,4,5,3,3,17300
10,14,59,1,6,7,0,2,47000
7,13,59,1,2,,1,0,16800
4,18,59,1,16,,0,1,33000
8,12,60,1,7,6,1,1,15000
14,16,61,1,6,10,3,0,35000
17,8,61,1,1,,1,1,23000
15,6,61,1,7,,4,1,10000
20,4,61,1,12,,3,2,12000
7,9,61,1,17,,1,1,15500
18,3,61,1,18,,0,1,16000
11,10,61,1,16,,3,0,88800
19,2,62,1,2,11,0,0,40000
13,5,62,1,9,9,4,1,68000
12,1,62,1,6,8,2,0,43000
10,12,63,1,8,7,1,2,47000
16,11,63,1,3,,1,1,24500
8,19,63,1,15,6,3,2,17500
5,7,64,1,16,4,1,0,25000
1,17,64,1,10,1,2,1,22000
2,15,64,1,4,2,2,2,24000
3,20,64,1,,3,1,0,11000
6,18,64,1,9,5,1,0,18000
4,13,64,1,14,,0,1,38000
9,14,65,1,13,,1,0,13000
12,16,66,1,,8,0,0,40000
13,3,66,1,6,9,2,0,68000
17,10,66,1,,,0,1,22400
15,8,67,1,13,,0,1,10000
18,2,67,1,6,,1,1,15700
20,6,67,1,18,,1,1,12000
7,4,67,1,3,,4,0,15000
19,1,67,1,16,11,1,0,25000
11,14,67,1,9,,2,1,88800
5,9,68,1,1,4,1,0,22000
16,17,69,1,15,,0,0,19000
4,5,69,1,4,,4,1,25000
10,19,69,1,14,7,2,2,45000
9,11,69,1,19,,0,3,20800
6,13,69,1,8,5,0,0,32200
1,15,70,1,12,1,0,0,22000
3,7,70,1,11,3,2,1,11000
8,18,70,1,17,6,2,2,18000
14,12,70,1,2,10,1,2,40000
2,20,71,1,7,2,3,1,20000
4,9,72,1,18,,1,2,20100
19,16,72,1,1,11,3,0,36000
17,14,73,1,12,,2,1,22000
15,10,73,1,,,1,1,10000
18,1,73,1,11,,1,0,18000
7,6,73,1,,,0,0,15000
5,3,73,1,8,4,1,1,25000
12,11,73,1,15,8,0,1,52300
20,8,74,1,19,,1,1,15000
13,2,74,1,3,9,7,0,56000
9,12,75,1,12,,1,2,14000
11,17,75,1,6,,1,0,88800
10,18,75,1,15,7,3,1,35600
16,15,76,1,6,,2,0,20000
1,20,76,1,1,1,1,2,22000
2,7,76,1,2,2,0,1,24000
3,4,76,1,16,3,1,0,11000
14,19,76,1,7,10,2,0,35000
8,13,76,1,9,6,1,3,20000
6,5,77,1,14,5,2,1,25000
20,10,78,1,17,,2,2,19000
13,1,78,1,,9,2,0,68000
17,12,78,1,18,,4,0,24200
7,8,79,1,,,3,1,15000
5,2,79,1,12,4,0,2,24000
4,6,79,1,11,,2,0,27000
3,9,79,1,13,3,1,1,11000
18,16,79,1,8,,1,1,18000
19,11,79,1,3,11,1,1,41000
15,14,80,1,4,,2,2,10000
9,17,81,1,7,,1,0,14000
11,15,81,1,2,,2,1,81900
10,13,81,1,6,7,1,2,53000
23,86,37,3,22,,5,2,59000
16,20,82,1,16,,1,0,20000
1,7,82,1,15,1,0,4,22000
8,5,82,1,11,6,2,1,16000
2,4,82,1,,2,2,0,24000
6,3,82,1,,5,0,1,16000
14,18,82,1,13,10,0,1,39000
12,19,82,1,19,8,0,1,44000
13,16,83,1,18,9,0,1,77000
15,12,83,1,,,2,4,12000
18,11,83,1,9,,0,1,20600
5,1,84,1,10,4,1,3,25500
4,8,84,1,12,,1,2,27000
3,2,84,1,15,3,3,1,10500
6,9,84,1,6,5,2,1,23000
19,17,84,1,17,11,3,1,36000
7,10,84,1,8,,2,3,18000
20,14,85,1,14,,1,3,13000
14,13,86,1,,10,0,3,38000
11,20,86,1,4,,3,1,83900
9,19,86,1,16,,2,2,16200
16,7,87,1,6,,1,0,21000
1,4,87,1,17,1,0,0,21000
8,3,87,1,1,6,1,1,15000
2,6,87,1,3,2,0,0,25000
10,5,87,1,7,7,3,0,49500
12,18,87,1,2,8,5,0,50000
17,15,88,1,13,,2,1,27500
15,19,89,1,6,,1,0,10000
2,9,89,1,,2,3,0,26000
20,12,89,1,6,,0,3,12000
13,11,89,1,2,9,1,1,80400
5,16,90,1,17,4,2,1,24000
3,1,90,1,18,3,2,1,11000
6,8,90,1,7,5,2,0,16000
7,14,90,1,11,,1,2,18500
4,10,90,1,14,,2,2,34000
18,17,91,1,16,,1,0,18000
12,13,92,1,3,8,3,6,46800
11,7,92,1,,,2,0,73300
14,5,92,1,8,10,2,1,39600
9,15,93,1,4,,2,0,13000
16,4,93,1,1,,1,0,21000
1,6,93,1,9,1,1,0,21000
8,2,93,1,14,6,1,2,15000
10,3,93,1,13,7,4,1,40000
19,18,93,1,12,11,3,2,41000
17,20,94,1,2,,1,0,29500
13,17,95,1,4,9,2,3,64000
5,11,95,1,6,4,2,1,25600
6,10,95,1,16,5,0,1,26000
3,16,96,1,7,3,0,0,12000
2,1,96,1,12,2,3,1,26500
8,9,96,1,,6,2,0,19000
20,19,96,1,1,,0,1,12000
18,15,96,1,,,2,1,19500
7,12,96,1,19,,1,0,18000
4,14,97,1,6,,2,1,35000
15,20,98,1,2,,2,0,16500
12,5,98,1,18,8,3,0,44000
14,3,98,1,9,10,3,2,36000
16,6,98,1,13,,2,2,22000
1,8,98,1,3,1,2,3,21000
10,2,98,1,17,7,0,3,50500
19,13,98,1,14,11,2,6,36400
9,18,99,1,11,,0,0,17500
11,4,99,1,8,,2,0,90000
17,7,99,1,15,,1,3,30000
6,14,100,1,14,5,2,1,33000
2,16,100,1,15,2,2,0,25000
24,97,43,3,23,,2,1,22000
8,10,100,1,18,6,2,1,18000
13,15,100,1,9,9,4,0,60000
20,18,101,1,13,,0,0,12000
5,17,101,1,7,4,2,1,25000
3,11,101,1,11,3,1,1,21500
4,12,101,1,,,2,2,22000
1,9,101,1,16,1,2,2,21000
7,19,101,1,2,,3,2,17900
20,9,102,1,3,,3,1,5000
18,13,102,1,12,,1,3,19500
15,7,102,1,14,,2,0,15000
19,5,102,1,16,11,3,1,30000
17,4,102,1,18,,1,0,34000
12,3,102,1,6,8,0,0,35000
11,6,102,1,,,0,0,79900
14,2,102,1,2,10,1,1,38500
16,8,102,1,4,,2,1,30000
10,1,102,1,15,7,2,1,45000
2,11,103,1,,2,1,3,21400
1,16,103,1,9,1,0,0,18000
13,20,103,1,17,9,8,1,72000
7,18,103,1,16,,1,0,19800
5,15,103,1,6,4,1,1,30000
25,34,104,4,24,,3,0,47100
4,19,103,1,12,,2,3,26000
3,17,103,1,8,3,1,2,20000
9,10,103,1,14,,3,4,23300
6,12,103,1,2,5,0,2,34000
8,14,103,1,7,6,1,2,15000
26,25,105,4,25,12,0,0,35900
27,41,105,4,26,13,3,0,36600
28,38,105,4,24,14,1,0,25900
29,44,105,4,27,15,0,4,16200
30,43,105,4,28,,0,0,20400
31,37,105,4,29,16,2,2,38400
32,39,105,4,30,17,2,1,27900
33,40,105,4,31,18,6,0,41600
34,36,106,4,32,19,1,1,44700
35,42,107,4,33,20,3,0,75200
36,44,108,4,34,21,6,0,60000
37,28,108,4,35,,2,1,21400
38,32,108,4,36,22,1,1,37800
39,26,108,4,33,,1,2,27200
40,31,108,4,37,23,1,0,23600
41,30,108,4,25,24,1,3,32500
29,33,108,4,26,15,0,6,14500
42,27,109,4,32,25,6,0,43500
43,35,109,4,38,26,2,2,25600
28,36,1,4,33,14,1,2,25100
44,43,1,4,35,27,2,2,15500
33,39,1,4,32,18,2,0,40900
26,29,1,4,24,12,0,1,35100
32,42,1,4,28,17,1,1,27700
35,41,1,4,31,20,3,0,75100
30,37,2,4,37,,2,2,18100
34,40,2,4,30,19,1,0,41200
31,25,2,4,26,16,1,0,38600
27,38,2,4,34,13,1,0,34700
38,35,4,4,32,22,3,3,36600
36,30,4,4,28,21,4,1,59900
43,32,4,4,24,26,2,1,25300
25,28,4,4,31,,1,1,44200
42,44,4,4,36,25,0,2,49600
40,26,4,4,39,23,1,1,23600
41,33,4,4,33,24,1,3,33000
29,31,4,4,25,15,1,1,15800
37,34,5,4,27,,0,0,27300
39,27,6,4,30,,2,1,27000
39,41,7,4,36,,1,1,27000
27,30,7,4,26,13,1,1,34700
28,43,7,4,29,14,1,1,23800
38,42,7,4,25,22,0,1,38000
26,32,7,4,34,12,3,1,35900
40,37,7,4,33,23,3,1,23100
31,36,7,4,24,16,1,1,39000
35,34,8,4,39,20,3,2,75200
29,25,8,4,30,15,0,2,15500
33,44,8,4,31,18,4,0,41800
25,33,13,4,25,,1,0,47200
36,40,13,4,35,21,2,3,60000
37,29,13,4,31,,0,0,22200
44,28,13,4,26,27,1,2,15900
43,38,13,4,39,26,0,0,25600
34,31,13,4,28,19,2,2,43600
41,26,13,4,32,24,1,0,34200
30,35,14,4,24,,2,2,23900
32,27,14,4,27,17,1,2,27500
42,39,14,4,34,25,1,2,41900
29,32,16,4,36,15,2,0,14000
37,38,16,4,24,,0,2,23100
39,28,16,4,39,,1,0,25500
26,27,16,4,31,12,2,1,35900
40,30,16,4,38,23,1,1,22800
41,43,16,4,25,24,1,1,34600
31,35,16,4,33,16,0,0,41700
25,42,17,4,32,,2,1,46100
34,44,17,4,34,19,1,2,43200
33,36,17,4,26,18,2,0,41800
36,37,18,4,32,21,2,1,60100
30,39,18,4,38,,2,1,23000
43,26,18,4,26,26,1,2,25600
35,40,18,4,34,20,2,2,75300
42,29,18,4,27,25,2,2,44400
32,41,18,4,31,17,1,1,28600
27,33,18,4,36,13,0,0,40100
38,34,19,4,39,22,2,0,40200
44,25,19,4,24,27,2,3,16100
28,31,20,4,30,14,0,0,21900
26,38,21,4,34,12,1,1,36000
37,44,21,4,29,,2,0,26900
33,32,21,4,30,18,2,0,41800
31,27,21,4,27,16,1,0,41500
40,43,21,4,37,23,2,1,25600
29,30,21,4,39,15,1,1,17100
41,42,21,4,33,24,1,2,34500
39,35,22,4,25,,1,2,27400
34,28,22,4,24,19,2,1,43300
25,36,22,4,31,,0,3,47400
36,41,24,4,34,21,1,0,60100
28,33,24,4,38,14,1,2,25800
38,39,24,4,30,22,1,0,35400
43,29,24,4,25,26,2,0,25400
32,25,24,4,26,17,2,1,26000
35,26,24,4,31,20,2,0,75200
27,37,25,4,39,13,0,0,40700
42,31,25,4,24,25,5,1,52000
30,34,25,4,32,,0,1,25200
44,40,26,4,35,27,2,1,15200
30,26,27,4,33,,4,2,20300
37,41,27,4,35,,2,2,26500
28,29,27,4,37,14,2,1,24400
44,38,27,4,25,27,2,2,16100
43,27,27,4,38,26,1,1,23700
35,32,27,4,24,20,2,1,75300
31,39,27,4,32,16,2,0,36500
36,42,28,4,26,21,0,1,60100
40,25,28,4,30,23,0,2,23000
34,33,28,4,39,19,2,0,44200
39,37,110,4,31,,3,2,26400
26,31,110,4,39,12,1,1,35800
41,40,111,4,26,24,2,2,33000
29,34,111,4,38,15,1,1,16800
32,36,111,4,27,17,0,2,27300
27,44,111,4,29,13,3,2,34300
33,43,111,4,32,18,1,0,41600
42,28,111,4,34,25,1,2,41100
38,30,111,4,24,22,1,1,31800
25,35,111,4,33,,0,0,47700
27,35,31,4,26,13,2,2,40100
25,37,31,4,34,,0,0,44300
42,43,31,4,30,25,0,0,44700
26,28,31,4,25,12,4,2,35700
41,44,31,4,37,24,0,0,31200
29,40,31,4,29,15,1,0,16100
32,30,31,4,38,17,2,3,27500
39,34,31,4,27,,2,0,27300
38,36,32,4,39,22,1,2,36300
33,31,32,4,33,18,0,3,41100
36,26,33,4,24,21,2,3,60100
37,33,33,4,27,,1,0,24400
44,32,33,4,31,27,2,1,15900
30,42,33,4,39,,5,1,22200
35,29,33,4,32,20,2,0,74200
40,39,33,4,33,23,0,3,24200
34,41,33,4,30,19,3,0,43000
28,27,34,4,35,14,2,0,21800
43,25,34,4,36,26,1,4,25700
31,38,35,4,38,16,2,2,37300
27,36,36,4,31,13,2,4,38500
30,44,36,4,26,,2,2,25900
38,40,36,4,36,22,1,4,35200
43,37,36,4,39,26,1,1,24400
35,28,36,4,30,20,7,1,74900
39,25,36,4,38,,1,1,27400
41,29,36,4,27,24,3,1,34200
32,31,36,4,34,17,3,2,25100
42,33,37,4,25,25,1,1,46500
26,34,37,4,32,12,2,1,36300
36,43,39,4,33,21,2,1,60000
37,26,39,4,37,,1,1,25800
28,32,39,4,39,14,3,0,22300
33,38,39,4,30,18,1,1,41600
25,30,39,4,25,,1,0,46900
29,39,39,4,34,15,2,2,15100
40,42,40,4,26,23,3,1,23500
31,41,40,4,32,16,1,0,36900
34,27,41,4,24,19,3,0,39100
44,35,112,4,38,27,2,3,15600
27,40,42,4,27,13,2,1,37000
38,29,42,4,35,22,0,0,32900
43,31,42,4,40,26,0,0,24500
39,44,42,4,29,,0,1,26900
41,25,42,4,24,24,1,3,32800
42,34,42,4,36,25,3,1,50100
30,28,43,4,31,,2,1,24500
32,37,43,4,32,17,1,0,25200
26,33,43,4,26,12,1,1,35800
35,36,44,4,39,20,1,0,75200
31,30,45,4,33,16,1,0,35100
28,41,45,4,26,14,1,1,21900
25,38,47,4,38,,1,2,45000
29,27,112,4,41,15,1,2,16000
34,43,113,4,30,19,1,0,40500
37,42,114,4,36,,0,2,28300
40,32,67,4,26,23,1,1,26200
44,26,115,4,33,27,3,1,16100
36,39,116,4,38,21,1,0,60000
33,35,72,4,32,18,2,1,41800
43,41,117,4,27,26,1,3,25300
28,39,117,4,34,14,0,2,25400
30,40,117,4,39,,2,0,23400
35,31,117,4,24,20,2,0,75300
42,25,117,4,33,25,1,3,51600
32,29,117,4,26,17,1,2,26900
27,26,117,4,32,13,1,2,39400
36,33,118,4,31,21,3,1,60100
44,34,119,4,35,27,2,1,16100
38,37,120,4,38,22,1,1,34000
25,27,121,4,35,,4,0,46700
39,43,121,4,37,,0,2,27000
31,44,121,4,25,16,0,2,42900
26,42,121,4,29,12,2,0,35900
40,28,121,4,24,23,1,3,24400
41,38,121,4,39,24,1,1,33400
37,35,121,4,36,,1,1,28200
33,30,122,4,34,18,1,0,41000
29,36,122,4,30,15,2,2,17000
34,32,122,4,38,19,0,1,41600
40,35,123,4,33,23,1,2,25500
34,30,123,4,37,19,2,1,35400
25,44,123,4,31,,1,0,47300
39,38,123,4,25,,2,0,27400
31,28,123,4,26,16,3,0,36200
26,43,123,4,34,12,1,0,35600
41,32,123,4,30,24,2,0,33500
37,36,123,4,38,,0,3,24300
33,27,48,4,36,18,3,3,41200
29,42,48,4,39,15,0,1,15300
44,37,124,4,41,27,1,2,14600
35,39,124,4,31,20,2,1,73400
43,40,124,4,32,26,3,0,23600
36,25,125,4,34,21,0,0,60100
32,33,125,4,27,17,1,0,26400
27,31,125,4,38,13,0,1,32600
42,41,125,4,26,25,5,0,42400
30,29,125,4,24,,1,1,18900
28,34,125,4,25,14,3,1,24500
38,26,125,4,30,22,2,1,34100
33,28,53,4,32,18,2,0,40800
25,32,53,4,36,,4,3,46700
39,30,53,4,35,,2,0,26800
40,44,53,4,28,23,3,2,25300
29,43,53,4,29,15,1,1,18800
41,36,53,4,25,24,0,3,32700
37,27,29,4,31,,1,1,22300
31,42,29,4,39,16,1,1,47900
34,38,29,4,24,19,2,2,44800
26,35,29,4,26,12,0,0,35800
32,34,55,4,32,17,0,3,28900
36,29,55,4,37,21,3,0,59600
44,31,55,4,36,27,1,2,16000
38,41,55,4,38,22,2,2,34200
43,39,55,4,28,26,2,0,23800
35,37,55,4,34,20,5,0,75300
42,26,55,4,27,25,1,1,51000
27,25,55,4,39,13,1,0,37300
28,40,56,4,31,14,2,0,24100
30,33,57,4,33,,0,4,22800
36,38,126,4,36,21,2,1,60000
31,33,126,4,27,16,2,4,37900
35,27,126,4,33,20,3,1,75300
40,29,126,4,24,23,2,2,25400
37,25,127,4,37,,2,2,24400
44,41,127,4,28,27,1,3,15100
30,32,127,4,38,,1,0,18900
28,26,127,4,25,14,0,1,23300
43,42,127,4,34,26,1,0,25600
34,39,127,4,29,19,2,0,40300
39,31,61,4,30,,3,2,26000
27,43,61,4,36,13,2,2,35900
38,44,61,4,37,22,5,3,38200
25,40,61,4,32,,3,0,46800
42,36,61,4,24,25,4,4,51600
26,30,61,4,31,12,2,1,36200
29,28,61,4,26,15,4,3,18600
32,35,61,4,35,17,2,1,28800
41,37,62,4,33,24,0,1,33000
33,34,62,4,25,18,0,1,41800
35,25,63,4,25,20,2,1,75300
36,32,63,4,33,21,2,0,60100
37,39,63,4,27,,1,0,23700
28,42,63,4,28,14,0,0,26800
44,27,63,4,39,27,1,1,16000
34,29,63,4,37,19,1,1,44600
40,41,63,4,36,23,3,3,23900
31,26,63,4,34,16,1,2,41000
30,38,64,4,30,,2,0,23000
43,33,65,4,26,26,0,0,25700
27,28,69,4,32,13,4,1,34300
38,31,69,4,28,22,2,0,37800
42,30,69,4,33,25,1,1,48100
29,35,69,4,31,15,0,4,18100
32,44,69,4,40,17,4,0,29100
41,34,70,4,27,24,3,1,34900
25,43,70,4,38,,1,1,43100
39,40,71,4,35,,1,1,25000
33,37,128,4,34,18,3,1,40800
26,36,128,4,32,12,3,3,36100
37,40,75,4,34,,1,3,27000
36,31,75,4,29,21,0,0,60100
30,27,75,4,37,,3,2,22500
43,28,75,4,31,26,3,2,25700
42,38,75,4,39,25,1,2,50100
41,39,75,4,25,24,3,0,33100
25,29,75,4,28,,1,0,44900
34,35,76,4,24,19,3,1,44800
32,26,76,4,27,17,3,3,28700
44,33,77,4,26,27,1,3,15600
26,41,81,4,26,12,0,0,36000
27,32,81,4,24,13,0,1,39000
28,44,81,4,39,14,2,2,27200
35,30,81,4,25,20,1,0,75500
39,42,81,4,36,,4,0,27500
40,36,81,4,28,23,2,2,25700
29,37,81,4,30,15,2,1,16400
38,43,81,4,35,22,2,1,33200
31,34,82,4,37,16,0,2,47200
33,25,82,4,33,18,2,0,41700
41,35,83,4,36,24,2,4,34500
37,30,83,4,35,,2,1,26100
38,27,83,4,34,22,2,2,37600
42,32,83,4,26,25,4,1,49900
39,33,83,4,38,,1,1,27500
40,34,83,4,32,23,2,1,26200
29,26,83,4,25,15,0,0,18600
36,28,83,4,24,21,0,0,60100
43,44,84,4,28,26,3,0,25700
25,31,84,4,39,,5,0,44200
32,38,86,4,24,17,0,3,28400
28,37,86,4,33,14,1,1,28400
30,41,86,4,30,,3,0,25900
33,29,86,4,39,18,1,0,40700
35,43,86,4,34,20,2,0,75300
31,40,86,4,38,16,2,3,41600
26,39,86,4,37,12,3,2,32700
44,36,87,4,36,27,1,3,16000
27,42,87,4,28,13,1,0,37100
34,25,88,4,27,19,3,0,44800
37,31,89,4,24,,2,0,28100
38,28,89,4,37,22,2,0,35900
40,33,89,4,30,23,1,3,25200
41,27,89,4,27,24,1,2,33000
44,29,89,4,38,27,1,3,16000
36,34,90,4,25,21,1,1,60000
42,35,129,4,30,25,0,0,49000
39,32,130,4,36,,3,0,27000
43,30,131,4,29,26,3,0,23200
25,26,100,4,26,,1,0,47000
35,38,92,4,38,20,1,0,75300
27,39,92,4,33,13,1,1,35200
44,42,92,4,32,27,1,1,16000
34,37,92,4,39,19,5,0,44700
31,29,92,4,30,16,4,2,39700
26,40,92,4,28,12,2,2,36200
32,43,92,4,35,17,1,1,28800
33,41,92,4,24,18,3,0,41700
30,36,93,4,34,,2,1,26900
28,25,94,4,25,14,0,1,23500
28,30,95,4,26,14,1,0,29000
44,39,95,4,31,27,0,0,16000
31,43,95,4,32,16,0,3,39600
40,27,95,4,24,23,2,1,25900
29,38,95,4,36,15,1,1,17100
33,26,95,4,25,18,2,1,41700
37,32,96,4,37,,1,1,26100
34,42,96,4,38,19,3,0,44900
36,35,96,4,33,21,1,0,60100
25,41,96,4,39,,2,1,44500
27,29,98,4,34,13,1,1,36300
30,31,98,4,37,,1,2,22600
38,25,98,4,24,22,2,1,37400
42,37,98,4,33,25,2,1,47400
41,28,98,4,38,24,1,1,33800
26,44,98,4,30,12,1,1,35600
32,40,99,4,,17,3,1,28500
39,36,99,4,27,,3,1,27500
35,33,99,4,39,20,2,1,74400
43,34,132,4,36,26,2,5,25700
28,35,133,4,24,14,1,1,29900
44,30,133,4,25,27,4,3,16000
31,32,133,4,34,16,1,3,41300
40,38,133,4,29,23,1,0,25800
33,42,102,4,36,18,2,2,41700
36,27,102,4,35,21,1,2,60000
37,43,102,4,38,,0,2,27800
34,26,102,4,39,19,0,2,44900
29,41,102,4,26,15,3,2,22000
25,39,134,4,30,,3,0,45100
27,34,135,4,30,13,1,0,42800
30,25,135,4,33,,0,2,26300
38,33,135,4,38,22,1,0,38700
43,36,135,4,32,26,2,2,25700
35,44,135,4,26,20,4,2,75400
42,40,135,4,27,25,3,3,51700
39,29,135,4,25,,0,1,27600
26,37,135,4,31,12,2,1,36100
41,31,135,4,29,24,0,3,32800
32,28,135,4,39,17,2,3,29000
45,57,136,5,42,,2,1,69000
46,56,108,5,43,28,4,1,30200
47,59,108,5,44,29,1,1,42200
48,54,108,5,45,,1,3,49200
49,60,108,5,46,,1,3,24000
50,58,108,5,47,30,2,1,37200
51,55,108,5,48,,2,1,57000
52,62,109,5,49,,2,0,20300
53,61,109,5,50,31,0,2,73300
54,45,137,5,50,32,2,0,49800
55,50,1,5,51,33,1,2,61300
56,48,1,5,52,34,4,2,35500
57,52,1,5,53,35,3,4,26100
58,51,1,5,54,36,1,3,51000
59,49,1,5,55,,1,2,36800
60,46,1,5,49,37,0,1,23800
61,47,2,5,48,,3,6,30200
62,53,2,5,44,38,1,3,40500
46,55,138,5,45,28,2,0,30200
53,57,4,5,47,31,2,0,73600
51,59,4,5,56,,1,1,54100
47,58,4,5,46,29,0,4,45300
49,62,4,5,53,,2,1,23000
50,61,4,5,,30,2,2,40900
45,56,4,5,57,,0,0,69000
52,54,5,5,42,,2,1,20300
48,60,5,5,58,,1,0,50000
58,49,139,5,43,36,0,1,40600
45,48,7,5,54,,0,0,69000
56,52,7,5,51,34,0,2,34000
62,47,7,5,56,38,7,0,39500
57,50,7,5,48,35,2,0,30000
54,46,7,5,44,32,2,2,44500
60,51,8,5,50,37,1,1,23800
55,53,8,5,49,33,1,3,60100
61,59,8,5,57,39,0,0,24000
52,48,10,5,,,2,0,20300
46,45,10,5,42,28,1,2,30200
50,56,10,5,45,30,4,1,43100
61,58,11,5,53,,2,1,23000
53,54,11,5,52,31,5,0,70100
51,57,11,5,43,,1,3,50200
47,60,11,5,47,29,1,2,41100
49,55,11,5,54,,1,2,24000
59,62,11,5,46,,2,1,37800
48,46,140,5,57,,1,1,45000
45,52,13,5,59,,1,2,69000
55,47,13,5,44,33,2,2,61700
62,61,13,5,50,38,1,4,38300
58,59,13,5,60,36,2,0,43100
60,53,13,5,48,37,1,3,24100
56,51,13,5,42,34,3,2,36300
57,49,14,5,51,35,2,1,26200
54,50,14,5,43,32,0,1,40100
50,60,141,5,56,30,0,1,49000
51,54,16,5,,,2,1,57000
52,46,16,5,47,,4,2,20300
47,57,16,5,58,29,1,1,40400
49,48,16,5,46,,3,2,22100
59,55,16,5,52,,2,1,48500
62,58,17,5,45,38,1,2,44000
53,45,17,5,50,31,2,0,80700
61,56,17,5,49,39,2,2,30200
48,53,142,5,43,,1,2,50000
45,50,18,5,52,,3,0,69000
55,62,18,5,50,33,2,2,61700
56,49,18,5,59,34,2,1,34500
52,51,18,5,45,,0,1,20300
60,59,18,5,44,37,3,2,24300
57,61,18,5,42,35,2,3,30000
54,58,19,5,54,32,0,3,49800
46,47,19,5,60,28,3,2,30200
51,45,143,5,49,,0,0,57000
58,55,21,5,57,36,0,0,51500
47,56,21,5,43,29,1,4,53500
49,54,21,5,47,,2,1,24000
50,48,21,5,53,30,2,1,44200
59,57,21,5,,,2,1,40100
53,46,22,5,48,31,1,1,80700
61,52,22,5,54,39,0,1,30200
62,60,22,5,55,38,2,0,40000
45,49,144,5,44,,4,2,69000
56,59,24,5,58,34,2,3,35500
57,62,24,5,56,35,2,0,29000
48,51,24,5,59,,3,2,50000
54,47,24,5,50,32,3,0,49200
60,58,24,5,52,37,1,3,24300
55,61,24,5,45,33,0,1,61700
52,53,25,5,60,,0,2,20300
46,50,25,5,49,28,4,0,28500
55,60,145,5,46,33,3,0,61700
51,46,27,5,43,,2,1,54200
58,57,27,5,53,36,3,1,43800
47,45,27,5,57,29,3,3,54100
49,52,27,5,48,,1,0,22400
59,48,27,5,51,,3,1,41800
50,53,28,5,45,30,0,4,49000
61,54,28,5,,39,3,1,29800
62,56,28,5,42,38,6,0,39500
53,51,146,5,47,31,2,0,80700
56,58,31,5,49,34,0,0,34000
57,55,31,5,48,35,2,2,30000
48,47,31,5,44,,0,4,50000
54,62,31,5,59,32,3,3,46900
60,61,31,5,60,37,0,1,24400
52,50,31,5,57,,0,1,20000
46,49,32,5,54,28,0,1,30200
45,59,32,5,42,,3,0,69000
55,56,33,5,57,33,4,0,61700
58,46,33,5,56,36,0,4,44300
47,52,33,5,59,29,2,3,45500
49,53,33,5,52,,1,2,24000
50,51,33,5,46,30,3,2,49000
59,54,33,5,55,,1,3,40700
61,45,33,5,50,39,1,1,30200
62,48,34,5,58,38,0,1,39500
60,57,34,5,51,37,1,1,24200
52,59,147,5,44,,3,0,20300
45,58,36,5,54,,4,1,69000
51,62,36,5,48,,4,2,53100
46,61,36,5,42,28,2,2,29300
50,49,36,5,53,30,3,0,34100
54,55,36,5,43,32,5,0,49500
53,47,36,5,49,31,4,1,79200
56,60,37,5,45,34,3,0,36400
48,57,37,5,,,1,1,43000
60,54,148,5,57,37,1,0,24300
62,46,39,5,46,38,1,1,36800
57,56,39,5,47,35,0,0,30000
58,52,39,5,50,36,2,1,51500
47,50,39,5,52,29,1,2,37200
49,51,39,5,55,,1,0,23900
55,45,39,5,44,33,2,0,61700
61,48,40,5,45,,3,2,30200
59,53,40,5,60,,0,2,48500
50,62,149,5,49,30,2,1,36300
45,60,42,5,59,,3,0,69000
51,61,42,5,54,,2,4,51200
46,59,42,5,61,28,1,1,30200
48,58,42,5,51,,1,0,45000
54,57,42,5,53,32,0,0,38200
53,56,42,5,50,31,2,0,80700
49,47,43,5,48,,3,0,22700
52,55,43,5,45,,0,1,20300
47,51,150,5,43,29,1,2,42300
59,50,45,5,,,3,1,33100
58,53,45,5,47,36,1,0,51500
57,46,45,5,57,35,2,2,24500
55,48,45,5,48,33,3,0,61700
56,54,45,5,60,34,1,2,36000
60,52,45,5,53,37,2,4,24200
61,49,46,5,61,39,2,2,22400
62,45,46,5,42,38,3,5,40500
61,53,151,5,44,,1,3,30200
60,49,53,5,56,37,2,2,24100
59,47,53,5,59,,0,1,37500
57,45,53,5,49,35,1,1,30000
62,52,53,5,60,38,1,0,33500
56,46,53,5,54,34,2,1,34300
55,51,53,5,57,33,0,1,61700
58,50,29,5,42,36,0,3,39300
54,48,29,5,,32,1,1,42300
51,58,152,5,48,,1,0,50200
52,57,55,5,43,,0,1,18900
53,62,55,5,45,31,1,1,80700
45,54,55,5,51,,5,1,69000
49,59,55,5,52,,1,1,20000
50,55,55,5,46,30,0,1,49000
48,56,55,5,53,,3,0,45100
47,61,56,5,50,29,1,3,36700
46,60,56,5,58,28,2,2,29300
61,50,153,5,49,39,2,0,28000
60,48,58,5,45,37,3,0,24400
59,51,58,5,55,,2,0,36200
57,53,58,5,57,35,0,3,30000
56,45,58,5,42,34,1,3,40500
55,46,58,5,47,33,0,1,60600
54,52,58,5,48,32,0,1,46600
62,49,59,5,46,38,0,1,38600
58,47,59,5,44,36,0,1,43700
53,55,154,5,60,31,0,0,80700
59,61,61,5,57,,1,0,33100
50,57,61,5,,30,1,0,37200
48,45,61,5,54,,3,2,50000
46,54,61,5,53,28,3,2,30200
52,56,61,5,51,,1,1,20300
47,62,61,5,42,29,2,3,39100
49,58,62,5,50,,0,0,21900
51,60,155,5,43,,0,1,57000
60,47,63,5,48,37,3,1,24500
58,61,63,5,,36,0,3,42600
57,51,63,5,52,35,0,1,30000
62,59,63,5,49,38,1,4,38000
55,49,63,5,55,33,1,0,60400
45,46,63,5,44,,4,0,69000
54,53,63,5,50,,1,1,49800
48,52,64,5,47,,4,2,44000
56,50,64,5,45,34,1,1,39500
59,58,156,5,42,,3,0,35000
50,54,66,5,54,30,3,0,35400
49,57,66,5,62,,2,1,19200
46,48,66,5,51,28,1,1,30000
51,56,66,5,50,,4,0,54100
53,60,66,5,53,31,2,0,80700
52,45,66,5,57,,1,3,20300
61,62,67,5,60,39,4,2,28900
47,55,67,5,43,29,2,1,51600
57,47,157,5,46,35,2,1,28800
60,50,69,5,44,37,0,1,24500
54,51,69,5,45,32,1,1,45700
48,49,69,5,58,,1,0,45500
46,52,69,5,,28,1,2,29000
55,59,69,5,52,33,1,1,61400
45,53,69,5,49,,1,3,69000
58,62,70,5,48,36,0,2,47400
56,61,70,5,47,34,2,2,37500
53,48,158,5,43,31,1,0,80700
59,60,75,5,56,,5,0,45100
50,45,75,5,46,30,3,1,49000
58,54,75,5,60,36,0,0,49400
62,55,75,5,45,38,1,0,39000
47,46,75,5,50,29,2,0,35400
61,57,75,5,54,39,3,0,28100
49,56,76,5,57,,1,3,24000
51,52,76,5,59,,2,4,49500
48,50,159,5,48,,4,0,46500
54,49,78,5,53,32,2,1,41000
46,53,78,5,46,28,1,0,30200
57,59,78,5,,35,1,2,27300
45,51,78,5,60,,6,0,69000
55,58,78,5,51,33,2,1,61700
56,47,78,5,49,34,1,1,40500
52,61,79,5,44,,0,1,20300
60,62,79,5,42,37,1,2,24100
47,54,160,5,57,29,0,1,47700
59,56,81,5,60,,1,3,48500
50,46,81,5,61,30,2,0,47200
49,45,81,5,44,,1,2,24000
58,60,81,5,43,36,2,1,50500
51,48,81,5,62,,6,2,57000
53,52,81,5,45,31,1,1,80700
61,55,82,5,48,39,2,0,30200
62,57,82,5,49,38,1,1,39000
60,55,161,5,47,37,0,2,24500
54,61,83,5,52,32,0,1,46000
52,49,83,5,51,,1,1,20300
53,50,83,5,49,31,4,1,80700
56,62,83,5,43,34,1,1,40500
45,47,83,5,58,,1,0,69000
46,51,83,5,55,28,0,0,30200
48,59,84,5,50,,1,0,49000
57,58,84,5,42,35,1,1,29100
58,56,162,5,50,36,1,1,51500
59,45,86,5,57,,1,1,48600
50,52,86,5,42,30,2,0,48000
49,46,86,5,48,,3,2,24000
51,53,86,5,44,,1,1,57000
55,57,86,5,53,33,1,0,61700
62,54,86,5,47,38,2,4,39000
47,48,87,5,60,29,5,1,53000
61,60,87,5,46,39,2,1,30200
52,47,163,5,47,,1,0,20300
54,59,89,5,,32,0,2,49800
48,62,89,5,53,,1,3,50000
46,58,89,5,60,28,1,0,30200
57,60,89,5,45,35,2,2,30000
51,50,89,5,58,,0,0,57000
56,55,89,5,57,34,1,1,40500
45,61,90,5,49,,5,1,69000
53,49,90,5,54,31,3,0,87000
49,50,164,5,56,,1,3,24000
60,56,92,5,60,37,1,3,24500
58,45,92,5,46,36,1,1,51500
55,54,92,5,52,33,0,1,61700
61,46,92,5,50,39,2,1,29300
62,51,92,5,42,38,3,0,39000
47,53,92,5,48,29,1,0,54100
57,48,93,5,43,35,4,1,30000
59,52,93,5,49,,0,0,48500
54,60,165,5,43,32,2,0,49800
56,57,165,5,49,34,0,1,40000
50,47,95,5,52,30,0,1,48800
48,61,95,5,47,,2,0,50000
46,62,95,5,45,28,1,2,30200
52,58,95,5,48,,3,0,20300
53,59,95,5,51,31,2,0,80700
51,49,95,5,,,0,2,53000
45,55,95,5,44,,4,1,69000
59,46,98,5,44,,1,2,48600
47,49,98,5,60,29,2,0,49100
58,48,98,5,45,36,0,2,51500
56,53,98,5,43,34,2,0,40600
55,52,98,5,59,33,1,3,60300
61,51,98,5,55,39,1,1,30200
62,50,98,5,54,38,2,1,39000
57,54,98,5,57,35,1,2,30000
60,45,98,5,42,37,1,8,24500
54,56,133,5,62,32,3,2,49800
49,61,133,5,54,,0,1,24000
45,62,133,5,50,,2,1,69000
46,57,133,5,42,28,1,3,30200
50,59,133,5,57,30,3,1,49000
53,58,133,5,44,31,3,1,80700
51,47,133,5,49,,1,1,57000
52,60,133,5,,,2,1,20300
48,55,133,5,51,,2,1,50000
63,74,166,2,63,40,2,2,13000
64,75,166,2,20,41,1,2,31400
65,81,166,2,64,,0,0,35300
66,80,166,2,65,42,1,2,55800
67,77,166,2,66,,0,0,7800
68,76,166,2,67,43,3,1,25400
69,21,166,2,68,,1,1,21400
70,78,166,2,69,,2,1,10400
71,73,166,2,70,,2,0,14700
72,79,167,2,71,44,1,0,21900
73,63,105,2,72,45,1,1,12900
74,67,105,2,73,,1,2,15800
75,69,105,2,65,46,0,3,14500
76,70,105,2,74,,3,2,24000
77,66,105,2,68,47,3,2,15400
78,64,105,2,75,,0,1,10900
79,71,106,2,76,48,1,2,31600
80,65,106,2,67,49,3,2,19100
21,68,106,2,77,,0,0,15800
81,72,168,2,78,50,0,0,8900
64,81,108,2,66,41,2,2,32900
65,73,108,2,78,,1,0,33500
66,74,108,2,20,42,2,0,53400
67,75,108,2,71,,1,1,7700
69,76,108,2,70,,0,0,24700
71,78,108,2,64,,2,1,16200
63,77,108,2,69,40,1,1,8000
72,80,109,2,79,44,0,0,16700
70,21,109,2,63,,0,0,11400
68,79,109,2,80,43,1,2,30100
78,69,1,2,78,,0,1,9400
74,65,1,2,77,,2,0,14800
75,71,1,2,73,46,0,2,14300
76,64,1,2,72,,3,1,27500
77,72,1,2,75,47,0,1,11100
80,73,1,2,74,49,0,2,15500
21,67,2,2,67,,1,1,14000
81,63,2,2,76,50,2,0,6700
70,68,2,2,20,,3,1,12200
79,66,2,2,81,48,1,1,32800
63,80,4,2,82,40,1,1,9000
65,77,4,2,63,,1,1,37000
72,75,4,2,80,44,1,2,14400
68,78,4,2,68,43,4,0,19000
69,70,4,2,83,,2,1,17500
71,76,4,2,69,,0,1,19300
64,21,4,2,81,41,1,4,36800
73,74,5,2,66,45,0,0,16000
67,79,5,2,65,,2,1,10300
66,81,5,2,79,42,2,2,49400
74,80,7,2,70,,0,1,15500
81,71,7,2,77,50,0,0,6100
75,73,7,2,84,46,0,2,14200
76,72,7,2,76,,3,0,30400
70,67,7,2,72,,4,0,9700
77,64,7,2,73,47,1,1,13700
78,66,7,2,71,,0,3,15000
68,69,8,2,74,43,0,0,28600
79,65,8,2,64,48,2,0,29900
63,75,13,2,75,40,2,2,7700
80,79,13,2,78,49,0,0,15000
74,81,13,2,83,,2,1,16000
66,70,13,2,66,42,2,1,49900
72,78,13,2,65,44,3,1,13700
67,69,13,2,79,,1,2,7600
65,76,13,2,80,,0,1,39000
73,77,14,2,67,45,1,0,11500
71,21,14,2,82,,1,1,15100
64,68,14,2,63,41,0,2,28700
78,63,16,2,79,,0,4,12500
79,74,16,2,73,48,1,0,23900
81,73,16,2,68,50,0,1,5400
75,65,16,2,71,46,2,3,17300
70,64,16,2,70,,3,0,11100
77,80,16,2,72,47,2,1,10500
76,66,16,2,82,,1,1,35000
21,72,17,2,74,,3,1,15200
68,67,17,2,84,43,0,0,22600
69,71,17,2,20,,3,1,21700
63,79,18,2,83,40,0,1,10300
73,78,18,2,81,45,0,0,12400
80,81,18,2,75,49,0,0,16300
66,75,18,2,73,42,1,0,48300
72,70,18,2,63,44,2,0,14000
71,68,18,2,64,,0,2,20400
64,69,19,2,85,41,0,0,30200
74,77,19,2,69,51,2,1,14600
67,76,19,2,67,,2,1,9300
65,21,19,2,77,,3,1,35000
79,73,21,2,74,48,0,2,26500
64,67,21,2,82,41,1,0,29400
81,77,21,2,86,50,0,2,5100
75,74,21,2,83,46,1,0,14600
69,72,21,2,68,,0,1,22700
76,80,21,2,20,,1,1,31700
70,71,21,2,80,,1,3,11200
78,65,22,2,72,,1,1,11500
68,63,22,2,66,43,2,3,27500
21,66,22,2,76,,1,3,17300
63,67,24,2,68,40,2,0,9300
73,76,24,2,63,45,2,0,16000
80,75,24,2,64,49,2,3,14100
74,78,24,2,84,,2,0,15800
65,70,24,2,78,,2,1,34000
71,64,24,2,75,,1,1,16600
77,21,25,2,83,47,1,1,12400
72,68,25,2,71,44,1,1,20000
81,79,169,2,79,50,2,2,5100
66,69,170,2,20,42,0,0,50100
78,80,27,2,69,,3,2,7400
79,77,27,2,84,48,1,1,21700
76,74,27,2,76,,1,2,27900
70,63,27,2,67,,1,1,11000
69,65,27,2,66,,1,1,28400
64,72,28,2,64,41,2,0,30500
21,73,28,2,78,,3,1,16200
75,81,28,2,80,46,0,4,14800
67,71,28,2,73,,2,0,7600
68,66,28,2,79,43,2,1,40200
79,75,31,2,75,48,2,1,22000
73,70,31,2,76,45,1,1,16000
66,64,31,2,72,42,1,1,50100
81,78,31,2,20,50,0,0,5200
72,71,31,2,81,44,1,0,15200
80,21,31,2,63,49,2,5,15000
63,69,32,2,71,40,2,1,10000
74,68,32,2,65,,1,1,15400
65,67,32,2,64,,1,0,36700
77,76,170,2,78,47,1,1,10900
75,77,33,2,68,46,2,0,14100
68,80,33,2,74,43,2,1,26200
69,73,33,2,80,,2,1,28900
76,63,33,2,73,,1,1,21800
70,74,33,2,69,,2,0,9300
71,66,33,2,66,,0,1,30300
67,72,33,2,79,,0,1,6800
78,79,34,2,77,,2,4,9300
21,81,34,2,82,,2,1,13600
64,65,34,2,67,41,1,3,32500
74,69,36,2,70,,2,0,15400
66,72,36,2,65,42,4,0,51200
81,67,36,2,81,50,1,1,9100
75,76,36,2,63,46,1,1,14400
77,78,36,2,71,47,3,0,9900
79,21,36,2,76,48,1,1,26100
63,71,37,2,72,40,1,2,10300
80,70,37,2,83,49,0,3,13400
65,68,37,2,77,,2,2,35000
73,64,171,2,84,45,4,1,14500
78,75,39,2,64,,1,1,7300
64,63,39,2,68,41,1,1,21100
69,81,39,2,67,,1,0,20800
70,77,39,2,73,,2,1,9200
71,80,39,2,79,,1,0,30300
72,65,39,2,82,44,1,2,19000
21,74,40,2,74,,6,3,14400
67,66,40,2,71,,1,0,12400
68,73,40,2,66,43,3,1,28100
76,79,40,2,80,,2,2,18000
78,21,42,2,84,,0,1,8000
73,72,42,2,20,45,0,0,11900
80,67,42,2,80,49,0,0,12400
74,64,42,2,83,,3,0,15300
75,70,42,2,72,46,1,0,13400
77,68,42,2,63,47,1,2,11100
63,66,42,2,77,40,1,1,21300
65,71,43,2,76,,2,0,32500
81,76,43,2,75,50,0,2,6700
79,69,43,2,78,48,0,0,20000
72,63,45,2,66,44,1,1,14800
67,73,45,2,67,,1,1,9200
69,77,45,2,77,,1,0,20100
76,78,45,2,79,,2,0,21900
71,74,45,2,68,,3,0,26000
68,81,45,2,64,43,2,2,32800
70,79,46,2,81,,1,1,12000
66,65,46,2,74,42,1,1,54300
21,75,172,2,65,,3,0,16100
64,80,55,2,82,41,2,0,33600
74,72,173,2,,,0,0,
78,67,174,2,75,,0,0,9100
73,66,174,2,76,45,0,0,15300
80,69,174,2,84,49,1,0,14500
21,76,174,2,71,,1,1,16800
65,63,174,2,20,,1,1,38800
81,70,174,2,70,50,2,1,5000
75,68,174,2,80,46,2,0,17800
77,71,174,2,83,47,2,1,9900
79,64,174,2,63,48,2,2,24000
63,81,53,2,79,40,1,1,9300
73,80,53,2,81,45,1,3,11900
64,76,53,2,74,41,2,1,32300
65,74,53,2,72,,3,0,32700
72,77,53,2,64,44,2,1,13600
67,21,53,2,73,,0,2,7000
68,70,53,2,83,43,2,1,28200
69,78,53,2,69,,4,0,19900
71,75,53,2,77,,1,0,12100
66,79,29,2,82,42,2,1,48100
78,68,58,2,84,,1,2,8600
80,63,58,2,75,49,2,0,13200
74,73,58,2,70,,2,0,15500
76,71,58,2,78,,2,1,19100
70,69,58,2,65,,5,1,11900
77,65,58,2,68,47,2,1,11100
21,64,58,2,63,,1,0,17500
79,67,59,2,83,48,2,0,20000
75,72,59,2,76,46,1,2,13500
81,66,59,2,71,50,0,0,11000
73,75,61,2,72,45,2,1,13000
80,74,61,2,74,49,0,2,13400
64,77,61,2,80,41,1,1,32300
66,78,61,2,63,42,1,0,47700
72,76,61,2,75,44,1,2,18000
67,70,61,2,20,,1,0,7000
69,68,61,2,66,,1,0,26000
63,21,62,2,67,40,1,1,10900
71,81,62,2,69,,2,0,24700
65,79,62,2,79,,0,0,35000
78,72,63,2,82,,0,0,8500
79,80,63,2,71,48,1,2,21900
81,74,63,2,76,50,3,1,4900
75,63,63,2,84,46,3,1,14100
68,64,63,2,70,43,0,0,33000
70,66,63,2,73,,1,2,19900
76,65,63,2,64,,1,4,34700
69,67,64,2,68,,2,0,18400
77,73,64,2,78,47,3,0,10700
21,71,64,2,83,,2,0,15900
65,75,156,2,67,,4,0,32000
63,78,66,2,77,40,1,1,10300
73,81,66,2,68,45,2,0,13300
80,77,66,2,69,49,2,2,13700
64,70,66,2,75,41,2,3,30300
66,76,66,2,20,42,2,1,53500
74,79,66,2,80,,5,1,15500
72,21,67,2,81,44,1,0,16900
67,68,67,2,64,,0,3,8700
71,69,67,2,72,,1,2,21400
78,73,69,2,69,,1,1,7400
81,80,69,2,64,50,2,2,5100
69,64,69,2,76,,2,0,22700
76,67,69,2,84,,0,2,19800
70,72,69,2,74,,0,0,12100
77,74,69,2,67,47,0,0,10400
79,63,69,2,63,48,3,0,23000
75,66,70,2,79,46,1,2,20000
68,71,70,2,73,43,2,1,29900
21,65,70,2,66,,1,1,17200
80,76,75,2,87,49,1,0,17200
74,75,75,2,88,,0,0,16100
72,69,75,2,,44,0,1,15200
67,64,75,2,89,,0,0,8200
71,70,75,2,90,,0,1,14100
77,81,75,2,91,47,0,1,11900
63,68,75,2,92,40,1,0,12000
73,79,76,2,93,45,1,3,14000
65,78,76,2,94,,5,0,36800
66,21,76,2,95,42,1,2,53000
69,66,159,2,74,,0,2,29000
78,74,78,2,73,,3,3,7400
64,71,78,2,82,41,0,1,29500
75,80,78,2,83,46,2,0,16200
67,63,78,2,78,,1,0,7600
76,73,78,2,79,,2,0,20700
70,65,78,2,69,,0,2,17900
79,81,79,2,66,48,0,1,26700
21,77,79,2,64,,2,1,17100
68,72,79,2,20,43,2,2,23700
63,70,81,2,67,40,2,0,16200
73,21,81,2,84,45,1,2,13400
74,76,81,2,63,,0,0,16000
72,64,81,2,68,44,1,4,14600
71,67,81,2,75,,1,1,12600
77,79,81,2,77,47,2,2,11100
65,69,81,2,80,,1,1,35500
80,78,82,2,76,49,2,0,14700
81,75,82,2,70,50,0,1,5500
66,68,82,2,82,42,2,1,52800
78,81,83,2,81,,0,2,9200
21,80,83,2,69,,3,1,16900
75,79,83,2,74,46,0,0,19000
68,74,83,2,77,43,0,0,27200
69,63,83,2,79,,0,0,27700
70,73,83,2,71,,2,1,11000
71,72,83,2,83,,0,1,12100
67,65,84,2,82,,2,2,8900
76,77,84,2,66,,1,1,24700
64,66,84,2,78,41,0,1,40900
63,76,86,2,80,40,2,2,17300
79,78,86,2,75,48,0,0,24100
80,68,86,2,68,49,1,2,19000
74,70,86,2,70,,1,1,15100
81,21,86,2,67,50,1,0,8000
77,75,86,2,76,47,1,1,10600
73,69,86,2,73,45,2,0,15100
66,71,87,2,64,42,2,2,50700
72,67,87,2,65,44,1,1,14200
65,64,87,2,20,,3,0,34400
64,73,89,2,83,41,1,1,30700
67,81,89,2,74,,3,2,9000
69,74,89,2,65,,1,2,28300
76,75,89,2,69,,2,1,24300
70,80,89,2,82,,3,2,11300
71,63,89,2,63,,0,1,35500
21,79,89,2,78,,1,1,17100
78,77,90,2,71,,0,1,7700
72,66,90,2,79,44,1,2,25100
68,65,90,2,66,43,1,0,40100
63,64,93,2,65,40,1,1,13000
79,76,93,2,73,48,2,0,29700
73,68,93,2,81,45,2,2,14600
80,71,93,2,70,49,1,1,15800
81,69,93,2,77,50,1,0,6600
75,78,93,2,82,46,0,0,18900
77,70,93,2,75,47,1,1,12200
74,21,93,2,68,,1,1,16300
65,72,131,2,76,,3,2,34800
66,67,131,2,66,42,4,2,49600
64,74,95,2,67,41,2,3,31600
21,78,95,2,70,,5,0,17000
69,79,95,2,83,,0,0,22000
70,75,95,2,80,,1,0,14100
68,77,95,2,69,43,3,1,29200
66,63,96,2,76,42,1,1,53600
72,73,96,2,74,44,0,0,13900
67,80,96,2,71,,0,4,7900
71,65,96,2,77,,2,0,20800
76,81,96,2,79,,1,1,23700
78,76,98,2,68,,0,1,10500
63,72,98,2,81,40,1,0,13000
79,70,98,2,76,48,0,4,24100
73,67,98,2,20,45,0,0,14300
80,64,98,2,64,49,1,1,20300
74,71,98,2,73,,0,0,15700
81,68,98,2,80,50,1,1,9300
75,21,98,2,65,46,0,1,18000
77,69,99,2,63,47,2,0,11400
65,66,99,2,79,,3,2,39500
68,75,100,2,67,43,2,2,27700
76,21,100,2,77,,1,2,22200
63,65,101,2,78,40,4,0,12000
64,79,101,2,82,41,1,0,28200
72,74,101,2,69,44,3,1,14000
67,78,101,2,80,,3,2,7500
69,80,101,2,66,,1,1,20000
70,81,101,2,83,,3,0,14500
71,77,101,2,20,,0,0,17500
66,73,101,2,71,42,3,0,46300
78,71,102,2,75,,1,0,7600
80,72,102,2,63,49,2,0,15500
81,64,102,2,76,50,1,1,6400
75,67,102,2,79,46,3,0,19400
76,69,102,2,70,,1,2,22600
77,63,102,2,73,47,1,1,12100
74,66,102,2,81,,2,2,17000
73,65,175,2,80,45,1,1,14000
79,68,176,2,66,48,1,0,25600
21,70,176,2,78,,1,0,16800
63,73,103,2,69,40,0,1,11900
64,78,103,2,65,41,0,1,28700
65,80,103,2,76,,0,0,37000
66,77,103,2,82,42,2,2,52900
72,81,103,2,68,44,0,1,18000
67,74,103,2,83,,2,0,10400
68,21,103,2,64,43,2,2,40400
69,75,103,2,77,,0,2,24300
70,76,103,2,71,,2,1,19900
71,79,103,2,63,,2,0,18400
78,70,177,2,73,,1,3,7900
79,72,177,2,81,48,2,0,21000
73,71,177,2,79,45,0,2,14500
80,66,177,2,80,49,2,2,20500
21,69,177,2,20,,3,2,17100
74,63,177,2,67,,1,2,15800
81,65,177,2,66,50,0,2,11100
75,64,177,2,72,46,4,0,19000
76,68,177,2,78,,1,1,25900
77,67,177,2,76,47,2,1,15200
82,95,1,3,96,,0,1,15000
22,92,1,3,97,,0,0,41000
83,24,2,3,98,52,1,0,30000
84,94,2,3,99,53,2,1,11000
85,96,2,3,100,,4,0,42000
23,92,172,3,101,,3,2,60000
86,93,2,3,102,54,2,0,17000
87,97,2,3,103,,2,0,21500
88,91,2,3,104,55,0,0,24000
89,98,2,3,21,56,1,1,25000
90,23,3,3,105,57,0,0,17000
23,82,4,3,106,,2,1,54000
91,22,4,3,107,58,5,1,15000
92,85,4,3,101,,2,0,23000
93,88,5,3,23,59,3,2,27000
24,87,5,3,108,,3,3,23000
94,86,5,3,109,60,2,1,15000
95,84,5,3,110,,1,3,27000
96,89,5,3,111,61,1,0,40000
97,90,5,3,22,,3,1,33000
98,83,5,3,112,62,2,2,22000
89,97,7,3,102,56,1,2,20900
85,94,7,3,104,,1,1,22600
83,91,8,3,21,52,0,0,26000
82,24,8,3,99,,0,4,15000
84,93,8,3,97,53,0,1,11000
88,23,8,3,103,55,1,2,25000
92,96,8,3,96,,1,0,23000
22,90,8,3,100,,2,2,30000
86,95,8,3,113,54,1,1,17000
87,98,8,3,105,,1,2,22400
90,82,11,3,107,57,2,1,20000
96,86,11,3,106,61,1,1,9000
95,89,11,3,23,,1,1,26000
93,22,11,3,101,59,2,1,6000
97,85,11,3,98,,1,1,31000
94,92,11,3,112,60,2,0,15000
23,83,11,3,114,,4,0,55000
98,84,11,3,22,62,1,3,44000
91,87,11,3,110,58,0,0,16000
24,88,12,3,111,,1,3,23000
85,95,13,3,105,,1,0,41900
22,23,13,3,104,,1,0,40000
92,98,14,3,102,,1,4,19000
87,82,14,3,21,,0,0,24000
94,90,14,3,97,60,1,1,15000
89,86,14,3,103,56,2,0,21100
84,97,14,3,100,53,0,1,11000
88,96,14,3,99,55,2,2,25000
83,93,14,3,115,52,2,1,26000
24,91,14,3,106,,4,2,19600
82,92,16,3,113,,1,0,15000
86,85,16,3,111,54,0,1,19600
96,94,17,3,110,61,1,0,7300
90,87,17,3,116,57,1,1,45000
89,88,17,3,108,56,1,2,22800
98,22,17,3,23,62,2,0,45000
95,83,17,3,22,,2,1,26000
84,91,17,3,112,53,0,0,12000
97,93,17,3,107,,1,0,32000
23,24,17,3,98,,0,0,55000
85,84,18,3,21,,3,1,41000
22,95,18,3,102,,2,1,30000
91,23,19,3,23,58,0,1,13000
87,89,19,3,106,,2,1,24000
94,98,19,3,99,60,1,1,15000
92,86,19,3,104,,1,1,18000
88,90,19,3,105,55,4,1,24000
24,96,19,3,97,,4,0,22000
93,82,19,3,103,59,0,1,9000
83,97,19,3,96,52,0,2,26000
89,83,21,3,104,56,2,1,23900
86,22,22,3,98,54,0,0,17000
95,94,22,3,101,,1,0,25000
82,88,22,3,22,,2,1,14000
84,92,22,3,117,53,2,1,12000
96,93,22,3,100,61,2,1,8000
97,91,22,3,114,,2,1,31000
90,24,22,3,112,57,0,0,20000
23,87,22,3,111,,1,1,57000
98,85,23,3,113,62,1,2,45000
95,23,144,3,98,,0,1,30000
85,24,24,3,96,,1,2,80000
88,97,25,3,102,55,0,1,29000
92,87,25,3,107,,0,1,14800
93,98,25,3,105,59,0,1,8000
91,90,25,3,99,58,2,0,14000
83,82,25,3,110,52,0,2,26000
86,84,25,3,23,54,0,0,13600
94,89,25,3,113,60,0,0,15000
90,96,27,3,111,57,2,0,15000
23,93,27,3,97,,1,1,45000
89,84,28,3,101,56,1,0,21200
98,86,28,3,114,62,2,0,45000
87,94,28,3,22,,0,0,24000
82,91,28,3,118,,1,1,14000
24,92,28,3,103,,3,1,20500
97,22,28,3,104,,0,2,50000
83,85,28,3,99,52,2,3,35800
88,95,28,3,106,55,1,0,25000
84,83,111,3,21,53,0,0,12000
95,90,111,3,107,,1,0,25000
85,88,111,3,98,,3,1,44000
22,89,111,3,99,,3,2,41000
96,23,111,3,105,61,1,1,7500
92,97,111,3,111,,1,0,16000
91,98,111,3,96,58,0,1,14000
93,24,111,3,102,59,1,1,8000
94,82,111,3,112,60,1,0,15000
86,87,178,3,100,54,1,0,17000
89,92,31,3,22,56,1,0,26000
24,22,31,3,113,,1,1,25000
97,98,32,3,99,,2,0,32000
90,93,32,3,110,57,1,0,22000
82,96,32,3,114,,4,0,16000
83,86,32,3,106,52,0,1,26000
87,84,32,3,119,,0,0,24000
91,95,32,3,103,58,0,1,16000
88,94,32,3,105,55,3,1,25500
23,85,32,3,23,,0,1,79600
22,82,33,3,111,,2,0,40000
85,89,33,3,102,,1,0,44000
95,24,34,3,104,,0,2,25000
86,97,34,3,113,54,1,1,17000
84,23,34,3,96,53,2,1,11000
93,91,34,3,107,59,1,2,10000
96,87,34,3,97,61,2,3,8000
94,83,34,3,101,60,1,0,15000
92,88,34,3,112,,1,2,16000
98,90,34,3,21,62,4,1,45000
87,85,36,3,114,,1,1,30000
24,89,36,3,105,,1,1,22000
93,95,37,3,98,59,0,0,9500
82,98,37,3,103,,3,1,14000
91,96,37,3,112,58,3,2,14000
97,94,37,3,97,,1,1,32000
83,92,37,3,23,52,1,1,26000
88,22,37,3,106,55,3,1,30000
90,84,179,3,115,57,2,1,8000
97,23,148,3,111,,3,1,32000
84,22,39,3,113,53,2,2,12000
85,93,39,3,21,,3,0,44000
87,83,40,3,110,,3,0,24000
89,91,40,3,100,56,1,0,26000
92,90,40,3,99,,0,2,16000
86,82,40,3,107,54,2,1,17000
96,95,40,3,101,61,1,3,8500
94,24,40,3,102,60,1,3,15000
98,88,41,3,104,62,1,0,44000
82,89,42,3,112,,2,1,14000
88,86,42,3,97,55,3,1,25000
95,98,42,3,106,,0,1,25000
90,85,43,3,96,57,0,3,25000
93,87,43,3,22,59,1,0,9500
96,84,43,3,98,61,3,2,8000
91,94,43,3,109,58,3,0,14000
22,83,43,3,103,,1,0,39000
92,91,45,3,114,,1,0,16000
85,22,45,3,102,,0,1,44000
97,82,46,3,21,,3,2,25000
98,96,46,3,107,62,1,0,40000
84,24,46,3,99,53,1,1,12000
94,93,46,3,111,60,1,0,15000
86,90,46,3,101,54,0,0,16000
83,88,46,3,113,52,1,1,25000
87,95,155,3,104,,0,1,35000
89,23,155,3,102,56,1,2,25000
24,86,180,3,112,,1,4,22000
95,97,180,3,103,,0,0,25000
91,85,180,3,113,58,0,1,23000
93,92,180,3,98,59,1,2,9500
96,83,180,3,23,61,0,1,8000
90,89,180,3,22,57,1,1,20000
88,87,180,3,107,55,3,0,26000
82,84,180,3,97,,2,0,14000
22,94,180,3,106,,4,2,39000
23,98,180,3,96,,3,1,60500
87,22,51,3,96,,2,1,24000
86,91,51,3,120,54,1,2,16000
84,88,51,3,100,53,0,0,12000
89,93,51,3,114,56,3,2,26000
92,95,51,3,21,,0,0,15000
94,23,51,3,102,60,1,2,15000
85,82,51,3,105,,4,4,45000
83,90,51,3,101,52,0,2,25000
97,96,51,3,110,,1,2,31000
98,24,51,3,104,62,3,0,45000
98,89,53,3,98,62,0,0,46000
23,90,53,3,97,,4,1,60000
91,88,29,3,23,58,3,1,14000
92,22,29,3,22,,0,1,15000
95,82,29,3,115,,2,4,25000
24,83,29,3,106,,2,1,18900
93,86,29,3,99,59,2,0,9000
97,87,29,3,113,,1,0,32100
94,84,29,3,107,60,1,1,15000
96,85,29,3,112,61,1,1,9000
88,93,55,3,21,55,1,0,26000
86,94,55,3,100,54,2,0,16000
22,91,55,3,97,,3,0,40000
82,23,56,3,104,,3,1,14000
89,96,56,3,121,56,1,1,20300
83,98,56,3,114,52,0,2,22000
84,95,56,3,102,53,0,0,11000
90,97,56,3,96,57,3,1,20000
87,24,56,3,105,,0,0,24000
85,92,56,3,103,,2,0,45000
97,89,58,3,112,,2,0,32000
94,85,58,3,23,60,0,2,15000
93,84,59,3,106,59,0,3,8500
91,83,59,3,111,58,2,1,14000
96,92,59,3,99,61,1,1,9500
95,86,59,3,110,,3,1,24000
98,87,59,3,96,62,4,0,46000
23,88,59,3,113,,3,2,58000
24,82,59,3,22,,1,2,22000
90,22,116,3,98,57,0,1,19000
85,97,126,3,102,,0,0,45000
89,95,127,3,107,56,1,0,20100
87,91,127,3,100,,0,1,24000
22,93,127,3,112,,1,1,39000
82,90,127,3,117,,1,1,14000
88,24,127,3,104,55,2,1,26000
92,94,127,3,21,,1,1,15000
84,98,127,3,111,53,2,0,11000
86,96,127,3,101,54,0,1,16000
83,23,181,3,103,52,0,3,22000
82,87,61,3,110,,2,0,14000
91,24,61,3,96,58,1,3,14000
90,94,62,3,98,57,1,0,20000
98,92,62,3,107,62,2,0,44000
93,83,62,3,113,59,2,0,8000
96,88,62,3,106,61,2,4,9000
95,85,62,3,114,,1,1,24000
86,89,62,3,97,54,1,1,16000
97,84,62,3,116,,1,1,31000
23,22,62,3,23,,5,3,57000
85,86,63,3,112,,4,0,46100
22,98,63,3,99,,0,2,39000
88,89,64,3,101,55,2,4,26000
92,82,64,3,111,,0,3,15000
87,90,64,3,21,,3,1,24000
94,96,64,3,103,60,3,2,15000
93,97,64,3,22,59,0,2,8000
91,84,64,3,118,58,4,1,14000
83,95,64,3,100,52,0,0,23000
24,23,64,3,105,,1,0,21000
90,88,66,3,112,57,1,0,20000
23,91,66,3,107,,1,0,57000
96,24,67,3,114,61,2,0,20400
89,87,67,3,113,56,0,0,25000
95,22,67,3,111,,4,3,24000
84,85,67,3,98,53,1,2,29400
82,93,67,3,99,,0,0,14000
97,83,67,3,110,,1,0,31000
86,92,67,3,23,54,2,2,16000
98,94,67,3,97,62,1,0,43000
24,90,69,3,103,,0,2,22000
94,95,70,3,22,60,2,1,15000
22,86,70,3,106,,2,2,9900
88,82,70,3,100,55,0,7,26000
93,96,70,3,104,59,2,2,7500
91,97,70,3,101,58,1,0,13000
83,89,70,3,115,52,1,1,21000
92,84,70,3,105,,1,0,15000
87,23,70,3,21,,0,2,24000
85,98,71,3,96,,3,0,46000
96,22,158,3,102,61,1,2,10000
24,85,75,3,113,,0,1,25000
87,92,76,3,110,,2,3,24000
89,94,76,3,107,56,3,0,25000
98,93,76,3,114,62,0,0,43000
23,95,76,3,101,,5,2,58000
90,91,76,3,122,57,2,2,19000
82,83,76,3,121,,1,0,16000
84,86,76,3,111,53,0,0,12000
97,88,76,3,97,,2,0,32000
93,23,159,3,96,59,1,1,7500
92,24,78,3,99,,2,2,15000
85,83,79,3,106,,1,1,48000
84,89,79,3,112,53,0,1,12000
96,90,79,3,100,61,0,1,10000
95,88,79,3,103,,1,0,24000
91,82,79,3,98,58,0,4,13000
59,57,182,5,,,1,3,39300
94,87,79,3,113,60,1,0,14000
22,97,79,3,23,,2,0,37000
86,98,79,3,104,54,1,3,15000
97,92,81,3,22,,1,0,20000
88,85,81,3,23,55,1,0,29000
89,22,82,3,114,56,2,2,24000
90,95,82,3,117,57,1,1,19000
23,96,82,3,111,,1,0,59000
24,93,82,3,107,,2,1,22000
87,86,82,3,105,,0,1,24000
82,94,82,3,101,,2,0,14000
83,84,82,3,21,52,1,2,21000
98,91,82,3,102,62,2,1,43000
93,90,83,3,103,59,3,1,9000
85,23,83,3,113,,3,0,79000
98,97,84,3,98,62,4,3,60200
86,83,84,3,110,54,1,2,15000
92,89,84,3,97,,2,2,16000
96,82,84,3,112,61,2,0,10000
95,91,84,3,123,,0,1,24000
84,87,84,3,106,53,0,0,12500
94,88,84,3,104,60,4,0,14000
22,24,84,3,96,,0,2,36000
23,84,86,3,22,,2,0,52000
82,22,86,3,102,,1,2,14000
24,95,87,3,115,,3,2,22000
97,86,87,3,114,,2,0,30000
91,93,87,3,99,58,1,1,10000
90,98,87,3,111,57,0,2,19000
88,92,87,3,100,55,2,2,25000
83,94,87,3,105,52,1,1,25000
87,96,87,3,23,,1,2,26600
89,85,87,3,104,56,1,2,24000
22,88,89,3,103,,2,3,35000
86,23,89,3,96,54,2,0,15000
85,87,89,3,107,,3,0,51000
94,97,90,3,113,60,1,4,13000
96,91,90,3,98,61,3,3,10000
95,93,90,3,106,,3,0,24000
89,24,90,3,111,56,0,0,24000
84,90,90,3,97,53,2,0,12000
92,83,90,3,124,,1,0,16000
98,82,90,3,23,62,1,2,56800
22,84,92,3,110,,1,0,35000
91,89,92,3,117,58,1,2,12000
95,96,92,3,101,,4,2,23000
90,92,92,3,22,57,0,2,20000
83,87,92,3,21,52,0,1,19000
23,97,92,3,104,,2,1,60000
88,98,92,3,102,55,2,1,25000
82,86,92,3,105,,0,2,15000
93,85,92,3,114,59,0,1,9000
24,94,92,3,99,,2,2,22000
92,23,95,3,105,,1,2,16000
98,95,95,3,97,62,1,0,46000
84,96,96,3,113,53,1,0,12000
86,88,96,3,107,54,3,1,15000
85,90,96,3,112,,1,0,74100
87,93,96,3,96,,3,3,24000
94,91,96,3,100,60,2,0,13000
89,82,96,3,106,56,5,2,24000
83,22,96,3,101,52,2,3,19000
97,24,97,3,114,,0,1,55000
88,83,98,3,119,55,2,1,25000
22,85,98,3,104,,0,0,50000
96,98,99,3,105,61,2,1,10000
93,94,99,3,111,59,1,2,9500
91,92,99,3,103,58,0,2,13000
23,89,99,3,98,,3,1,25000
90,86,99,3,99,57,0,0,19000
82,97,99,3,113,,2,1,15000
95,87,99,3,23,,2,1,23000
24,84,132,3,21,,2,2,22000
97,95,133,3,102,,4,2,27200
85,91,133,3,125,,4,1,52000
89,90,102,3,22,56,1,1,24000
92,93,102,3,107,,1,0,16000
94,22,102,3,23,60,2,1,13000
86,24,102,3,100,54,1,0,15000
87,88,102,3,114,,1,2,24000
83,96,102,3,104,52,0,2,19000
84,82,102,3,96,53,0,2,12000
98,23,102,3,112,62,1,1,65000
95,92,135,3,126,,3,2,24000
23,94,135,3,110,,3,1,58000
93,89,135,3,127,59,2,2,9500
90,83,135,3,128,57,0,4,19000
88,84,135,3,129,55,1,3,24000
91,86,135,3,130,58,1,1,12000
24,98,135,3,113,,2,2,22000
82,85,135,3,23,,0,0,15000
22,87,135,3,98,,3,1,33000
96,97,135,3,96,61,2,4,10000
8,15,183,1,18,6,1,2,10000
4,101,183,1,131,,3,0,26000
5,10,183,1,2,4,0,4,24600
99,19,183,1,10,63,1,1,40000
7,12,184,1,6,,1,1,17400
100,9,184,1,15,,0,1,9000
2,11,184,1,12,2,1,4,30000
3,17,184,1,8,3,0,0,12000
13,14,184,1,14,9,4,1,
18,16,185,1,7,,3,0,
16,5,186,1,11,,1,2,21000
12,8,186,1,13,8,4,3,35000
101,99,186,1,3,64,0,1,15000
10,7,187,1,4,7,0,0,40000
14,100,187,1,6,10,1,1,36000
9,4,187,1,132,,1,0,14000
15,3,187,1,17,,1,1,10000
17,13,187,1,2,,0,6,32100
19,2,187,1,,11,2,1,34000
11,18,188,1,16,,5,0,75100
5,11,189,1,14,4,2,2,30400
18,19,189,1,6,,2,2,20000
13,15,189,1,,9,4,2,76000
12,10,189,1,18,8,1,0,50000
99,9,190,1,131,63,1,0,43000
8,3,190,1,12,6,0,0,15000
7,16,190,1,8,,2,1,15800
100,17,190,1,7,,0,0,15000
4,14,190,1,10,,2,1,21200
2,101,191,1,15,2,4,0,25000
16,12,192,1,,,0,1,20000
101,18,192,1,13,64,1,0,15000
9,2,192,1,3,,0,1,13000
11,7,192,1,2,,8,0,70500
19,5,192,1,6,11,1,0,35000
15,100,193,1,132,,0,1,12000
17,4,193,1,11,,2,1,23000
10,8,193,1,17,7,4,0,48000
3,13,193,1,16,3,1,0,21500
14,99,193,1,4,10,2,3,38000
7,19,194,1,131,,0,0,18000
5,101,194,1,7,4,1,0,25000
18,9,194,1,18,,2,0,20000
100,3,195,1,,,1,2,14000
2,14,195,1,6,2,1,0,21000
10,16,195,1,15,7,4,0,49900
8,13,195,1,8,6,0,0,18900
12,11,195,1,19,8,2,2,52300
4,15,196,1,12,,1,0,26000
99,17,196,1,14,,4,3,45000
19,12,197,1,2,11,1,0,41000
14,18,197,1,17,10,1,1,37000
13,100,197,1,11,9,6,2,65000
11,10,197,1,,,5,0,83200
9,5,198,1,4,,2,1,17000
21,109,199,2,133,,1,1,16700
3,4,198,1,3,3,3,1,12000
101,7,198,1,6,64,1,1,15000
16,8,198,1,132,,0,0,22000
17,2,198,1,13,,0,0,23000
15,99,200,1,16,,1,0,8000
7,9,201,1,19,,2,2,15000
18,17,201,1,131,,2,2,17000
8,100,201,1,14,6,1,1,14000
12,101,201,1,15,8,1,0,36000
2,15,201,1,7,2,3,2,27000
5,14,202,1,8,4,1,2,29000
99,3,202,1,18,,0,1,35000
10,19,202,1,12,7,0,0,51000
16,11,202,1,,,0,1,23200
4,13,202,1,6,,0,4,36000
9,12,203,1,11,,1,1,14000
13,99,203,1,,9,4,1,76000
15,18,203,1,6,,0,0,8000
11,8,203,1,4,,3,0,82200
101,10,203,1,16,64,0,0,15800
100,4,204,1,17,,0,1,9500
17,5,204,1,132,,2,0,22000
3,2,204,1,2,3,3,0,18000
18,100,205,1,16,,2,0,11000
19,16,204,1,3,11,2,1,41000
14,7,206,1,13,10,3,1,39000
8,4,207,1,16,6,0,1,11000
16,101,207,1,17,,2,0,22000
2,13,207,1,14,2,0,4,28500
11,19,207,1,15,,0,0,82700
99,100,208,1,12,,0,2,39000
5,15,208,1,13,4,0,0,23000
7,17,208,1,18,,3,0,16000
10,9,208,1,8,7,1,1,45000
12,14,208,1,,8,1,1,48000
18,3,208,1,,,0,3,19500
101,11,209,1,2,64,0,1,15400
19,8,209,1,7,11,2,2,35000
15,7,210,1,11,,2,2,10000
17,12,210,1,10,,0,1,28000
3,5,210,1,17,3,3,2,12000
100,2,210,1,4,,2,0,11000
9,16,210,1,131,,1,2,13000
13,18,210,1,3,9,3,0,60000
4,99,211,1,6,,1,0,26000
14,10,211,1,6,10,3,0,32000
12,15,205,1,8,8,3,1,24000
11,9,205,1,132,,5,0,80600
5,13,205,1,12,4,0,1,28800
16,14,212,1,5,,1,1,23000
7,3,212,1,15,,2,0,16000
8,99,212,1,,6,1,0,14000
10,17,212,1,13,7,3,1,48000
2,4,212,1,,2,2,1,18000
19,101,213,1,14,11,1,2,38000
9,19,199,1,6,,0,0,14000
99,2,199,1,6,,0,0,41000
3,12,199,1,131,3,0,2,21500
13,7,214,1,7,9,7,1,80000
101,8,214,1,19,64,0,0,21000
17,16,214,1,4,,2,2,23000
100,5,214,1,2,,4,0,10000
4,18,214,1,8,,0,0,29500
14,11,214,1,11,10,2,2,38500
15,10,214,1,3,,3,2,14000
18,99,215,1,2,,1,0,18000
11,17,215,1,12,,4,0,69100
12,13,215,1,6,8,2,3,52300
5,4,216,1,131,4,0,0,25000
16,15,216,1,16,,2,1,22000
7,100,216,1,17,,0,0,16000
19,14,216,1,4,11,1,2,36000
10,3,216,1,132,7,3,2,40000
8,2,217,1,15,6,1,3,10400
101,9,218,1,,64,2,2,
100,12,219,1,13,,1,2,15000
13,10,219,1,14,9,4,1,80000
15,11,219,1,6,,1,0,13600
99,5,220,1,7,,2,3,37000
3,16,220,1,11,3,4,0,12000
9,8,220,1,8,,2,1,14500
4,7,220,1,18,,1,2,27000
14,101,220,1,12,10,0,1,37000
17,19,220,1,3,,0,1,24000
2,18,221,1,19,2,2,1,27500
16,13,222,1,15,,0,3,24000
8,18,222,1,132,6,1,0,10500
11,3,222,1,6,,5,0,79400
12,4,222,1,19,8,2,1,44000
10,100,223,1,,7,3,1,45000
5,2,223,1,16,4,3,2,25000
7,99,223,1,4,,2,1,16000
9,14,223,1,2,,1,1,15000
101,17,223,1,,64,1,0,13500
19,15,224,1,17,11,3,0,30000
3,19,225,1,7,3,1,0,16000
99,12,225,1,3,,2,1,39000
13,11,225,1,8,9,1,3,80400
100,16,226,1,14,,1,3,11000
15,101,226,1,18,,1,0,10000
18,5,226,1,12,,1,1,17000
2,7,226,1,13,2,1,1,26000
17,9,226,1,6,,0,1,23000
14,8,226,1,131,10,1,1,34500
4,10,226,1,11,,4,2,32000
11,100,227,1,3,,4,0,68100
16,4,228,1,4,,1,2,22000
9,15,228,1,15,,1,2,11000
14,17,228,1,132,10,2,1,37500
19,13,228,1,,11,2,6,41000
10,99,229,1,18,7,0,2,32000
101,3,229,1,131,64,2,1,21000
7,18,229,1,,,2,1,16000
8,5,229,1,19,6,0,0,15000
12,2,229,1,17,8,2,0,40000
5,7,230,1,6,4,0,0,25800
3,9,230,1,12,3,0,0,10600
8,17,230,1,11,6,1,0,10000
13,101,230,1,2,9,5,1,78000
2,10,230,1,6,2,0,0,30000
100,19,231,1,18,,2,1,10100
15,14,231,1,7,,0,0,11000
18,12,231,1,8,,2,2,18000
99,16,231,1,13,,2,0,35000
4,11,231,1,16,,1,1,
101,100,232,1,4,64,1,2,22500
19,4,232,1,6,11,0,0,30000
17,15,232,1,14,,1,1,28000
9,13,232,1,132,,1,2,19500
12,5,232,1,13,8,0,1,41300
10,18,233,1,16,7,3,0,48000
7,8,233,1,,,0,2,9500
14,3,233,1,10,10,3,0,
16,2,233,1,131,,2,1,
11,99,233,1,17,,4,2,
15,8,234,1,12,,1,1,
101,4,234,1,14,64,2,1,
16,18,234,1,131,,2,3,29000
10,5,235,1,17,7,1,1,40000
9,100,235,1,4,,1,0,8800
17,3,235,1,13,,1,0,30000
19,99,235,1,,11,1,2,45000
11,2,235,1,16,,4,1,67900
12,7,235,1,18,8,4,0,35000
14,13,235,1,6,10,0,3,
4,9,236,1,17,,1,0,19700
100,14,236,1,11,,2,3,12500
13,17,236,1,15,9,3,1,67000
18,11,236,1,6,,0,0,22000
99,101,237,1,16,,1,2,37000
3,15,237,1,6,3,1,2,14000
5,16,237,1,18,4,5,1,16000
8,12,237,1,7,6,2,2,11500
2,19,237,1,2,2,2,1,
7,10,238,1,132,,0,1,15000
3,8,239,1,,3,1,1,7700
9,99,239,1,19,,1,0,5000
14,4,239,1,8,10,3,3,34000
15,13,239,1,4,,0,1,13000
11,5,239,1,,,2,1,52600
16,7,240,1,3,,1,1,15000
19,18,240,1,131,11,1,2,45000
17,100,240,1,13,,1,2,
10,12,240,1,12,7,0,0,
101,2,241,1,14,64,2,1,
8,10,242,1,13,6,0,0,12300
7,11,242,1,11,,3,2,17300
99,14,242,1,6,,2,1,35000
4,17,243,1,2,,0,2,29300
2,9,243,1,4,2,3,1,24500
100,15,243,1,7,,2,0,11000
12,16,243,1,132,8,4,0,45000
18,101,243,1,3,,3,1,21000
13,3,243,1,12,9,4,2,67000
5,19,244,1,17,4,2,0,19000
15,4,245,1,14,,1,1,10000
13,8,245,1,18,9,4,0,76000
19,7,245,1,19,11,2,0,34500
101,5,246,1,6,64,4,1,22500
14,2,246,1,,10,3,0,38000
9,18,246,1,7,,4,0,
16,10,246,1,8,,1,1,
3,100,246,1,15,3,3,5,
11,12,246,1,16,,5,1,
17,99,247,1,131,,0,2,
8,16,248,1,4,6,1,1,15900
99,15,248,1,2,,1,1,42200
2,17,248,1,16,2,5,1,28000
4,3,248,1,131,,1,2,19500
18,14,249,1,17,,2,2,18000
100,13,249,1,8,,0,1,14000
5,9,249,1,11,4,1,0,
7,101,249,1,13,,2,1,
12,19,249,1,6,8,1,2,
10,11,249,1,3,7,1,2,
9,7,250,1,,,1,1,12500
15,2,250,1,12,,1,3,9000
100,8,250,1,132,,4,2,10200
11,16,250,1,19,,3,1,72400
19,10,250,1,7,11,1,1,45000
17,18,251,1,18,,2,1,15000
14,5,251,1,14,10,2,0,38500
101,12,251,1,15,64,0,1,
13,4,251,1,6,9,5,0,77000
3,99,252,1,13,3,3,1,
2,3,253,1,17,2,1,0,28000
5,17,253,1,19,4,3,0,23500
16,19,253,1,13,,1,0,25000
99,13,253,1,15,,2,3,50700
4,100,254,1,6,,5,1,26100
10,101,254,1,14,7,2,0,52000
12,9,254,1,2,8,2,2,35000
8,11,254,1,131,6,0,2,18900
7,14,254,1,7,,2,1,
18,15,255,1,132,,1,2,18000
101,16,182,1,3,64,2,1,22500
17,7,182,1,11,,1,1,22000
15,5,182,1,8,,1,0,7500
19,11,182,1,18,11,0,2,45000
100,99,182,1,12,,3,0,9000
3,18,256,1,,3,1,0,12200
9,10,256,1,16,,2,1,14700
14,12,256,1,6,10,0,3,
13,2,256,1,4,9,1,1,75000
4,8,257,1,10,,3,1,
7,15,258,1,3,,0,0,14100
11,101,258,1,6,,5,3,62400
16,9,259,1,132,,2,3,19500
10,14,259,1,13,7,2,1,32000
12,17,259,1,131,8,1,2,29500
5,3,259,1,7,4,1,3,20700
18,13,259,1,11,,1,1,21000
8,19,260,1,,6,0,3,14000
99,4,260,1,17,63,1,1,35000
2,100,260,1,14,2,4,2,
9,11,261,1,4,,0,2,22300
13,5,261,1,16,9,5,1,77000
15,12,261,1,13,,3,1,8000
17,10,262,1,12,,1,0,29700
3,7,262,1,131,3,0,2,11200
4,2,262,1,,,1,2,23000
14,16,262,1,17,10,1,1,36000
100,18,262,1,3,,0,2,9700
99,8,262,1,7,,1,1,34000
101,19,263,1,2,64,0,3,
8,101,264,1,4,6,0,1,16000
16,17,264,1,6,,1,2,28000
7,13,264,1,2,,1,5,18200
11,14,264,1,14,,2,0,88200
2,99,264,1,6,2,0,2,30000
10,15,265,1,11,7,3,0,48000
12,3,265,1,8,8,1,1,45000
5,100,265,1,132,4,4,0,
18,4,265,1,18,,0,0,
19,9,266,1,3,11,3,1,
15,16,267,1,6,,2,0,6500
100,7,267,1,13,,6,0,14000
4,5,267,1,2,,2,2,20100
17,11,267,1,16,,1,4,26000
99,18,267,1,19,,3,1,30000
3,10,268,1,17,3,2,0,11400
9,101,268,1,,,0,0,12800
14,19,268,1,7,10,1,0,37000
13,12,268,1,,9,0,0,76000
2,8,269,1,134,2,3,0,30000
7,4,270,1,19,,2,0,
5,99,270,1,14,4,1,1,21000
11,15,270,1,18,,4,0,76000
101,14,271,1,12,64,2,2,22500
16,3,271,1,3,,3,2,13000
12,100,271,1,11,8,4,1,40000
10,13,271,1,,7,1,4,54000
18,2,272,1,7,,2,1,14000
8,9,272,1,8,6,0,3,12000
19,17,272,1,6,11,3,0,32000
13,16,273,1,132,9,3,1,72000
3,11,273,1,6,3,1,2,23000
4,12,274,1,17,,4,0,24200
17,101,274,1,3,,1,0,30000
99,7,274,1,4,,1,0,35000
2,5,274,1,18,2,1,1,22000
18,8,274,1,,,1,1,15000
14,9,274,1,13,10,1,0,38000
100,10,274,1,14,,0,1,11300
15,19,275,1,16,,5,1,7000
9,17,276,1,7,,1,0,12300
16,100,276,1,17,,2,1,22000
11,13,276,1,12,,1,2,99300
19,3,276,1,19,11,1,1,30000
101,15,277,1,4,64,1,0,22500
5,18,277,1,8,4,1,1,23000
8,14,277,1,132,6,0,1,12200
10,4,277,1,,7,3,1,49000
12,99,277,1,2,8,4,0,35000
7,2,278,1,,,1,1,
15,9,279,1,11,,1,3,8000
3,101,279,1,15,3,3,1,24500
4,16,279,1,4,,0,3,20600
5,8,279,1,13,4,3,0,22000
18,7,279,1,16,,1,1,18000
13,19,280,1,14,9,3,0,72000
17,14,280,1,17,,2,0,30000
2,12,280,1,6,2,1,0,
99,10,280,1,6,,2,2,
100,11,280,1,,,0,7,
17,8,281,1,11,,2,1,34000
14,15,281,1,18,10,0,0,36000
9,3,281,1,17,,1,0,15000
101,13,281,1,,64,1,2,22000
19,100,281,1,16,11,5,2,25000
11,4,281,1,6,,4,0,89000
16,99,281,1,19,,2,1,21000
10,2,281,1,2,7,2,1,40000
12,18,281,1,,8,1,0,35500
7,5,281,1,6,,1,0,17400
5,12,282,1,132,4,1,0,27000
99,11,282,1,4,63,2,2,45000
15,17,283,1,6,,0,2,10000
3,14,283,1,,3,3,0,25000
13,9,283,1,18,9,4,1,80000
100,101,283,1,12,,1,0,15500
4,19,283,1,2,,1,1,10000
2,16,283,1,,2,1,0,27000
18,10,283,1,13,,0,1,23000
8,7,283,1,7,6,2,4,8000
28,32,284,4,37,14,1,2,22000
43,27,284,4,36,26,0,0,25700
34,31,284,4,24,19,1,1,45000
102,30,284,4,32,65,0,4,15200
29,104,284,4,28,15,1,1,17500
42,36,284,4,38,25,0,0,46900
39,33,285,4,27,,0,0,27400
40,35,285,4,34,23,1,2,25400
25,103,286,4,26,66,4,0,46800
26,38,287,4,32,12,2,0,36100
31,42,288,4,39,16,0,1,47800
36,34,288,4,32,21,0,2,60100
27,28,288,4,28,13,3,1,32300
38,102,288,4,37,22,0,1,35000
103,29,288,4,24,,0,0,19000
33,40,288,4,36,18,2,1,41100
104,39,289,4,40,67,1,1,26300
32,43,289,4,26,17,2,0,22700
30,25,289,4,34,,2,3,24300
35,26,290,4,30,20,3,0,75500
27,32,186,4,32,13,0,0,30800
29,102,186,4,35,15,2,0,17200
28,38,186,4,36,14,0,1,22800
33,104,186,4,34,18,3,1,41800
103,31,186,4,27,,0,0,19900
34,30,186,4,30,19,3,1,44700
42,43,187,4,37,25,2,1,42700
26,25,187,4,24,12,1,5,36200
40,39,187,4,26,23,0,1,22900
35,36,187,4,39,20,8,2,75400
36,103,189,4,28,21,1,0,60100
38,27,189,4,35,22,2,2,32700
25,29,189,4,32,66,3,0,46500
39,34,189,4,31,,1,0,27600
31,33,189,4,30,16,1,2,36700
32,26,189,4,38,17,0,2,25300
30,35,189,4,25,,0,5,25900
104,40,190,4,27,67,0,1,26200
43,28,190,4,39,26,1,1,24900
102,42,191,4,24,65,0,0,16200
28,36,192,4,25,14,4,3,22600
27,42,192,4,40,13,1,1,34200
30,104,192,4,39,,1,2,21200
38,29,192,4,38,22,3,1,31600
103,40,192,4,32,,3,0,20300
32,102,192,4,29,17,0,3,24200
26,34,193,4,34,12,4,0,35000
43,25,193,4,31,26,2,2,24800
31,39,193,4,37,16,4,0,32300
35,33,193,4,24,20,3,1,75500
25,38,197,4,39,66,2,0,47300
36,30,197,4,31,21,3,0,59700
33,103,197,4,26,18,4,1,41800
34,32,197,4,37,19,2,1,44900
42,28,197,4,32,25,3,1,46200
40,43,197,4,28,23,0,0,23800
29,26,197,4,41,15,1,2,18800
39,35,197,4,38,,1,1,27600
102,27,198,4,35,65,1,1,16700
104,31,200,4,33,67,2,1,26100
38,34,201,4,32,22,0,2,39500
27,29,201,4,31,13,2,0,30700
28,25,201,4,24,14,0,4,24800
35,104,201,4,28,20,2,0,75500
31,40,201,4,36,16,2,2,34800
32,42,201,4,27,17,1,2,26600
30,33,202,4,38,,1,5,24700
43,102,202,4,25,26,6,0,23800
103,39,202,4,34,,2,0,19500
26,36,202,4,26,12,2,1,35000
34,35,203,4,25,19,1,1,45100
25,27,203,4,29,66,4,1,47000
104,103,203,4,41,67,3,1,26600
102,28,203,4,31,65,1,1,16500
39,43,203,4,32,,2,0,26900
29,30,203,4,26,15,1,3,17300
33,38,203,4,34,18,3,1,41800
40,32,204,4,33,23,2,0,24900
36,31,204,4,39,21,2,1,60100
42,26,204,4,30,25,2,2,46400
32,103,207,4,35,17,2,2,25200
27,40,207,4,24,13,1,2,34200
30,31,207,4,34,,0,2,24300
42,29,207,4,40,25,1,0,48300
34,104,207,4,38,19,1,1,44900
36,39,208,4,36,21,3,1,59700
43,38,208,4,30,26,1,3,25600
35,25,208,4,31,20,1,6,75500
28,26,208,4,28,14,1,2,22800
102,33,208,4,33,65,1,0,18100
38,35,205,4,27,22,0,1,35500
33,36,205,4,25,18,3,5,41800
25,32,205,4,28,66,3,1,47100
104,28,205,4,29,67,3,3,26400
31,27,205,4,33,16,2,2,37100
103,30,205,4,31,,3,1,19500
29,43,205,4,34,15,0,2,15800
40,34,205,4,36,23,0,2,25500
26,102,212,4,39,12,3,1,36100
39,42,213,4,26,,1,3,26600
42,38,199,4,25,25,2,1,50700
36,40,199,4,35,21,3,0,60100
27,104,199,4,37,13,3,2,35300
28,33,199,4,26,14,0,1,22000
34,103,199,4,24,19,0,0,45000
35,31,199,4,36,20,1,0,75600
102,25,199,4,32,65,2,3,18100
32,29,214,4,30,17,3,1,23500
30,39,214,4,39,,5,0,20000
43,26,214,4,38,26,1,3,25700
104,36,215,4,24,67,1,2,26800
38,32,215,4,41,22,2,1,34000
25,42,215,4,33,66,3,1,47400
39,102,215,4,34,,2,3,27600
31,43,215,4,29,16,0,0,37700
40,30,215,4,40,23,2,1,26200
29,28,215,4,25,15,3,3,17400
103,35,215,4,26,,0,1,20300
33,34,216,4,30,18,1,2,41800
26,27,217,4,27,12,2,0,35800
39,28,219,4,27,,3,1,26700
30,38,219,4,35,,0,2,24100
33,32,219,4,36,18,3,0,41600
35,42,219,4,34,20,1,1,75600
104,102,219,4,31,67,2,1,26800
31,29,219,4,37,16,1,2,37900
40,26,219,4,30,23,1,3,24800
36,43,219,4,26,21,1,1,60000
103,27,220,4,40,,0,0,20400
34,25,220,4,32,19,1,1,45100
42,33,222,4,26,25,0,3,52300
28,103,222,4,33,14,4,2,23100
25,104,222,4,39,66,5,1,47200
102,40,222,4,32,65,1,1,17300
26,30,222,4,28,12,3,0,35900
29,36,222,4,31,15,0,4,19300
27,35,222,4,30,13,0,1,40100
38,39,223,4,36,22,0,1,33200
32,31,223,4,24,17,2,1,25100
43,34,224,4,37,26,1,0,25700
36,38,225,4,39,21,1,0,60100
30,27,225,4,24,,1,2,20300
34,102,225,4,36,19,1,0,45000
35,32,225,4,35,20,4,1,75600
104,42,225,4,32,67,4,2,26800
103,43,225,4,41,,2,0,19300
40,29,225,4,26,23,1,2,25400
31,28,226,4,38,16,2,1,39900
39,26,226,4,33,,2,1,27500
33,25,291,4,31,18,2,1,41700
28,40,228,4,31,14,1,2,22900
38,104,228,4,30,22,1,1,31000
43,30,228,4,33,26,2,0,25600
42,103,228,4,36,25,0,0,51800
32,39,228,4,29,17,1,2,24700
29,33,228,4,32,15,1,1,18300
102,35,229,4,39,65,0,2,18000
27,34,229,4,38,13,0,2,37500
26,31,229,4,26,12,1,0,36000
25,36,229,4,24,66,1,0,47300
32,104,292,4,33,17,2,2,27100
28,30,292,4,32,14,1,2,25600
27,36,293,4,41,13,1,2,35800
25,39,293,4,26,66,3,0,46300
42,40,293,4,29,25,2,3,51100
102,31,293,4,25,65,2,3,16200
29,34,293,4,35,15,0,0,19200
38,103,293,4,37,22,1,0,32000
43,35,293,4,27,26,0,5,25700
26,33,294,4,39,12,1,1,36100
33,43,295,4,37,18,1,1,41500
30,42,295,4,38,,0,2,26100
34,28,295,4,34,19,1,1,44400
35,29,295,4,24,20,5,0,75200
31,38,295,4,39,16,1,1,43600
40,25,295,4,36,23,0,0,25900
39,27,295,4,31,,0,0,27700
36,32,296,4,28,21,1,1,59700
103,102,296,4,30,,1,1,19500
104,26,296,4,35,67,0,2,26800
34,42,297,4,30,19,3,1,44400
35,28,298,4,26,20,2,3,75100
36,102,298,4,32,21,1,0,60100
30,32,298,4,31,,1,1,20400
33,27,298,4,27,18,1,3,41300
104,43,298,4,39,67,1,1,26400
39,29,298,4,35,,2,2,26600
103,26,298,4,24,,1,1,20400
40,38,299,4,28,23,0,1,23000
31,25,299,4,37,16,1,0,40600
27,103,300,4,29,13,0,2,35600
28,39,300,4,36,14,1,2,20600
102,104,300,4,40,65,1,2,18000
32,33,300,4,38,17,1,2,27300
43,36,300,4,30,26,2,1,25700
26,40,301,4,27,12,1,0,36100
29,31,301,4,26,15,1,4,15900
25,34,301,4,34,66,3,0,47100
38,30,302,4,24,22,1,2,29600
42,35,302,4,39,25,3,0,52300
27,38,232,4,31,13,1,1,31900
28,43,232,4,29,14,3,1,18000
33,31,232,4,24,18,1,0,41700
34,39,232,4,39,19,0,0,44700
35,30,232,4,38,20,3,0,75400
26,32,232,4,34,12,1,1,36200
40,104,232,4,26,23,1,2,22500
42,102,233,4,33,25,1,0,49900
103,36,233,4,35,,3,2,20400
29,25,303,4,32,15,0,1,16000
104,33,183,4,31,67,0,0,26800
38,28,183,4,27,22,1,1,32500
43,42,183,4,36,26,5,2,25700
102,29,183,4,41,65,3,1,16000
39,40,183,4,29,,1,2,26900
31,103,183,4,33,16,2,0,36900
32,27,183,4,35,17,2,3,27100
30,34,183,4,37,,3,1,26900
25,26,184,4,39,66,3,2,47400
36,35,184,4,26,21,1,2,60100
103,33,304,4,25,,1,1,20500
26,29,304,4,30,12,3,1,35800
32,34,304,4,29,17,0,3,27400
35,39,304,4,34,20,2,0,74700
38,25,304,4,38,22,1,0,29900
27,102,305,4,40,13,2,2,32100
30,36,305,4,33,,0,0,24400
31,104,305,4,36,16,3,0,34500
28,42,305,4,24,14,0,2,20800
43,40,305,4,27,26,1,1,25700
36,28,239,4,25,21,7,1,59600
104,30,239,4,30,67,2,0,26400
102,32,239,4,31,65,1,2,17400
39,31,239,4,32,,0,1,27700
40,103,239,4,41,23,1,2,24300
29,38,239,4,29,15,1,1,18300
25,43,239,4,26,66,3,0,47000
42,27,240,4,27,25,2,1,48600
33,35,240,4,39,18,3,3,41700
34,26,241,4,35,19,0,0,44500
35,34,242,4,24,20,2,1,74800
28,102,242,4,26,14,3,2,20300
30,29,242,4,39,,1,2,23500
38,33,242,4,34,22,2,0,33900
43,39,242,4,33,26,2,1,23600
31,36,242,4,40,16,1,2,40300
103,104,242,4,32,,2,3,19900
26,42,242,4,25,12,5,0,36200
32,40,243,4,36,17,1,5,27100
27,25,243,4,35,13,0,1,35100
33,30,248,4,35,18,3,0,41000
42,32,248,4,38,25,2,2,52300
102,43,248,4,24,65,0,1,18000
40,31,248,4,33,23,4,0,25300
29,27,248,4,37,15,0,0,20600
25,28,248,4,34,66,3,0,46800
36,26,249,4,26,21,5,2,60100
104,35,249,4,25,67,1,2,26800
39,103,249,4,39,,2,0,26700
34,38,306,4,24,19,3,0,44900
34,36,250,4,27,19,1,2,44900
28,27,250,4,39,14,1,1,20700
25,30,250,4,31,66,2,0,47200
102,38,250,4,37,65,1,1,18000
39,104,250,4,35,,1,0,27500
40,33,250,4,24,23,1,0,24800
29,103,250,4,25,15,0,2,19000
42,31,251,4,26,25,1,1,52400
43,32,251,4,34,26,5,0,24000
26,35,251,4,32,12,1,3,36000
30,102,253,4,32,,2,1,21600
27,43,253,4,41,13,1,0,32400
33,39,253,4,25,18,1,0,40900
31,34,253,4,29,16,1,0,41700
32,28,253,4,33,17,0,2,26100
38,26,253,4,27,22,1,0,35000
35,40,254,4,30,20,2,0,75600
103,25,254,4,36,,1,0,20500
104,29,254,4,37,67,1,1,26700
36,42,255,4,39,21,2,1,60100
43,103,182,4,27,26,0,3,25700
29,40,182,4,35,15,1,1,21400
32,35,256,4,29,17,0,5,27500
42,104,256,4,24,25,1,0,47800
28,31,258,4,32,14,2,0,20100
25,33,259,4,26,66,2,1,46300
26,39,259,4,34,12,1,1,35200
38,36,259,4,36,22,0,1,30300
102,34,259,4,39,65,3,2,18000
27,30,307,4,33,13,1,2,32300
33,26,261,4,32,18,0,0,41800
36,27,261,4,24,21,3,0,60100
30,28,261,4,25,,2,1,26900
34,29,261,4,36,19,1,2,44400
104,32,261,4,31,67,2,1,26800
31,102,261,4,34,16,3,1,37100
103,38,261,4,40,,0,2,20500
39,25,261,4,39,,1,1,27500
40,42,262,4,33,23,1,3,25000
35,43,263,4,35,20,1,0,75600
27,33,264,4,36,13,2,4,34700
38,40,264,4,38,22,2,0,32100
43,104,264,4,29,26,2,1,25700
25,31,264,4,24,66,3,3,47000
102,36,264,4,26,65,2,1,18000
29,39,264,4,31,15,2,0,19800
32,30,264,4,41,17,2,3,25200
42,34,265,4,32,25,2,0,52400
26,103,265,4,25,12,3,1,36200
28,35,266,4,39,14,0,2,26500
103,42,308,4,39,,0,2,19900
31,26,267,4,33,16,0,0,39300
30,43,267,4,26,,0,3,21900
33,29,267,4,34,18,2,1,40700
34,27,267,4,35,19,1,1,44300
104,38,267,4,25,67,2,2,26600
40,28,267,4,30,23,3,0,23400
39,32,267,4,27,,2,1,27000
35,102,268,4,36,20,2,0,75500
36,25,268,4,32,21,1,0,60100
38,31,269,4,37,22,4,0,32200
42,30,269,4,34,25,2,0,52300
26,104,269,4,35,12,1,2,36100
27,39,269,4,26,13,1,1,30100
43,33,269,4,31,26,1,1,25700
28,34,270,4,29,14,2,3,23600
25,40,271,4,37,66,4,0,46700
29,35,271,4,24,15,1,0,18100
32,36,271,4,40,17,0,3,25800
102,103,271,4,30,65,3,0,17600
104,25,273,4,33,67,1,6,26800
31,32,273,4,34,16,0,0,37500
103,28,273,4,31,,3,0,19000
40,102,273,4,41,23,1,0,25500
35,27,274,4,27,20,4,0,75100
36,29,275,4,25,21,1,2,60100
34,43,234,4,30,19,0,1,40100
39,38,234,4,29,,1,1,26500
33,42,235,4,27,18,0,2,41600
30,26,235,4,26,,1,4,22300
36,33,276,4,26,21,0,0,60100
27,31,276,4,29,13,0,0,32600
28,104,276,4,37,14,2,0,23200
30,103,276,4,24,,1,1,25400
43,29,276,4,36,26,2,1,25700
42,39,276,4,25,25,3,0,52200
102,26,276,4,31,65,1,0,18000
35,38,277,4,34,20,4,4,75500
34,40,277,4,40,19,0,1,43700
32,25,277,4,30,17,0,2,24600
38,43,279,4,24,22,4,0,31900
39,36,279,4,33,,1,1,27500
31,30,279,4,30,16,2,2,40800
103,32,279,4,41,,4,4,19400
40,27,279,4,31,23,0,0,26000
29,42,279,4,26,15,4,0,22200
104,34,279,4,27,67,0,3,26800
33,102,280,4,39,18,6,1,41700
26,28,280,4,34,12,2,0,35800
25,35,309,4,25,66,1,0,47300
36,104,281,4,29,21,3,3,60100
42,25,310,4,39,25,0,2,52400
27,26,310,4,30,13,1,1,36000
30,40,310,4,37,,2,2,25700
43,31,310,4,32,26,2,1,25700
102,39,310,4,25,65,1,0,17300
32,38,310,4,36,17,0,0,25500
35,103,310,4,33,20,2,0,75500
28,29,311,4,31,14,0,1,26100
34,33,312,4,37,19,4,1,40700
33,28,283,4,36,18,2,1,40700
38,42,283,4,25,22,3,1,39500
25,102,283,4,26,66,3,2,48000
104,27,283,4,32,67,2,0,26800
39,30,283,4,33,,2,2,27800
31,35,283,4,39,16,0,1,46500
103,34,283,4,31,,1,0,20600
26,43,283,4,24,12,2,0,36300
40,36,283,4,34,23,2,3,26400
29,32,283,4,35,15,3,2,22000
53,51,313,5,45,31,3,1,80700
56,54,314,5,43,34,2,0,41100
50,46,314,5,42,30,2,1,40300
62,55,314,5,48,38,3,0,60000
48,57,314,5,49,,0,3,47000
105,49,314,5,46,,2,2,30400
106,59,314,5,44,68,0,1,61100
52,61,315,5,60,,2,0,32500
45,47,315,5,59,,0,1,69000
55,48,284,5,,33,5,1,61700
51,106,284,5,48,,2,2,52100
59,50,284,5,52,,1,2,37200
49,52,284,5,42,,1,2,20600
46,53,284,5,47,28,1,0,30200
57,45,284,5,57,35,0,1,30000
47,62,284,5,49,29,1,1,48000
54,105,285,5,55,32,1,1,40200
61,56,285,5,45,,1,0,30200
47,57,316,5,51,29,4,1,43200
53,59,288,5,54,31,2,0,78400
45,51,288,5,60,,5,0,69000
56,49,288,5,53,34,5,3,39200
62,61,288,5,44,38,0,1,53000
105,46,288,5,56,,0,2,30400
48,54,288,5,57,,1,1,47200
52,55,289,5,43,,2,4,34000
50,106,289,5,62,30,1,1,41200
106,62,317,5,46,68,1,0,52200
51,48,186,5,50,,3,4,51300
59,105,186,5,42,,1,0,43100
49,57,186,5,58,,3,0,20000
54,45,186,5,44,32,0,3,49800
46,56,186,5,59,28,1,2,28800
61,53,186,5,48,39,0,0,30200
50,52,187,5,47,30,1,1,40400
55,47,187,5,54,33,1,0,61700
105,61,318,5,54,,1,4,30700
53,106,189,5,52,31,1,2,80700
45,49,189,5,55,,7,0,69000
52,46,189,5,,,0,4,31500
62,50,189,5,45,38,3,0,53000
47,54,189,5,50,29,1,0,52100
56,51,189,5,49,34,2,0,41600
48,59,190,5,60,,1,2,45000
57,55,190,5,47,35,2,1,30000
49,62,319,5,,,1,2,24000
61,48,192,5,43,,1,4,30200
51,47,192,5,53,,0,1,55800
59,56,192,5,46,,1,1,43100
46,57,192,5,52,28,3,1,26900
106,105,192,5,51,68,2,2,48400
54,52,192,5,48,32,3,1,44000
50,53,193,5,44,30,2,1,49000
55,45,193,5,50,33,0,2,61700
62,51,320,5,54,38,1,2,55700
55,49,197,5,56,33,4,2,60500
52,53,197,5,60,,1,2,34000
57,54,197,5,42,35,1,0,26800
47,59,197,5,57,29,1,0,51100
105,50,197,5,58,,0,0,29100
45,61,197,5,49,,3,0,69000
48,46,198,5,53,,2,0,40000
56,106,198,5,45,34,2,1,40800
54,62,321,5,43,32,0,2,46200
53,105,201,5,59,31,4,0,80700
61,57,201,5,45,39,3,1,28200
59,52,201,5,44,,3,3,38100
49,47,201,5,51,,1,0,24000
46,45,201,5,42,28,0,0,30200
106,48,201,5,50,68,3,0,59500
50,56,202,5,,30,3,2,49000
51,55,202,5,57,,1,2,55000
56,53,322,5,50,34,0,2,42100
45,106,203,5,60,,4,0,69000
52,105,203,5,52,,0,1,30200
62,46,203,5,59,38,2,0,55000
57,59,203,5,55,35,2,1,27100
47,61,203,5,48,29,2,2,52900
55,54,203,5,53,33,1,2,61700
49,51,204,5,47,,1,2,24000
48,50,204,5,46,,2,0,46000
105,56,323,5,57,,1,1,30700
53,48,207,5,45,31,5,0,80200
59,62,207,5,56,,2,2,46500
21,73,219,2,72,,2,0,16800
54,49,207,5,62,32,1,0,40700
46,47,207,5,58,28,1,0,30200
106,52,207,5,48,68,0,0,47100
51,57,207,5,43,,1,1,54400
61,55,208,5,54,39,0,1,30200
50,45,208,5,49,30,2,1,49000
49,61,324,5,52,,0,1,22300
45,59,205,5,50,,4,0,69000
55,46,205,5,55,33,3,1,60400
57,106,205,5,62,35,2,3,30000
47,50,205,5,42,29,2,1,51000
62,53,205,5,49,38,1,1,60000
52,56,205,5,47,,1,3,34000
48,105,212,5,44,,3,0,48000
51,54,212,5,51,,1,1,55300
52,62,325,5,,,3,1,34000
53,57,199,5,46,31,5,1,80700
56,48,199,5,60,34,3,2,41500
59,49,199,5,58,,1,2,38000
46,54,199,5,43,28,1,1,30200
106,47,199,5,55,68,1,2,60600
61,51,199,5,57,39,2,2,30200
50,55,214,5,48,30,2,2,49000
105,45,214,5,54,,1,2,30700
54,61,326,5,42,32,0,2,42200
55,59,215,5,57,33,4,0,61700
49,106,215,5,56,,2,2,21500
57,50,215,5,47,35,4,1,30000
47,56,215,5,45,29,5,0,53500
45,53,215,5,44,,0,1,69000
62,105,216,5,58,38,2,1,60000
51,46,216,5,52,,2,0,46200
48,52,327,5,54,,1,1,44800
48,47,328,5,49,,0,3,50000
53,55,219,5,50,31,2,0,80700
59,54,219,5,55,,1,0,37300
46,49,219,5,47,28,1,1,28300
105,57,219,5,,,2,0,29100
106,61,219,5,62,68,3,3,44500
50,51,219,5,54,30,1,1,49000
56,62,220,5,42,34,2,0,40800
52,45,220,5,57,,3,2,34000
61,46,329,5,48,39,2,0,25900
45,56,222,5,50,,4,1,69000
49,50,222,5,46,,1,1,20000
54,106,222,5,60,32,1,1,36900
57,52,222,5,53,35,2,2,24300
47,53,222,5,54,29,1,1,54000
62,48,222,5,45,38,2,2,56300
51,59,223,5,42,,2,0,45500
55,105,223,5,56,33,3,1,58600
106,55,330,5,43,68,1,2,52400
56,57,225,5,57,34,4,1,39100
52,51,225,5,62,,0,0,34000
59,46,225,5,46,,0,2,36000
48,49,225,5,52,,4,0,44500
105,47,225,5,51,,1,0,30700
50,61,225,5,44,30,0,0,44800
53,54,226,5,47,31,1,1,80700
62,45,226,5,49,38,1,2,60400
45,48,331,5,,,3,0,69000
61,59,228,5,51,39,0,3,29200
51,105,228,5,55,,1,1,48100
49,53,228,5,43,,1,4,24000
46,106,228,5,53,28,1,1,25600
57,62,228,5,48,35,1,0,25900
55,56,228,5,49,33,5,0,61700
54,50,229,5,45,32,1,1,36000
47,52,229,5,44,29,1,0,49100
47,45,332,5,42,29,3,1,54000
46,50,183,5,58,28,0,0,24800
55,62,183,5,45,33,3,1,61700
57,48,183,5,55,35,1,0,27100
59,106,183,5,44,,2,0,39100
49,105,183,5,50,,1,0,19600
54,56,183,5,62,,0,0,40400
51,53,184,5,48,,1,5,57000
61,52,184,5,60,,3,2,24400
50,59,333,5,52,30,1,0,35400
56,61,236,5,47,34,1,1,40100
106,51,236,5,,68,1,2,49200
105,54,236,5,49,,2,2,30000
53,46,236,5,57,31,3,1,80500
45,57,236,5,54,,2,0,69000
48,55,236,5,46,,1,4,50000
52,49,237,5,51,,3,1,30900
62,47,237,5,43,38,0,3,53600
59,53,334,5,50,,0,2,45600
106,50,239,5,53,68,0,1,37000
55,52,239,5,47,33,1,1,60600
61,62,239,5,42,39,2,2,27900
57,47,239,5,44,35,0,0,30000
46,105,239,5,56,28,2,2,22500
51,45,239,5,57,,1,1,57000
49,56,240,5,45,,2,2,22000
54,48,240,5,48,32,0,1,38000
51,49,182,5,135,,1,3,52400
57,49,335,5,58,35,3,2,23100
53,61,242,5,43,31,1,0,80400
52,50,242,5,54,,1,1,30200
45,54,242,5,51,,2,0,69000
56,46,242,5,60,34,1,1,39200
62,106,242,5,47,38,5,0,45000
47,55,242,5,49,29,3,0,54100
105,59,243,5,46,,0,0,30700
48,51,243,5,50,,0,1,46500
46,52,336,5,135,28,1,1,24300
106,53,245,5,52,68,0,1,74200
51,56,245,5,42,,1,3,56600
59,48,245,5,58,,2,1,38100
54,47,245,5,60,32,1,2,45700
61,105,245,5,,39,4,1,23400
49,45,245,5,44,,0,0,24000
55,57,246,5,53,33,4,0,60500
50,62,246,5,55,30,4,2,37800
47,51,337,5,43,29,1,1,54000
48,61,248,5,45,,0,2,46500
62,49,248,5,48,38,4,1,46000
52,54,248,5,57,,4,0,34000
57,46,248,5,51,35,1,2,23900
105,106,248,5,50,,3,0,29100
56,59,248,5,54,34,0,1,40200
45,55,249,5,60,,2,0,69000
53,50,249,5,49,31,3,1,80700
50,105,250,5,51,30,2,2,42300
54,57,250,5,47,32,0,0,34100
51,62,250,5,53,,0,4,55300
49,55,250,5,52,,2,1,24000
61,45,250,5,49,39,2,0,30200
106,56,250,5,43,68,1,0,52700
53,52,250,5,44,31,2,1,80700
59,47,251,5,55,,1,0,45700
46,48,251,5,62,28,1,1,29300
62,54,338,5,45,38,0,0,50100
48,106,253,5,,,1,0,48000
52,59,253,5,42,,2,1,34000
57,61,253,5,54,35,3,2,26100
47,49,253,5,53,29,0,0,52200
45,46,253,5,52,,7,1,69000
105,53,253,5,57,,0,0,30700
56,50,254,5,58,34,3,0,41500
55,51,254,5,48,33,3,1,61700
46,62,339,5,43,28,1,2,30200
105,52,182,5,60,,2,1,30000
53,56,182,5,47,31,1,0,80700
61,47,182,5,50,39,1,2,30200
106,45,182,5,55,68,0,6,74200
54,55,256,5,44,32,1,4,49800
50,48,256,5,48,30,4,1,45000
57,51,340,5,45,35,2,1,30000
52,106,261,5,53,,1,3,33200
56,105,261,5,56,34,1,1,40200
47,46,261,5,48,29,1,2,52800
49,54,261,5,50,,2,0,24000
45,50,261,5,,,2,1,69000
55,61,261,5,47,33,2,0,61500
62,59,262,5,58,38,1,0,55800
48,53,262,5,54,,1,6,50000
53,62,341,5,60,31,4,4,80700
105,48,264,5,55,,2,1,30700
61,49,264,5,62,39,0,2,28300
56,52,264,5,57,34,0,3,40100
54,51,264,5,42,32,0,1,44000
59,45,264,5,54,,0,1,48500
106,57,264,5,52,68,1,4,46400
50,47,265,5,45,30,2,1,49000
46,55,265,5,51,28,1,1,30200
45,105,267,5,50,,2,1,69000
54,46,267,5,55,32,1,2,40300
49,59,267,5,42,,2,2,24000
62,52,267,5,49,38,4,1,55100
48,56,267,5,43,,1,1,50000
57,53,267,5,58,35,1,3,30000
47,106,267,5,47,29,0,0,52700
55,50,268,5,135,33,3,0,61700
51,61,268,5,48,,1,1,54100
56,47,270,5,52,34,2,2,42100
52,48,270,5,45,,4,0,34000
105,62,270,5,,,1,3,30600
106,49,270,5,44,68,1,2,45800
50,57,271,5,53,30,2,0,43800
61,54,271,5,54,39,3,1,25600
46,51,271,5,56,28,4,0,27000
59,55,271,5,50,,4,1,44000
53,45,271,5,57,31,1,0,80700
62,56,342,5,55,38,4,1,59000
61,106,273,5,60,39,3,3,29700
57,105,273,5,42,35,1,2,25100
54,59,273,5,52,32,0,2,42600
51,50,273,5,43,,1,0,57000
55,53,273,5,49,33,1,2,61700
45,52,273,5,51,,0,0,69000
47,48,274,5,57,29,3,0,53000
49,46,274,5,47,,0,0,23500
52,57,343,5,62,,0,0,31100
48,62,276,5,53,,1,1,50000
106,54,276,5,48,68,1,2,51500
59,51,276,5,44,,1,1,45900
56,45,276,5,49,34,1,2,42100
46,61,276,5,45,28,0,1,28200
53,47,276,5,50,31,2,0,80700
105,55,277,5,58,,1,1,30700
50,49,277,5,,30,0,0,48000
55,106,279,5,43,33,4,0,61700
47,105,279,5,60,29,0,0,53300
49,48,279,5,48,,4,1,24000
45,62,279,5,42,,2,0,69000
46,59,279,5,57,28,2,3,30200
51,52,279,5,50,,0,0,56500
61,50,279,5,55,39,1,0,30200
57,56,279,5,45,35,3,1,26000
54,53,279,5,51,32,2,5,49800
52,47,281,5,48,,0,3,34000
62,57,281,5,43,38,3,2,58500
106,46,281,5,42,68,3,1,51800
50,54,281,5,45,30,2,1,49000
53,49,281,5,53,31,4,0,80700
105,51,281,5,49,,1,0,30700
56,55,281,5,47,34,2,3,42100
48,45,281,5,50,,1,4,50000
59,61,281,5,,,1,4,48500
107,71,314,2,68,69,0,2,8000
73,109,314,2,136,45,2,2,13900
80,77,314,2,137,49,1,0,14100
66,70,314,2,65,42,2,2,41100
72,63,314,2,66,44,3,1,12200
75,21,314,2,78,46,1,1,15100
67,65,314,2,79,,1,3,14400
68,74,314,2,83,43,0,1,40000
108,69,315,2,77,70,1,5,13800
79,76,315,2,70,48,1,2,31600
74,79,284,2,73,,1,1,17100
65,107,284,2,76,,1,1,32100
69,68,284,2,72,,1,1,27900
76,75,284,2,77,,1,0,23500
70,80,284,2,133,,1,2,12100
71,108,284,2,80,,2,0,13400
77,73,284,2,74,,0,0,19000
63,66,285,2,64,40,2,2,19300
109,67,285,2,75,71,1,0,13100
21,72,285,2,20,,0,1,16300
79,63,288,2,83,48,1,1,20350
73,65,288,2,77,45,1,1,14693
80,21,288,2,68,49,1,2,16900
108,74,288,2,70,70,2,0,12900
67,71,288,2,66,,1,1,8500
107,109,288,2,71,69,1,1,6900
72,69,289,2,65,44,4,0,14000
75,70,289,2,79,46,1,2,15100
68,77,289,2,67,43,2,1,35700
66,76,289,2,78,42,0,0,41500
63,107,186,2,20,40,4,1,8600
109,108,186,2,133,71,0,1,8200
74,75,186,2,137,,2,1,14900
67,73,186,2,72,,0,0,8500
77,79,186,2,76,,1,2,15400
65,72,186,2,80,,2,1,32300
69,80,187,2,73,,3,2,19700
70,76,187,2,75,,2,1,12100
71,68,187,2,64,,1,3,31100
21,66,187,2,74,,3,2,16900
107,77,189,2,69,69,3,1,7000
79,109,189,2,80,48,0,0,15900
80,71,189,2,136,49,0,1,12600
108,65,189,2,67,70,1,2,14300
76,21,189,2,76,,1,3,23100
70,74,189,2,83,,1,1,10000
66,69,189,2,20,42,0,1,40600
72,67,190,2,64,44,1,0,12200
75,63,190,2,81,46,0,0,14200
68,73,190,2,71,43,1,0,40100
63,80,192,2,78,40,1,1,9000
73,72,192,2,79,45,2,2,13000
74,76,192,2,133,,3,0,14800
67,107,192,2,77,,3,0,8200
71,79,192,2,65,,3,2,15300
77,108,192,2,72,,4,0,14000
21,70,192,2,69,,2,2,16800
109,68,193,2,68,71,2,2,15200
69,75,193,2,70,,1,1,15500
65,66,193,2,66,,2,0,38000
79,21,194,2,81,48,1,1,17900
107,72,195,2,76,69,1,3,5700
80,65,195,2,71,49,1,0,16700
108,73,195,2,137,70,1,0,12400
74,63,195,2,67,,1,1,15700
66,109,195,2,75,42,2,0,39400
75,77,195,2,74,46,1,1,13600
68,67,195,2,80,43,2,1,40200
70,69,195,2,136,,2,6,10400
76,71,195,2,73,,1,1,18100
97,112,224,3,97,,3,0,30000
109,80,197,2,20,71,2,4,9500
21,74,197,2,65,,1,1,16200
65,79,197,2,64,,3,1,32100
67,108,197,2,78,,1,1,8200
71,75,197,2,72,,1,0,12300
77,66,197,2,70,,1,1,21600
72,68,197,2,66,44,0,3,24800
63,70,198,2,73,40,4,1,8400
73,107,198,2,69,45,1,1,12100
69,76,198,2,68,,1,1,18700
80,67,201,2,133,49,1,1,13234
108,107,201,2,75,70,1,1,12500
74,77,201,2,78,,2,0,15700
75,109,201,2,76,46,1,1,15100
76,63,201,2,136,,1,1,19300
70,71,201,2,137,,3,0,10100
79,72,201,2,74,48,2,2,17700
21,69,202,2,83,,2,0,16800
66,73,202,2,81,42,1,1,39600
68,65,202,2,79,43,2,0,44500
63,21,203,2,66,40,1,3,11200
73,80,203,2,73,45,1,1,13000
109,76,203,2,69,71,1,2,14500
65,75,203,2,67,,3,1,33800
72,108,203,2,71,44,5,3,16000
71,66,203,2,80,,0,0,30100
67,79,203,2,68,,3,0,9300
107,68,204,2,64,69,1,3,8200
77,70,204,2,65,,3,0,13500
69,74,204,2,77,,2,0,18500
79,73,207,2,133,48,1,1,16400
80,72,207,2,137,49,1,3,14300
66,107,207,2,79,42,2,0,39800
75,67,207,2,64,46,1,0,13700
76,77,207,2,75,,1,0,20100
70,109,207,2,80,,1,1,12300
74,71,207,2,81,,0,0,15700
63,69,208,2,72,40,0,1,9500
68,108,208,2,70,43,2,0,44100
21,65,208,2,77,,3,1,17200
107,79,205,2,66,69,0,2,5700
73,74,205,2,68,45,3,1,14400
108,66,205,2,73,70,2,3,15100
109,63,205,2,78,71,3,1,11100
72,75,205,2,83,44,2,0,11700
68,80,205,2,74,43,4,2,43800
65,76,205,2,81,,2,0,39000
67,70,212,2,71,,1,1,8700
71,69,212,2,69,,1,0,15200
77,21,212,2,20,,0,0,21500
80,108,214,2,136,49,3,0,14400
74,107,214,2,137,,2,0,15700
66,67,214,2,65,42,2,0,39700
75,73,214,2,70,46,2,1,14000
69,77,214,2,76,,1,1,22000
76,72,214,2,77,,1,1,18800
70,65,214,2,72,,2,1,14600
63,71,214,2,75,40,2,0,11000
79,68,214,2,79,48,1,1,29500
65,69,326,2,66,,1,2,34100
71,21,326,2,74,,0,0,17700
107,80,215,2,68,69,2,2,5200
108,79,215,2,69,70,2,0,13600
109,74,215,2,71,71,2,1,10800
67,76,215,2,20,,0,2,8600
72,66,215,2,81,44,1,0,26200
73,70,216,2,83,45,2,0,12900
77,63,216,2,136,,2,1,13400
68,75,216,2,80,43,0,1,40200
79,80,219,2,65,48,2,0,17300
75,108,219,2,77,46,1,2,15100
69,109,219,2,68,,3,2,17800
76,107,219,2,78,,3,1,20100
70,72,219,2,79,,1,3,11900
71,77,219,2,133,,2,0,29200
63,65,220,2,76,40,0,3,11900
74,67,220,2,73,,1,0,16000
66,68,220,2,64,42,3,0,41500
80,66,329,2,69,49,1,2,20500
107,21,222,2,75,69,2,3,6500
73,76,222,2,136,45,2,2,13800
108,70,222,2,137,70,0,0,13200
109,77,222,2,20,71,2,1,9600
72,74,222,2,80,44,4,0,12900
67,69,222,2,74,,2,0,7700
79,75,223,2,81,48,2,0,15400
68,63,223,2,83,43,3,2,42000
65,71,223,2,71,,3,2,31000
75,107,225,2,133,46,2,2,12500
69,73,225,2,64,,1,1,20300
76,80,225,2,79,,2,0,21200
70,68,225,2,73,,0,1,16100
71,109,225,2,72,,2,1,32900
77,72,225,2,66,,1,0,14100
66,79,225,2,76,42,0,0,40400
63,67,226,2,67,40,2,1,7100
21,108,226,2,65,,2,0,16700
74,65,226,2,78,,0,1,15000
73,63,228,2,81,45,1,0,13700
81,74,344,2,,,1,2,
80,75,228,2,83,49,1,2,13500
108,76,228,2,80,70,1,2,14400
66,74,228,2,70,42,2,1,40100
72,71,228,2,20,44,1,1,16800
67,77,228,2,75,,2,0,7400
65,109,228,2,69,,2,1,35300
107,69,229,2,136,69,1,0,5600
79,70,229,2,77,48,1,0,23700
68,21,229,2,74,43,0,0,45200
75,66,292,2,79,46,1,3,19300
63,108,293,2,78,40,2,2,14400
109,72,293,2,64,71,4,2,12300
21,67,293,2,76,72,4,4,16800
74,80,293,2,72,,0,0,15700
69,79,293,2,137,,1,0,20000
70,107,293,2,65,,0,2,9300
71,73,293,2,68,,0,0,28100
77,65,293,2,73,,1,0,16900
76,68,293,2,71,,0,1,25100
107,63,232,2,70,69,2,1,5500
79,77,232,2,83,48,2,1,16300
73,67,232,2,80,45,1,0,12000
80,69,232,2,81,49,0,2,14800
108,109,232,2,76,70,3,1,12600
72,65,232,2,79,44,1,0,18900
75,74,232,2,69,46,2,2,13500
68,71,232,2,85,43,3,1,44700
76,70,232,2,74,,1,0,20200
66,21,233,2,20,42,2,0,41300
63,75,236,2,64,40,1,3,10800
73,68,236,2,78,45,0,1,14800
74,70,236,2,133,,1,1,15600
65,108,236,2,75,,3,1,35600
67,72,236,2,71,,0,1,7100
71,80,236,2,73,,1,0,12000
21,76,236,2,72,,3,0,17400
109,79,237,2,70,71,0,0,11600
77,107,237,2,77,,1,2,13500
69,66,237,2,65,,1,2,28800
108,77,239,2,137,70,1,2,12100
75,69,239,2,76,46,0,0,12600
107,67,239,2,73,69,1,1,6300
72,73,239,2,83,44,1,0,11100
68,109,239,2,71,43,3,1,43000
79,71,239,2,79,48,2,0,16500
66,65,240,2,80,42,2,2,41500
80,63,345,2,69,49,2,1,13300
76,74,345,2,136,,4,2,21000
80,21,346,2,,,0,1,
70,21,345,2,133,,0,1,15100
63,74,242,2,79,40,1,1,7400
65,80,242,2,72,,1,2,30700
72,107,242,2,74,44,3,0,11600
77,75,242,2,20,,1,0,11700
69,70,242,2,70,,1,0,17200
73,108,242,2,65,45,1,1,13400
21,79,243,2,77,,4,5,17300
67,68,243,2,75,,0,0,12300
71,76,243,2,133,,0,1,28900
109,66,347,2,75,71,2,0,14900
107,73,245,2,69,69,0,0,5600
80,109,245,2,68,49,2,2,14900
108,67,245,2,64,70,3,0,12300
74,21,245,2,83,,0,1,14800
75,71,245,2,80,46,0,3,12100
70,63,245,2,137,,0,0,12100
66,77,245,2,71,42,1,1,41100
79,65,246,2,76,48,1,0,27700
76,69,246,2,73,,4,0,21400
68,72,246,2,81,43,2,2,44400
107,108,248,2,133,69,2,1,5300
63,76,248,2,68,40,0,0,13700
109,75,248,2,70,71,2,0,10700
69,63,254,2,77,,1,1,22900
72,79,248,2,75,44,1,0,21300
67,80,248,2,136,,1,0,6100
77,74,248,2,72,,2,0,14000
65,68,248,2,77,,4,4,37300
73,66,249,2,20,45,1,0,15200
71,70,249,2,65,,2,0,11400
69,21,249,2,74,,1,1,19800
108,72,250,2,76,70,1,1,14000
21,63,250,2,65,,2,2,17000
66,71,250,2,64,42,0,1,40200
75,65,250,2,72,46,2,0,17000
76,109,250,2,80,,0,2,22300
70,77,250,2,83,,1,1,111000
79,67,250,2,81,48,1,2,18800
80,73,251,2,137,49,0,0,15000
68,107,251,2,70,43,4,1,44500
74,69,251,2,69,,0,2,15300
107,66,338,2,66,69,1,0,7800
73,79,253,2,80,45,0,2,13100
109,70,253,2,67,71,2,3,10900
67,75,253,2,79,,1,1,8400
71,74,253,2,68,,1,1,10100
77,76,253,2,75,,1,2,16500
65,21,253,2,71,,2,1,33300
108,68,254,2,73,70,1,2,14400
72,80,254,2,20,44,3,0,14500
63,109,182,2,133,40,0,2,18000
79,107,182,2,137,48,1,1,17900
80,68,182,2,65,49,2,2,19200
74,73,182,2,67,,2,1,15500
66,108,182,2,70,42,1,2,40500
75,72,182,2,78,46,1,0,17100
76,65,182,2,64,,0,1,26200
69,71,256,2,79,,0,1,22100
70,67,256,2,72,,2,0,15900
21,77,256,2,76,,4,0,17400
107,74,261,2,81,69,1,1,6000
73,75,261,2,68,45,0,1,14000
109,21,261,2,73,71,0,3,12200
65,70,261,2,76,,2,1,32700
72,76,261,2,77,44,1,0,24600
67,66,261,2,71,,1,1,11700
77,69,261,2,20,,1,0,12100
108,80,262,2,75,70,2,0,13500
71,63,262,2,83,,1,0,30500
68,79,262,2,64,43,1,1,44700
63,77,264,2,137,40,2,0,14200
79,108,264,2,69,48,1,1,20300
74,109,264,2,136,,0,1,14400
76,67,264,2,70,,2,3,22000
70,73,264,2,65,,2,1,17300
75,68,264,2,66,46,2,1,18000
80,107,265,2,80,49,0,0,13500
21,71,265,2,78,,2,1,17100
69,65,265,2,73,,1,1,21300
66,72,271,2,74,42,1,3,20000
107,76,267,2,79,69,1,1,6400
73,21,267,2,81,45,3,1,13000
108,75,267,2,64,70,0,2,14500
109,69,267,2,72,71,1,3,9700
72,70,267,2,75,44,2,1,18400
77,71,267,2,68,,2,0,13000
65,63,267,2,20,,2,1,31500
80,79,268,2,73,49,1,0,14900
67,74,268,2,77,,2,0,10000
68,66,268,2,80,43,2,1,46300
21,107,274,2,75,,4,1,16900
74,72,274,2,83,,2,1,16000
75,79,274,2,133,46,2,2,18100
76,73,274,2,76,,2,1,21100
70,108,274,2,137,,1,0,19600
77,109,274,2,74,,0,3,13800
63,68,274,2,69,40,1,1,11000
69,67,275,2,136,,3,1,16700
66,80,348,2,78,42,1,1,39300
71,65,348,2,66,,3,0,21400
73,69,276,2,70,45,0,1,14400
80,76,276,2,67,49,1,4,17300
108,21,276,2,20,70,0,2,14000
109,71,276,2,64,71,2,1,10300
72,77,276,2,71,44,1,0,18700
67,63,276,2,65,,1,0,9500
79,66,276,2,81,48,2,1,31400
107,75,277,2,72,69,0,0,6100
68,70,277,2,83,43,6,1,44400
65,74,277,2,68,,3,2,29000
71,72,349,2,81,,0,1,21300
74,66,349,2,73,,2,1,15900
63,73,280,2,80,40,4,0,14400
75,80,280,2,137,46,1,1,17000
69,107,280,2,78,,3,1,17500
76,108,280,2,136,,1,0,15800
70,79,280,2,74,,0,3,19400
77,67,280,2,133,,2,0,13300
21,68,280,2,72,,2,1,17300
109,65,350,2,81,71,1,3,15000
72,109,234,2,67,44,2,2,22600
107,70,235,2,64,69,2,1,8200
79,69,235,2,68,48,2,0,19500
73,71,235,2,69,45,0,0,13200
80,74,235,2,65,49,1,0,13600
65,77,235,2,70,,4,1,30900
66,75,235,2,75,42,1,0,39400
67,21,235,2,66,,0,1,10800
68,76,235,2,71,43,2,0,44000
108,63,351,2,76,70,0,2,14800
109,107,310,2,20,71,2,1,11600
65,73,310,2,74,,1,1,31000
77,68,310,2,77,,3,4,17000
63,79,311,2,78,40,2,4,16600
21,80,311,2,83,,3,0,16900
74,108,311,2,133,,0,0,15000
76,66,311,2,66,,0,0,22400
70,75,311,2,69,,1,0,18200
71,67,311,2,136,,0,0,31800
69,72,311,2,80,,0,2,28200
107,65,283,2,79,69,1,1,8200
79,74,283,2,136,48,1,0,19300
73,77,283,2,68,45,1,0,13600
80,70,283,2,71,49,1,3,17200
108,71,283,2,67,70,1,1,14000
66,63,283,2,64,42,3,0,40100
72,21,283,2,77,44,1,0,27600
75,76,283,2,70,46,3,2,17400
67,109,283,2,75,,1,1,10500
68,69,283,2,81,43,3,0,45300
63,72,352,2,71,40,1,2,16500
109,73,352,2,79,71,0,1,11200
21,75,352,2,137,,4,1,16000
74,68,352,2,66,,1,2,16000
65,67,352,2,67,,3,4,26000
69,108,352,2,77,,5,0,17600
76,79,352,2,80,,2,3,22700
70,66,352,2,81,,1,0,18600
71,107,352,2,74,,0,2,10900
77,80,352,2,20,,3,1,18000
110,89,292,3,98,,0,0,9100
91,85,292,3,111,58,0,2,10500
82,24,293,3,23,,0,0,
111,92,293,3,101,73,4,1,
90,22,293,3,112,57,0,2,
23,96,293,3,115,,4,1,
97,84,293,3,106,,0,0,
98,95,293,3,105,62,6,1,
112,88,293,3,117,74,2,2,
86,94,293,3,121,54,3,3,
85,97,318,3,96,,2,2,55000
92,98,189,3,99,,1,3,16000
24,86,190,3,107,,4,1,39000
94,110,190,3,98,60,0,0,13000
84,112,190,3,100,53,2,2,11000
89,90,190,3,115,56,2,0,24000
95,111,190,3,113,,2,2,24000
96,82,190,3,102,61,0,2,10000
22,91,190,3,97,,1,2,40000
88,23,190,3,106,55,4,3,24000
91,112,192,3,22,58,2,1,11000
23,22,192,3,114,,0,0,58000
111,88,193,3,112,73,1,0,26000
90,96,193,3,101,57,0,2,19000
94,92,193,3,21,60,1,0,13000
97,95,193,3,111,,1,2,29000
86,84,193,3,117,54,2,1,14000
110,24,193,3,105,,0,1,20000
82,89,193,3,103,,2,0,16000
98,85,193,3,23,62,3,1,48000
112,23,194,3,99,74,3,1,11000
92,97,195,3,107,,1,2,16300
84,98,195,3,102,53,1,0,11000
89,86,195,3,113,56,3,0,24000
95,94,195,3,118,,3,0,24000
24,90,195,3,97,,1,1,23000
96,111,195,3,96,61,1,2,10000
85,82,195,3,98,,1,1,54000
88,91,195,3,100,55,3,2,25000
22,110,196,3,115,,1,1,34000
90,23,197,3,23,57,1,3,22500
85,92,197,3,22,,1,0,39200
98,89,197,3,105,62,0,0,41000
84,95,198,3,101,53,2,1,11000
111,112,198,3,122,73,2,1,19000
91,82,198,3,112,58,0,0,11000
94,24,198,3,114,60,1,1,19800
97,88,198,3,21,,0,0,29000
110,96,198,3,117,,3,0,10000
86,22,198,3,111,54,0,1,14000
22,111,201,3,107,,3,1,19300
23,98,201,3,96,,0,3,64800
112,94,202,3,106,74,3,3,13000
92,84,202,3,98,,0,0,16000
89,97,202,3,99,56,1,2,23000
96,91,202,3,115,61,0,2,6800
88,110,202,3,103,55,2,0,24000
86,95,202,3,102,54,3,1,14000
82,90,202,3,100,,2,0,14000
24,85,202,3,113,,2,0,41000
94,23,203,3,111,60,2,1,13000
85,88,203,3,105,,3,0,47800
98,86,203,3,114,62,1,2,48000
92,89,204,3,101,,0,0,16300
111,82,204,3,21,73,0,0,17000
91,110,204,3,109,58,0,0,11000
84,24,204,3,112,53,0,0,22000
95,96,204,3,97,,0,0,20100
112,90,204,3,117,74,0,2,10000
97,22,204,3,23,,2,1,60000
89,94,207,3,22,56,2,2,24000
24,95,207,3,103,,2,2,24000
96,85,208,3,100,61,3,4,13300
91,98,208,3,98,58,0,0,11000
23,84,208,3,107,,1,0,57000
86,111,208,3,106,54,1,2,14000
22,88,208,3,99,,1,0,34000
110,92,208,3,113,,2,0,14000
82,112,208,3,115,,3,0,16000
90,97,208,3,102,57,0,2,19000
24,89,209,3,111,,2,1,25000
111,23,210,3,105,73,1,1,16000
92,91,210,3,117,,1,1,16000
84,90,210,3,96,53,0,1,12000
95,22,210,3,21,,2,1,23000
97,94,210,3,97,,1,1,30000
85,86,210,3,101,,4,1,35000
98,82,210,3,112,62,2,0,48000
112,110,210,3,23,74,1,1,11000
88,96,211,3,121,55,2,0,24000
94,98,205,3,107,60,2,1,14000
22,85,205,3,102,,2,3,44000
23,24,205,3,113,,1,2,78100
110,84,212,3,106,,4,1,13000
90,111,212,3,99,57,3,1,17900
89,95,212,3,100,56,1,0,23000
96,112,212,3,103,61,1,1,11000
86,92,212,3,115,54,2,0,14000
82,88,212,3,22,,1,0,19500
91,97,212,3,114,58,0,3,11000
88,90,199,3,111,55,3,1,24000
112,22,199,3,96,74,0,2,12500
111,91,214,3,123,73,1,0,17000
92,96,214,3,105,,0,1,16000
84,89,214,3,97,53,1,0,12000
97,86,214,3,112,,1,0,30000
85,94,214,3,21,,4,0,44100
82,110,214,3,101,,2,1,16000
98,24,227,3,23,62,3,3,48000
95,23,327,3,98,,0,1,22000
23,91,215,3,102,,2,1,36000
89,85,215,3,114,56,0,0,33300
98,97,215,3,113,62,0,0,41500
90,92,216,3,107,57,0,1,18000
94,84,216,3,23,60,1,2,14000
95,112,216,3,22,,1,0,23000
24,88,216,3,99,,3,0,39000
86,82,216,3,103,54,2,0,14000
110,111,216,3,117,,2,2,12000
22,96,216,3,106,,2,1,35000
82,22,328,3,98,,2,0,16700
96,94,219,3,100,61,0,1,6500
112,86,219,3,109,74,2,1,12100
111,98,219,3,111,73,1,1,17800
97,24,219,3,96,,0,1,64000
91,90,220,3,105,58,1,1,11000
92,95,220,3,113,,2,0,16000
88,89,220,3,101,55,2,0,23000
110,23,220,3,112,,0,1,11000
85,84,220,3,115,,4,0,51000
95,85,329,3,107,,0,2,23000
23,82,222,3,21,,0,1,56000
98,96,222,3,103,62,4,2,49000
94,91,223,3,99,60,0,1,14000
90,110,223,3,114,57,1,0,19000
84,111,223,3,119,53,0,0,12000
89,22,223,3,102,56,3,0,24000
24,92,223,3,117,,2,0,27000
86,88,223,3,98,54,0,0,14000
96,97,225,3,101,61,2,3,10000
110,95,225,3,115,,0,2,12000
23,89,225,3,23,,2,0,55000
88,92,225,3,127,55,0,1,23000
111,94,226,3,22,73,1,1,16000
90,85,226,3,96,57,2,2,19000
91,86,226,3,106,58,0,0,10000
82,84,226,3,105,,2,1,17000
112,98,226,3,112,74,1,1,16300
22,24,291,3,111,,1,1,35000
84,91,228,3,138,53,2,0,7000
89,111,228,3,100,56,2,2,21500
85,110,228,3,99,,2,0,41800
94,88,229,3,102,60,2,0,14000
92,23,229,3,103,,0,1,16000
95,90,229,3,22,,2,1,22000
24,112,229,3,21,,2,0,28000
86,96,229,3,97,54,3,3,14000
97,82,229,3,114,,2,2,30000
98,22,229,3,107,62,1,3,48000
110,97,230,3,21,,4,0,15000
23,86,230,3,22,,5,0,30000
82,92,231,3,97,,4,1,13000
111,85,231,3,113,73,0,2,21000
90,94,231,3,103,57,2,0,18000
91,95,231,3,107,58,3,0,6000
96,24,231,3,99,61,0,1,30000
112,89,231,3,102,74,0,3,9000
22,84,231,3,101,,2,0,40000
88,98,231,3,114,55,1,3,
97,111,233,3,98,,2,0,18000
92,112,233,3,105,,3,1,15000
84,88,233,3,96,53,1,0,10000
89,96,233,3,127,56,0,1,18500
95,82,233,3,117,,3,2,25000
24,91,233,3,115,,1,1,40000
86,110,233,3,100,54,3,1,11600
85,23,233,3,111,,0,1,
98,90,303,3,106,62,1,1,48000
94,22,353,3,23,60,1,1,
22,92,183,3,22,,5,1,33000
111,24,183,3,107,73,0,2,25000
90,86,184,3,99,57,0,0,15000
96,84,184,3,114,61,2,2,6500
112,85,184,3,112,74,0,3,17000
88,95,184,3,103,55,5,3,18000
110,98,184,3,102,,1,1,14600
82,94,184,3,122,,2,1,13000
91,89,184,3,21,58,0,0,6000
23,97,184,3,113,,2,1,57900
94,86,236,3,117,60,1,1,11000
24,82,236,3,105,,2,1,39600
89,110,237,3,99,56,2,1,29800
92,111,237,3,23,,0,1,16000
22,90,237,3,115,,1,1,37000
96,23,237,3,98,61,1,0,10000
84,97,237,3,111,53,0,3,11000
95,98,237,3,96,,3,2,22000
88,112,237,3,100,55,2,0,16200
85,91,237,3,106,,3,0,
98,92,305,3,98,62,0,0,
82,96,305,3,117,,2,1,
97,85,305,3,102,,2,0,
23,88,305,3,115,,4,4,
91,22,305,3,103,58,4,2,
112,84,354,3,121,74,1,2,
111,95,355,3,117,73,1,0,
86,24,355,3,114,54,0,0,30000
90,89,356,3,22,57,2,0,
110,94,345,3,101,,0,1,
95,97,240,3,23,,3,2,21000
88,111,240,3,106,55,2,1,15300
96,90,240,3,105,61,0,0,6000
112,91,240,3,97,74,0,0,12000
22,23,240,3,112,,4,0,35000
85,98,240,3,113,,0,0,44100
84,86,240,3,126,53,1,2,8000
24,110,240,3,100,,0,0,35400
89,82,240,3,114,56,3,2,23000
92,94,357,3,96,,0,0,
97,92,358,3,103,,3,2,10000
82,85,242,3,99,,1,2,18000
91,88,242,3,22,58,2,1,6000
94,95,243,3,123,60,4,0,14000
111,96,243,3,21,73,0,0,16000
23,112,243,3,101,,0,1,21700
98,84,244,3,97,62,2,0,
110,22,244,3,96,,1,0,
86,89,357,3,113,54,2,2,
90,24,357,3,98,57,1,1,
23,90,336,3,102,,0,3,20000
89,98,336,3,111,56,0,3,20000
24,94,245,3,106,,3,1,31000
96,110,246,3,113,61,4,1,8000
112,111,246,3,98,74,0,0,9900
95,84,246,3,115,,0,1,19000
92,85,246,3,105,,1,3,20000
22,86,246,3,100,,1,0,37000
82,91,246,3,107,,0,0,
88,97,246,3,112,55,5,1,
95,86,248,3,103,,2,2,21000
85,24,248,3,23,,1,1,79200
84,92,249,3,112,53,1,0,10000
91,96,249,3,96,58,1,2,9500
94,112,249,3,127,60,3,1,13500
110,88,249,3,97,,4,1,10200
111,22,249,3,102,73,4,1,10000
97,89,249,3,106,,1,0,
98,23,249,3,99,62,1,0,
90,82,249,3,114,57,1,3,
88,85,250,3,111,55,0,4,20000
24,84,250,3,21,,1,1,39000
86,98,251,3,105,54,1,2,13000
82,111,251,3,22,,0,0,18000
110,91,251,3,117,,3,0,10500
89,92,251,3,115,56,2,0,22300
96,95,251,3,101,61,2,2,10100
22,97,251,3,99,,1,2,57000
90,112,251,3,109,57,1,0,19000
23,94,251,3,107,,2,2,29000
98,91,338,3,106,62,6,3,45000
84,23,338,3,114,53,0,2,11000
88,22,253,3,98,55,0,1,20000
94,89,254,3,117,60,1,0,20000
95,24,254,3,113,,0,0,28000
85,96,254,3,112,,2,0,54300
111,86,254,3,21,73,1,1,14200
92,110,254,3,102,,0,2,15000
97,90,254,3,115,,1,3,
112,82,254,3,100,74,1,0,
86,85,182,3,98,54,0,2,19500
89,24,182,3,99,56,0,5,40000
91,92,256,3,101,58,3,0,10000
23,111,256,3,97,,0,0,46000
90,84,256,3,139,57,2,2,17400
94,97,256,3,103,60,1,0,14000
110,112,256,3,107,,0,2,10000
96,88,256,3,23,61,1,1,10200
82,98,256,3,96,,2,2,14000
22,95,257,3,22,,1,0,37000
85,22,261,3,114,,2,1,59100
88,82,261,3,102,55,1,1,17900
111,90,262,3,116,73,2,0,15000
97,91,262,3,100,,1,0,31000
98,94,262,3,21,62,2,2,44500
95,89,262,3,106,,2,2,20600
112,96,262,3,115,74,0,0,10700
92,86,262,3,107,,2,2,13000
84,110,262,3,117,53,1,1,9500
24,23,262,3,112,,2,0,40100
94,85,264,3,99,60,1,1,20300
86,97,264,3,22,54,3,1,13300
22,112,265,3,103,,5,2,32000
91,111,265,3,96,58,2,0,5000
96,92,265,3,98,61,0,0,7000
89,84,265,3,113,56,1,2,22800
23,95,265,3,105,,5,4,42300
90,88,265,3,21,57,1,3,17500
110,82,265,3,23,,1,0,10500
24,98,265,3,111,,3,0,45700
92,90,267,3,100,,0,0,16500
84,94,267,3,121,53,3,2,11000
85,89,267,3,107,,1,2,58600
112,95,267,3,96,74,1,1,10100
91,23,267,3,115,58,2,2,19000
82,86,267,3,97,,3,1,13000
96,22,267,3,111,61,4,2,12600
111,110,267,3,101,73,1,2,15500
88,24,267,3,106,55,0,2,25000
97,98,267,3,114,,3,1,40000
84,85,270,3,105,53,0,1,20000
98,111,271,3,22,62,1,3,30000
95,92,271,3,114,,1,1,18000
24,97,271,3,102,,2,1,
94,96,271,3,112,60,1,2,16700
86,112,271,3,23,54,2,0,11700
89,88,271,3,117,56,0,0,21000
23,110,271,3,103,,2,1,46300
22,82,271,3,113,,3,1,29700
90,91,272,3,140,57,1,0,
91,94,307,3,107,75,3,0,8000
111,84,307,3,109,73,1,0,15000
112,97,359,3,111,74,2,1,9900
110,90,359,3,127,,1,1,9000
22,89,359,3,106,,1,2,36000
82,23,359,3,98,,1,3,22000
96,98,359,3,23,61,0,2,12600
88,86,359,3,101,55,1,2,14400
85,95,359,3,21,,1,0,48300
92,24,359,3,115,,0,1,23300
86,91,276,3,113,54,3,0,13000
84,82,276,3,100,53,0,0,11000
94,111,276,3,103,60,2,0,14400
98,112,276,3,117,62,2,0,42000
89,23,277,3,105,56,0,0,27000
85,90,277,3,112,,1,1,51000
97,96,277,3,96,,1,1,32000
92,88,277,3,22,,2,2,8500
95,110,277,3,23,,1,4,21500
24,22,277,3,99,,4,0,39500
88,94,279,3,96,55,1,1,18500
91,84,279,3,97,58,0,0,5000
22,98,279,3,113,,2,2,60000
90,95,280,3,102,57,3,2,18000
23,92,280,3,103,,2,1,43000
111,89,280,3,117,73,2,0,14500
112,24,280,3,107,74,0,4,14800
110,85,280,3,106,,1,4,15000
96,86,280,3,114,61,1,2,10000
82,97,280,3,99,,2,0,20000
84,22,234,3,98,53,0,0,7000
98,88,234,3,112,62,2,0,
85,111,235,3,115,,2,0,7000
94,90,235,3,141,60,0,1,9200
95,91,235,3,114,,2,1,
86,23,235,3,111,54,3,1,5200
24,96,235,3,105,,1,1,14000
89,112,235,3,22,56,2,2,4700
97,110,235,3,107,,1,1,5000
92,82,235,3,102,,0,1,1500
96,89,281,3,106,61,0,1,12700
22,94,281,3,100,,2,2,32600
110,86,310,3,142,,0,2,10000
112,92,310,3,143,74,3,0,9000
88,84,310,3,21,55,4,4,22600
82,95,310,3,23,,2,0,19000
111,97,310,3,96,73,0,2,16300
90,98,310,3,99,57,2,0,30000
91,24,310,3,111,75,0,2,20100
23,85,310,3,113,,4,2,78200
24,111,283,3,97,,3,1,40900
89,91,283,3,129,56,0,0,21000
85,112,283,3,130,,2,1,45000
86,90,283,3,125,54,1,0,16900
92,22,283,3,101,,2,3,14900
97,23,283,3,102,,3,1,50000
84,96,283,3,98,53,1,0,7000
95,88,283,3,105,,2,0,21000
98,110,283,3,107,62,2,1,43600
94,82,283,3,112,60,0,2,16300
113,2,360,1,131,,0,1,16400
19,15,360,1,7,11,2,1,30000
9,4,360,1,12,,2,1,11700
13,12,361,1,,9,1,1,78000
14,99,361,1,6,10,3,5,36000
11,5,361,1,18,,5,1,57700
3,10,361,1,,3,1,1,15000
6,7,362,1,8,5,2,0,36000
100,101,362,1,14,,1,0,18000
17,114,362,1,144,,0,1,21000
5,113,363,1,132,4,2,1,27500
4,17,363,1,11,,1,2,19600
99,100,363,1,4,63,1,2,39000
2,9,363,1,145,2,1,1,28000
7,11,364,1,2,,1,2,18800
15,13,364,1,3,,2,1,13000
101,19,364,1,13,64,1,1,16000
12,6,364,1,19,8,3,3,25000
114,3,365,1,17,76,2,0,13300
10,14,365,1,6,7,4,0,35000
113,7,366,1,144,,2,0,15000
17,2,366,1,12,,0,1,20000
6,15,366,1,14,5,1,1,29000
9,5,366,1,8,,1,0,9900
100,19,367,1,,,0,0,8500
14,114,367,1,131,10,2,0,36000
3,4,367,1,6,3,3,2,12900
13,101,367,1,18,9,3,0,
11,12,367,1,3,,1,0,76400
99,10,368,1,7,63,2,4,33300
2,3,369,1,19,2,3,1,25000
12,113,369,1,11,8,2,1,37000
15,11,369,1,6,,1,4,9200
19,13,369,1,12,11,1,0,36000
4,14,370,1,132,,3,3,21600
101,6,370,1,145,64,1,1,18600
7,9,370,1,4,,1,1,14700
5,17,370,1,17,4,2,0,23300
10,100,370,1,13,7,4,3,45000
114,99,371,1,146,76,0,1,
17,7,372,1,3,,3,1,18000
113,15,372,1,6,,2,1,17500
99,4,372,1,,63,1,0,33000
11,101,372,1,131,,2,0,65800
9,12,373,1,7,,2,0,14500
3,5,373,1,144,3,2,1,16000
10,114,373,1,2,7,2,1,39500
14,2,373,1,14,10,0,0,37000
100,13,374,1,8,,0,2,9700
6,19,374,1,18,5,0,2,27000
12,17,375,1,132,8,2,0,40000
2,99,375,1,13,2,4,0,27000
5,14,375,1,,4,2,0,28000
19,11,375,1,14,11,2,3,45000
101,113,376,1,19,64,2,1,21000
114,100,376,1,145,76,6,1,18000
7,3,376,1,7,,4,0,14100
13,6,376,1,4,9,5,1,
4,10,376,1,17,,0,1,21900
15,9,377,1,11,,1,0,
113,19,378,1,145,,2,0,19300
100,6,379,1,132,,2,1,12500
17,15,379,1,2,,0,1,20000
114,4,379,1,8,76,1,1,17500
99,5,379,1,6,63,2,0,35000
3,12,380,1,131,3,1,0,20100
9,101,380,1,144,,1,2,15000
14,7,380,1,18,10,1,0,35000
11,13,380,1,,,2,2,96600
10,2,380,1,3,7,2,1,51000
2,114,381,1,17,2,2,1,27000
13,113,381,1,,9,2,0,74800
12,14,381,1,12,8,3,2,35000
6,11,381,1,11,5,4,5,34600
15,3,382,1,132,,0,1,9500
4,100,382,1,6,,3,2,22000
101,17,382,1,6,64,1,2,14000
7,99,382,1,19,,0,0,15200
11,6,383,1,132,,2,0,69700
5,10,382,1,4,4,0,1,27000
19,9,384,1,13,11,3,2,30000
4,2,385,1,146,,0,0,21300
99,12,385,1,144,63,1,0,33000
113,6,385,1,12,,1,1,30000
100,11,385,1,3,,0,5,14000
17,19,386,1,131,,2,1,20500
3,101,386,1,17,3,3,1,13300
14,15,386,1,145,10,1,2,33000
10,7,386,1,14,7,3,1,40000
9,13,386,1,18,,0,5,17500
114,5,387,1,7,76,2,2,12500
2,100,388,1,6,2,1,2,24000
11,113,388,1,8,,3,1,83000
13,17,388,1,13,9,4,0,67200
12,10,388,1,6,8,2,0,48000
5,4,389,1,11,4,0,1,22200
6,9,389,1,19,5,1,0,27000
7,114,389,1,132,,0,1,14100
101,14,389,1,2,64,1,2,20000
19,3,389,1,,11,0,0,20000
15,99,390,1,,,2,4,7000
99,101,391,1,,63,1,2,38000
100,113,392,1,7,,3,2,8000
4,7,392,1,145,,0,3,20500
17,6,392,1,6,,5,3,16000
2,5,392,1,12,2,1,2,27000
114,12,393,1,19,76,1,1,16200
14,19,393,1,144,10,2,1,36000
9,11,393,1,17,,2,4,18500
10,15,393,1,11,7,2,0,45000
3,13,393,1,2,3,1,2,20800
7,2,394,1,13,,0,0,16000
12,4,394,1,131,8,2,1,45900
11,17,394,1,4,,3,1,78500
13,14,394,1,6,9,5,1,76000
6,3,395,1,3,5,0,2,28900
113,9,395,1,132,,1,1,19000
15,114,395,1,,,2,1,7000
101,10,395,1,18,64,0,1,19500
19,99,395,1,6,11,5,1,40000
5,100,396,1,14,4,4,0,
5,7,397,1,19,4,0,0,25900
100,9,398,1,6,,2,0,9800
114,101,398,1,3,76,1,0,13500
2,12,398,1,2,2,4,0,24000
99,13,398,1,145,63,1,0,48000
4,15,399,1,144,,0,2,20200
14,6,399,1,7,10,1,1,36500
10,19,399,1,17,7,4,0,50500
3,11,399,1,132,3,0,4,24200
17,113,400,1,,,0,1,17000
7,100,401,1,144,,1,0,13600
15,2,402,1,18,,1,0,9500
12,5,402,1,,8,2,5,39000
11,14,402,1,14,,5,1,68300
13,10,402,1,12,9,2,0,79000
101,4,403,1,4,64,0,0,16200
6,99,403,1,131,5,2,3,26000
113,3,403,1,13,,1,1,18000
9,17,403,1,3,,1,1,7700
19,114,404,1,,11,1,2,
4,19,405,1,2,,2,2,16700
5,15,406,1,13,4,1,1,22700
2,101,406,1,,2,4,0,24500
114,13,406,1,132,76,2,3,25000
7,12,406,1,17,,0,1,15000
3,9,407,1,,3,4,0,12600
14,113,407,1,6,10,1,0,34000
9,19,383,1,,,2,1,20600
10,6,407,1,144,7,6,0,
99,11,407,1,19,63,1,2,52000
100,17,408,1,12,,0,2,7800
15,7,409,1,6,,1,1,7000
9,14,409,1,131,,0,1,12800
101,5,409,1,6,64,0,0,20000
19,2,409,1,4,11,0,2,33000
17,3,410,1,17,,0,1,22600
12,100,410,1,7,8,0,1,35500
13,4,410,1,14,9,2,2,65000
11,10,410,1,3,,4,1,86600
6,114,411,1,145,5,0,0,24000
113,99,411,1,18,,0,1,12000
100,3,412,1,6,,3,0,7300
5,19,412,1,7,4,2,1,19300
4,6,412,1,19,,2,0,15800
12,15,413,1,,8,4,2,25000
10,113,413,1,132,7,1,0,40000
99,9,414,1,12,63,1,2,32300
114,11,414,1,,76,1,3,
7,101,414,1,18,,1,2,15700
2,13,414,1,144,2,3,2,30000
14,17,414,1,14,10,0,2,36000
17,99,415,1,6,,1,2,17000
3,14,416,1,11,3,3,1,17500
101,12,416,1,12,64,1,2,20000
6,2,416,1,6,5,1,0,25000
19,7,416,1,131,11,1,0,19000
113,114,417,1,19,,3,1,14900
13,5,417,1,17,9,4,3,72500
11,4,417,1,145,,4,0,73800
9,10,417,1,14,,1,1,10700
100,15,418,1,4,,3,1,11000
14,100,419,1,132,10,1,2,36000
114,9,420,1,144,76,3,1,12900
4,113,420,1,3,,1,0,20700
7,13,420,1,,,0,0,16400
12,19,420,1,13,8,2,0,35500
99,3,421,1,2,63,2,0,39500
5,6,421,1,131,4,1,1,20000
10,17,421,1,18,7,2,0,49000
2,11,421,1,,2,1,3,30000
15,101,422,1,7,,2,2,8000
4,9,423,1,,,3,2,17200
101,100,424,1,17,64,2,0,16200
5,11,424,1,12,4,3,2,30000
15,19,424,1,14,,1,1,7000
67,21,425,2,,,1,0,
2,113,424,1,13,2,1,1,24000
7,6,426,1,3,,2,1,14100
114,17,426,1,131,76,2,0,13100
10,3,426,1,,7,2,0,45000
12,13,426,1,6,8,0,5,48000
99,14,427,1,4,63,1,1,31000
113,5,428,1,11,,1,1,17000
3,114,428,1,7,3,2,1,19000
17,4,428,1,132,,0,0,18000
6,12,428,1,,5,2,3,25000
13,15,429,1,18,9,4,0,71100
100,99,429,1,144,,3,0,9000
11,7,429,1,6,,5,1,
9,2,429,1,19,,2,3,10500
14,10,429,1,2,10,3,0,
19,101,430,1,145,11,3,0,30000
114,14,431,1,13,76,2,2,16500
7,113,432,1,144,,1,0,15000
15,6,432,1,11,,3,1,9000
4,3,432,1,131,,3,2,20100
101,13,432,1,14,64,1,0,22000
2,17,433,1,7,2,1,1,25000
19,100,433,1,2,11,2,1,28000
12,11,433,1,18,8,1,1,48000
10,99,433,1,12,7,1,0,35000
5,9,433,1,6,4,3,0,20000
9,7,434,1,132,,1,1,13800
113,12,434,1,6,,0,1,18700
3,2,434,1,,3,1,2,14700
6,101,434,1,4,5,0,3,27000
13,19,434,1,,9,4,1,65000
11,15,435,1,17,,6,1,85600
17,5,435,1,145,,1,2,19500
14,4,435,1,19,10,0,4,32000
100,10,435,1,13,,2,1,9500
99,114,436,1,3,63,0,0,26800
19,6,437,1,6,11,3,1,35000
15,113,438,1,4,,3,1,9200
2,14,438,1,18,2,1,0,30000
101,11,438,1,131,64,1,2,21000
7,17,438,1,19,,1,0,17300
5,3,439,1,144,4,1,1,23700
12,9,439,1,3,8,2,0,38000
114,10,439,1,17,76,0,3,20000
4,99,439,1,145,,1,0,20400
13,100,439,1,11,9,2,0,63000
14,5,440,1,12,10,1,3,40000
9,15,441,1,6,,1,3,14000
17,12,441,1,131,,2,2,18000
6,13,441,1,7,5,1,2,30000
11,19,441,1,19,,2,1,57600
100,114,442,1,132,,1,2,8900
113,101,442,1,2,,2,1,15000
10,4,442,1,,7,1,0,40000
99,2,442,1,13,63,3,0,32600
3,7,443,1,18,3,0,2,10600
15,17,444,1,2,,2,0,8000
13,11,445,1,3,9,2,1,83500
6,100,445,1,144,5,0,0,27000
7,14,445,1,6,,0,1,19300
12,3,445,1,19,8,2,2,40000
101,9,446,1,18,64,1,2,16500
4,114,446,1,11,,0,0,20400
2,10,446,1,145,2,0,0,28500
5,99,446,1,17,4,3,3,22200
19,113,447,1,,11,4,1,15000
99,7,448,1,144,63,2,1,23800
100,4,383,1,2,,2,0,8300
114,2,383,1,6,76,1,1,15400
14,12,449,1,6,10,1,0,38000
3,15,449,1,12,3,0,0,11000
113,13,449,1,13,,1,2,30000
10,5,449,1,4,7,0,1,40000
17,101,450,1,14,,0,0,15000
6,113,451,1,19,5,3,1,32500
5,114,452,1,,4,4,1,25300
15,14,452,1,17,,1,0,9000
13,9,452,1,14,9,5,2,61000
12,99,452,1,2,8,3,0,35000
2,4,453,1,131,2,0,2,27000
19,17,453,1,144,11,4,0,22000
7,10,453,1,132,,0,2,19000
101,3,453,1,145,64,1,1,21000
11,100,453,1,18,,3,1,68200
100,2,454,1,17,,1,3,9400
113,11,454,1,14,,2,2,29000
17,13,454,1,12,,1,1,30000
3,19,454,1,6,3,1,0,12300
114,7,455,1,3,76,1,3,12600
9,6,455,1,4,,2,3,23000
4,5,455,1,132,,2,2,22300
10,12,455,1,13,7,1,1,38000
67,121,456,2,,,0,1,
14,101,457,1,131,10,1,0,
99,15,457,1,6,63,0,0,31300
101,99,458,1,3,64,1,5,20000
5,2,459,1,12,4,4,2,25800
13,3,459,1,,9,5,1,64000
6,17,459,1,6,5,3,2,34000
11,9,459,1,2,,5,0,65100
113,100,460,1,132,,0,2,19300
7,4,460,1,145,,0,2,19000
15,10,460,1,,,0,0,
12,114,460,1,144,8,2,1,
19,14,461,1,14,11,2,1,31000
99,19,462,1,131,63,3,3,44700
114,15,463,1,,76,2,1,17400
3,6,463,1,13,3,0,4,13600
4,12,463,1,18,,3,3,24100
2,7,463,1,19,2,1,0,29000
100,5,464,1,7,,0,2,12000
10,101,464,1,17,7,5,0,48600
17,11,464,1,145,,0,3,30000
14,13,464,1,6,10,0,3,35300
9,113,465,1,145,,1,0,18300
9,100,466,1,13,,1,1,19000
11,114,467,1,17,,2,1,56100
101,114,468,1,,64,1,1,18500
13,99,468,1,7,9,3,1,75000
11,3,468,1,12,,1,0,71000
12,2,468,1,6,8,5,1,40000
15,4,469,1,6,,0,2,8500
6,14,469,1,132,5,1,1,33500
7,5,469,1,14,,0,0,19600
19,10,469,1,18,11,0,1,35000
113,17,470,1,131,,2,1,16000
100,7,471,1,4,,2,2,8200
3,113,472,1,2,3,0,1,11700
14,11,472,1,17,10,2,2,40100
10,13,472,1,3,7,1,2,53000
17,9,472,1,7,,3,2,27000
4,101,473,1,19,,0,1,18500
2,15,473,1,,2,2,1,22000
114,19,473,1,12,76,1,1,15000
5,12,473,1,8,4,4,2,28100
99,6,474,1,145,63,1,1,25000
113,14,475,1,19,,1,1,25000
12,7,476,1,131,8,4,0,35000
101,2,476,1,2,64,1,0,22000
13,114,476,1,8,9,4,3,52000
6,10,476,1,4,5,0,0,34600
9,3,477,1,18,,1,1,19000
17,100,477,1,6,,3,0,30000
19,4,477,1,,11,3,0,
11,99,477,1,,,4,2,67200
15,5,478,1,12,,2,1,6000
3,17,479,1,145,3,0,0,15100
14,9,480,1,144,10,2,1,40000
114,6,480,1,14,76,1,0,21200
7,15,480,1,7,,1,0,18000
4,13,480,1,17,,1,1,30000
100,12,481,1,,,0,4,8000
99,113,481,1,6,63,1,0,38500
10,11,481,1,132,7,1,2,
2,19,481,1,3,2,0,0,
5,101,482,1,13,4,2,2,22000
113,10,483,1,6,,1,3,25000
13,2,483,1,145,9,6,2,53000
15,12,484,1,6,,0,1,7000
101,7,484,1,19,64,3,0,22500
19,5,484,1,7,11,1,2,35000
3,100,467,1,12,3,2,3,11600
6,4,467,1,2,5,2,0,34000
17,14,467,1,131,,1,2,34600
9,99,485,1,3,,1,0,16000
15,100,486,1,,,1,2,7300
12,101,486,1,145,8,1,0,45600
7,19,486,1,2,,2,1,19500
5,13,486,1,18,4,3,3,26100
2,6,486,1,,2,3,1,28400
4,11,486,1,8,,0,2,34000
114,113,486,1,13,76,0,2,18100
10,9,486,1,6,7,0,0,50000
99,17,486,1,14,63,4,0,35200
14,3,486,1,6,10,0,1,40000
13,7,487,1,3,9,4,2,55000
11,2,487,1,4,,4,1,65700
101,15,487,1,144,64,2,0,18000
19,12,487,1,,11,4,3,35000
6,5,487,1,8,5,0,1,34600
113,4,487,1,14,,1,0,30000
9,114,487,1,131,,4,2,20700
17,10,487,1,13,,1,3,28000
3,99,487,1,6,3,1,1,13000
100,14,487,1,2,,2,2,10000
36,31,360,4,33,21,0,0,60100
43,104,360,4,35,26,5,0,25100
102,103,360,4,30,65,0,5,18100
115,39,360,4,37,77,1,1,24000
40,34,360,4,24,23,3,0,26000
41,27,360,4,26,24,1,0,34200
42,26,360,4,32,25,2,1,52400
29,33,361,4,34,15,0,2,19700
25,116,361,4,39,66,3,2,46200
38,35,362,4,25,22,1,0,38000
103,41,363,4,32,,3,0,20400
27,38,363,4,35,13,1,3,36500
35,43,363,4,37,20,3,2,75300
104,102,363,4,31,67,1,1,26300
116,29,363,4,29,78,0,2,29600
26,40,363,4,26,12,1,1,36200
33,42,363,4,24,18,2,0,42700
39,36,364,4,36,,0,0,27000
34,25,364,4,25,19,2,2,44900
31,115,488,4,40,16,3,0,37700
33,115,489,4,36,18,4,2,41700
41,43,366,4,29,24,3,0,33400
103,31,366,4,147,,2,2,20300
26,104,366,4,27,12,1,1,36100
40,38,366,4,41,23,2,0,25300
29,39,366,4,32,15,2,2,16200
25,102,366,4,33,66,3,1,45500
34,36,367,4,39,19,0,2,44900
42,27,367,4,30,25,1,1,48200
116,35,367,4,26,78,2,3,31600
104,41,369,4,33,67,0,0,26800
36,116,369,4,37,21,6,1,60100
27,103,369,4,36,13,2,0,34000
43,40,369,4,147,26,3,0,25700
35,29,369,4,35,20,4,0,75100
102,33,369,4,25,65,0,0,18200
39,25,369,4,31,,1,1,27100
31,34,369,4,32,16,1,1,42000
115,26,370,4,39,77,1,3,24100
38,42,371,4,34,22,2,2,32500
103,38,372,4,29,,0,3,20500
33,39,372,4,35,18,1,0,41100
116,27,372,4,41,78,4,1,30700
40,115,372,4,33,23,1,0,23900
41,31,372,4,36,24,1,1,33100
29,43,372,4,30,15,1,2,19300
34,35,373,4,27,19,1,2,44300
42,104,373,4,40,25,1,0,49400
25,36,373,4,26,66,1,1,47300
26,102,373,4,24,12,2,1,36100
36,33,375,4,32,21,1,2,60100
38,116,375,4,30,22,3,1,40000
43,25,375,4,27,26,1,2,25700
104,34,375,4,34,67,2,5,26800
115,42,375,4,25,77,2,2,24100
39,103,375,4,41,,2,0,27300
31,29,375,4,39,16,1,0,37700
35,26,375,4,33,20,2,3,75600
27,40,376,4,29,13,1,1,34500
102,41,377,4,31,65,1,2,17400
25,31,379,4,30,66,3,0,47000
33,104,379,4,29,18,4,1,41800
103,115,379,4,26,,2,2,20300
40,102,379,4,34,23,3,2,24000
29,38,379,4,37,15,2,2,18800
41,36,379,4,24,24,1,3,35000
116,43,380,4,31,78,2,2,28000
34,39,380,4,36,19,0,0,44500
26,27,380,4,40,12,2,0,35800
42,35,380,4,39,25,0,3,52200
26,33,381,4,26,12,2,4,36100
43,27,381,4,33,26,1,0,25700
34,115,381,4,147,19,1,0,44900
35,39,381,4,29,20,4,2,75600
103,29,381,4,34,,2,1,19700
40,25,381,4,31,23,1,2,24900
41,116,381,4,40,24,4,1,43900
104,36,381,4,30,67,1,0,26900
31,42,382,4,32,16,1,1,73500
102,38,382,4,41,65,1,1,18000
27,104,385,4,24,13,1,1,33200
36,102,385,4,29,21,1,0,60100
115,43,385,4,34,77,3,3,24100
39,31,385,4,27,,0,0,27000
29,41,385,4,41,15,2,1,19100
25,103,385,4,32,66,1,0,46800
38,34,386,4,25,22,2,2,39600
42,40,386,4,33,25,2,1,49700
116,26,386,4,36,78,1,2,32000
33,35,386,4,31,18,2,3,41600
35,36,388,4,26,20,2,1,75500
43,38,388,4,40,26,2,2,25700
104,39,388,4,25,67,1,0,26100
31,27,388,4,34,16,0,1,41500
103,33,388,4,37,,1,1,20600
26,29,388,4,32,12,0,1,35600
41,25,388,4,39,24,0,0,35000
102,115,389,4,,65,1,1,16800
34,42,389,4,29,19,1,1,44800
40,116,390,4,27,23,2,0,26700
36,43,392,4,24,21,3,3,60100
38,31,392,4,36,22,2,1,36000
115,104,392,4,33,77,0,0,24100
116,103,392,4,25,78,1,1,30500
39,102,392,4,32,,1,0,27600
29,40,392,4,40,15,1,2,17800
27,35,392,4,37,13,2,3,40600
25,26,393,4,35,66,2,1,47200
42,41,393,4,26,25,0,1,51900
33,34,393,4,39,18,1,1,41600
36,26,394,4,39,21,5,2,60100
34,29,394,4,37,19,3,0,45000
25,27,394,4,41,66,5,0,74100
42,103,394,4,24,25,1,2,49400
102,116,394,4,26,65,1,3,18200
115,38,394,4,32,77,2,1,24200
40,33,394,4,35,23,2,1,25900
104,35,394,4,29,67,1,0,26900
43,31,395,4,30,26,1,3,25600
41,39,396,4,33,24,1,1,35000
31,40,398,4,26,16,2,4,36400
38,104,398,4,34,22,1,1,34500
35,102,398,4,30,20,3,1,75600
39,43,398,4,35,,1,0,26900
29,115,398,4,39,15,3,2,15500
27,36,398,4,36,13,0,0,34600
103,34,399,4,41,,0,0,20600
116,42,399,4,32,78,2,0,31400
33,25,399,4,33,18,0,0,41800
26,41,399,4,25,12,3,1,36000
31,102,490,4,25,16,0,0,36500
27,115,490,4,30,13,1,0,28700
116,104,491,4,31,,1,1,29300
39,42,491,4,39,,2,1,26800
103,40,491,4,36,,3,1,20400
26,34,491,4,24,12,2,1,36200
33,43,491,4,29,18,0,0,41700
38,36,491,4,35,22,1,1,37100
35,41,491,4,34,20,1,0,75600
29,25,491,4,27,15,0,2,19600
41,33,402,4,32,24,3,1,35000
36,103,402,4,31,21,0,2,60100
43,26,402,4,33,26,0,3,25400
34,116,402,4,35,19,1,0,44500
25,38,402,4,30,66,1,1,47400
102,27,402,4,39,65,1,1,17400
40,39,402,4,37,23,0,1,24800
115,35,402,4,27,77,3,4,24100
104,31,403,4,24,67,2,1,26200
42,29,404,4,34,25,3,0,43900
36,40,406,4,34,21,2,0,60100
27,39,406,4,147,13,0,0,30100
116,115,406,4,41,78,1,0,29300
31,33,406,4,27,16,1,3,39300
103,104,406,4,39,,3,4,20300
29,102,406,4,24,15,2,2,17200
25,35,407,4,32,66,2,3,47200
38,26,407,4,37,22,2,1,36500
41,34,407,4,30,24,2,3,35000
43,42,408,4,36,26,2,1,25300
42,25,409,4,25,25,1,3,49600
34,27,409,4,40,19,1,3,44600
35,31,409,4,33,20,3,1,75600
104,29,409,4,30,67,2,1,26700
102,43,409,4,28,65,2,1,18200
39,38,409,4,27,,1,1,27000
26,103,410,4,26,12,1,0,53800
40,41,410,4,24,23,0,0,24200
115,36,411,4,29,77,2,5,24200
33,116,492,4,35,18,2,2,39000
29,36,414,4,41,15,0,1,21800
25,115,414,4,26,66,1,0,47000
42,102,414,4,37,25,1,0,50200
116,31,414,4,39,78,0,1,31300
26,39,414,4,36,12,0,0,35700
40,104,414,4,32,23,2,1,25800
41,38,414,4,29,24,1,2,35000
34,43,414,4,31,19,4,0,44600
103,35,493,4,35,,1,1,20700
33,27,493,4,24,18,8,0,41400
38,29,494,4,36,22,2,1,38700
43,116,494,4,24,26,1,1,25700
35,42,494,4,26,20,4,3,75600
104,33,494,4,41,67,0,1,26800
102,40,494,4,33,65,1,2,17800
115,103,494,4,34,77,0,0,24100
31,25,494,4,37,16,1,0,42200
27,26,494,4,31,13,0,4,36900
39,34,494,4,39,,3,1,27500
36,41,495,4,25,21,5,1,60100
31,26,496,4,32,16,1,2,41200
27,29,496,4,37,13,0,3,33400
43,103,496,4,25,26,1,2,25700
35,40,496,4,41,20,2,0,75600
104,25,496,4,34,67,3,4,26800
115,41,496,4,35,77,1,0,24200
39,116,496,4,31,,3,3,26400
36,42,496,4,33,21,7,3,60100
38,33,497,4,39,22,1,2,39500
102,34,497,4,29,65,0,3,18300
40,43,498,4,26,23,1,2,25400
25,39,498,4,35,66,3,0,47200
103,27,498,4,27,,2,2,20400
26,115,498,4,39,12,3,1,36200
41,104,498,4,31,24,2,1,35000
29,35,498,4,25,15,0,4,20300
116,36,498,4,30,78,1,1,31700
33,102,499,4,36,18,0,1,41600
34,31,499,4,24,19,3,0,44200
42,38,499,4,32,25,1,2,49400
102,26,420,4,30,65,0,0,18000
27,116,420,4,27,13,0,1,32500
38,103,420,4,24,22,0,0,35800
43,29,420,4,31,26,1,1,25500
104,42,420,4,29,67,0,0,26800
115,40,420,4,37,77,3,2,23500
39,33,420,4,25,,0,4,27400
31,41,420,4,40,16,3,0,39900
35,34,421,4,39,20,2,1,75500
36,25,421,4,26,21,0,2,60100
34,104,424,4,35,19,5,0,44900
25,43,424,4,41,66,2,0,47300
42,115,424,4,25,25,1,2,49400
103,39,424,4,26,,3,1,19600
41,102,424,4,39,24,1,1,35000
29,31,424,4,29,15,2,3,19200
40,27,424,4,30,23,2,2,25600
33,36,426,4,32,18,2,1,41800
26,35,426,4,33,12,1,1,36000
116,38,427,4,40,78,0,0,24400
27,42,500,4,26,13,1,2,30300
102,25,500,4,24,65,0,0,17900
39,29,500,4,34,,2,2,24400
31,103,500,4,25,16,0,0,35600
36,34,501,4,37,21,2,2,60100
104,26,501,4,40,67,1,1,26800
38,40,501,4,35,22,2,1,31400
35,116,501,4,36,20,2,1,75600
115,33,501,4,27,77,2,2,24100
43,41,501,4,33,26,3,1,24800
102,104,432,4,41,65,0,0,17500
36,39,432,4,33,21,1,0,59900
38,27,432,4,34,22,3,3,38100
42,33,432,4,39,25,3,2,52300
115,31,432,4,36,77,2,1,23800
41,103,432,4,30,24,1,0,35000
29,116,432,4,25,15,2,2,18600
43,35,432,4,37,26,0,1,25700
40,26,433,4,31,23,0,1,25000
25,34,433,4,29,66,2,2,47300
26,42,434,4,24,12,2,1,36200
33,29,434,4,26,18,4,1,41600
104,43,434,4,39,67,0,0,26800
39,115,434,4,35,,2,1,26700
31,36,434,4,29,16,0,1,46400
103,102,434,4,40,,4,1,20500
116,25,434,4,32,78,3,1,31700
27,41,435,4,31,13,2,1,30500
35,38,435,4,27,20,2,0,75500
34,40,436,4,41,19,0,2,44800
34,103,439,4,39,19,5,0,44800
43,39,441,4,30,26,1,0,25500
36,27,441,4,32,21,2,1,60100
104,38,441,4,36,67,2,1,26800
102,35,441,4,29,65,0,2,18300
115,29,441,4,24,77,0,3,22300
40,31,441,4,147,23,2,1,25900
25,33,442,4,25,66,2,0,47300
42,116,442,4,33,25,4,2,52300
41,26,443,4,39,24,2,3,35000
33,40,445,4,37,18,1,0,41500
38,115,445,4,29,22,3,1,35200
35,104,445,4,40,20,4,0,75600
116,102,445,4,39,78,1,2,31700
39,41,445,4,41,,0,1,22700
31,43,445,4,27,16,2,2,39300
103,42,445,4,,,1,0,20400
29,34,445,4,32,15,0,4,20800
26,36,446,4,31,12,2,1,36200
27,25,447,4,26,13,0,1,33200
104,116,383,4,31,67,0,0,26800
102,31,383,4,34,65,3,1,18200
115,27,383,4,41,77,1,2,24100
40,103,383,4,36,23,2,1,24800
42,39,449,4,25,25,2,1,50700
34,26,449,4,35,19,3,2,44800
36,38,502,4,40,21,0,0,60100
25,29,503,4,29,66,1,0,47100
41,35,503,4,30,24,2,2,34700
43,33,503,4,26,26,0,3,25000
38,25,452,4,30,22,2,0,36500
27,102,452,4,37,13,3,2,38600
116,34,452,4,24,78,3,1,32100
39,40,452,4,26,,0,0,26100
103,36,452,4,41,,0,2,20600
35,115,452,4,36,20,1,0,75600
31,104,453,4,33,16,1,1,38600
26,43,453,4,34,12,0,1,36000
33,41,453,4,35,18,2,0,41600
29,42,453,4,27,15,2,1,22300
31,35,454,4,37,16,0,1,43800
36,115,454,4,33,21,4,1,60100
25,42,454,4,40,66,4,0,47200
116,33,454,4,41,78,2,1,31800
103,26,454,4,29,,1,2,20600
41,40,454,4,25,24,3,1,35000
29,104,454,4,39,15,1,0,17800
38,39,454,4,34,22,1,0,34000
27,34,455,4,36,13,1,2,42000
43,102,457,4,30,26,3,2,25100
115,116,459,4,34,77,0,2,24100
104,103,459,4,35,67,2,2,26400
39,27,459,4,31,,1,3,27500
40,36,459,4,39,23,1,2,26100
34,41,460,4,29,19,0,0,45000
26,38,460,4,25,12,2,2,36200
33,31,460,4,40,18,2,1,41500
42,43,460,4,37,25,1,0,51800
102,29,460,4,24,65,1,1,16700
35,25,461,4,26,20,1,2,75500
36,104,463,4,34,21,3,1,60100
27,43,463,4,24,13,1,1,37000
38,102,463,4,36,22,2,0,34900
115,34,463,4,31,77,0,0,24100
116,41,463,4,26,78,1,1,32000
42,31,464,4,39,25,0,3,52400
39,35,464,4,41,,0,2,27200
25,40,504,4,24,66,1,0,46200
29,103,504,4,37,15,2,3,18600
33,26,483,4,26,18,2,2,41600
43,36,468,4,25,26,0,1,25700
104,115,468,4,26,67,2,1,26500
102,39,468,4,33,65,0,2,17400
31,38,468,4,24,16,1,0,44600
103,116,468,4,27,,0,0,20600
40,42,468,4,34,23,1,1,25700
41,29,468,4,40,24,2,0,34500
26,25,469,4,36,12,3,1,36100
34,33,469,4,37,19,2,2,45000
35,27,470,4,29,20,3,0,75600
25,41,472,4,39,66,2,1,47200
38,43,472,4,41,22,1,0,34600
116,40,472,4,,78,0,3,31900
39,104,472,4,29,,1,0,27500
29,26,472,4,32,15,2,2,22300
42,34,472,4,25,25,0,6,52400
115,102,473,4,37,77,0,0,23400
33,103,473,4,31,18,2,0,41800
36,35,473,4,24,21,1,1,60100
27,31,474,4,30,13,6,1,37400
43,115,476,4,40,26,2,4,24100
104,27,476,4,37,67,1,2,26800
103,25,476,4,34,,0,0,20200
26,116,476,4,31,12,1,0,36200
40,29,476,4,30,23,2,3,25800
41,42,476,4,24,24,0,0,35000
102,36,476,4,41,65,0,1,18200
34,38,477,4,35,19,0,0,45000
35,33,477,4,39,20,0,1,75500
31,39,478,4,36,16,1,1,38100
27,33,480,4,36,13,1,2,42100
39,26,481,4,37,,1,2,27500
38,41,481,4,24,22,2,0,39500
43,34,481,4,27,26,1,3,25600
104,40,481,4,39,67,4,0,26800
102,42,481,4,30,65,1,2,17300
31,116,481,4,26,16,1,1,42000
35,103,481,4,41,20,2,1,75600
36,29,505,4,26,21,4,1,60100
115,25,505,4,32,77,0,2,22900
33,38,467,4,29,18,2,1,41800
34,102,467,4,32,19,1,0,44800
25,104,467,4,27,66,2,3,47100
42,36,467,4,39,25,0,1,52400
116,39,467,4,30,78,1,1,31500
103,43,467,4,36,,0,3,20400
26,31,467,4,25,12,1,0,36800
40,35,467,4,35,23,5,5,26400
41,115,467,4,26,24,4,2,35000
29,27,467,4,40,15,2,2,41800
53,56,506,5,54,31,2,1,80645
47,46,363,5,53,29,2,1,50146
49,52,363,5,47,,1,1,22500
105,118,363,5,57,,0,2,30400
51,59,363,5,52,,0,1,50123
117,45,363,5,44,,0,3,18000
58,61,363,5,148,36,2,1,27950
62,57,363,5,55,38,0,1,48280
50,55,364,5,45,30,2,2,49000
52,117,507,5,149,,0,1,28237
55,105,366,5,150,33,3,1,60582
61,49,366,5,50,39,2,0,23635
56,51,366,5,57,34,2,0,42100
59,53,366,5,55,,1,1,50000
46,58,366,5,60,28,0,4,29650
118,47,366,5,151,,0,0,29999
57,50,367,5,48,35,0,4,29451
45,62,367,5,148,,6,1,71000
105,57,508,5,152,,0,0,28512
53,61,369,5,45,31,3,0,80645
45,52,369,5,51,,3,1,71000
47,59,369,5,58,29,2,3,52195
62,118,369,5,62,38,0,0,55039
50,56,369,5,47,30,3,2,49000
117,55,369,5,50,,0,2,18000
49,46,370,5,54,,5,3,22800
58,51,370,5,48,36,3,2,51500
59,58,509,5,54,,1,2,45033
55,45,372,5,57,33,0,2,61673
57,117,372,5,51,35,1,1,25552
52,105,372,5,60,,2,0,28463
51,53,372,5,151,,3,2,57000
118,49,372,5,153,,0,0,26862
61,47,373,5,44,,1,1,27640
56,62,373,5,152,34,2,2,40172
46,50,373,5,52,28,3,1,23575
45,57,510,5,58,,3,0,71000
55,52,510,5,62,33,3,0,59116
117,118,510,5,55,,0,2,16573
58,53,510,5,50,36,3,3,51500
47,51,368,5,47,29,2,2,46233
62,46,368,5,53,38,0,3,41720
50,59,368,5,150,30,4,1,36200
49,56,368,5,148,,1,2,23000
105,61,368,5,153,,1,3,25211
118,55,511,5,44,,2,2,54600
61,117,375,5,152,39,2,0,25798
56,45,375,5,60,34,0,2,42100
59,62,375,5,50,,0,2,43018
46,105,375,5,51,28,0,0,22000
51,50,375,5,54,,1,0,57000
53,47,375,5,48,31,5,0,80645
58,49,376,5,45,36,2,1,49300
57,52,376,5,52,35,0,2,23795
105,56,378,5,57,,3,1,28100
45,46,379,5,135,,2,0,71000
55,57,379,5,53,33,3,0,60700
49,59,379,5,60,,3,0,22800
52,118,379,5,47,,1,0,31600
117,51,379,5,42,,0,1,18000
47,58,380,5,52,29,2,0,51200
62,61,380,5,43,38,2,2,47400
50,53,380,5,44,30,1,1,49000
46,117,512,5,150,28,3,3,22200
53,55,381,5,45,31,1,2,80600
61,52,381,5,53,39,2,2,28100
57,49,381,5,62,35,0,2,25100
58,50,381,5,58,36,3,1,50500
118,45,381,5,54,,0,5,54000
56,47,381,5,154,34,4,0,42100
59,105,382,5,48,,0,0,40200
51,62,382,5,55,,0,1,53100
105,51,513,5,60,,0,2,30700
55,59,385,5,57,33,1,0,61700
49,53,385,5,52,,0,2,24000
52,46,385,5,,,3,0,28100
117,56,385,5,135,,1,1,18000
118,57,385,5,55,,1,4,45700
62,58,386,5,44,38,2,1,54800
45,61,386,5,50,,1,2,71000
50,47,386,5,42,30,2,3,49000
58,117,514,5,51,36,1,1,47400
53,62,388,5,54,31,0,0,80600
47,49,388,5,48,29,1,1,47700
50,105,388,5,46,30,2,0,40000
59,57,388,5,58,,1,0,37600
46,55,388,5,47,28,3,2,30200
51,45,388,5,57,,0,3,57000
61,118,389,5,45,39,3,2,27200
56,52,389,5,49,34,2,1,39100
52,59,391,5,42,,2,1,31400
45,58,392,5,52,,2,0,71000
55,56,392,5,50,33,2,1,61700
49,51,392,5,154,,0,0,24000
105,53,392,5,49,,1,3,30700
118,46,392,5,62,,1,1,41200
57,61,393,5,153,35,3,1,24800
62,50,393,5,45,38,2,4,50600
117,47,393,5,44,,2,4,18000
53,117,394,5,46,31,3,1,80600
47,62,394,5,60,29,1,2,50000
50,49,394,5,47,30,1,2,43800
59,45,394,5,49,,1,1,50000
51,52,394,5,150,,1,0,51300
58,105,394,5,50,36,4,2,47700
61,55,394,5,48,39,2,0,29800
56,118,395,5,53,34,2,1,42100
46,57,395,5,154,28,1,3,20500
118,51,397,5,44,,2,0,54000
45,50,398,5,54,,5,0,71000
55,58,398,5,154,33,1,1,61700
57,56,398,5,51,35,1,1,29700
52,53,398,5,57,,1,2,34000
117,59,398,5,45,,0,0,18000
49,62,399,5,55,,3,0,24000
46,61,399,5,58,28,1,2,22100
105,47,399,5,135,,1,1,30000
53,118,490,5,47,31,1,1,81000
50,117,490,5,52,30,2,0,32300
51,55,490,5,49,,3,1,47100
58,52,490,5,48,36,1,3,47800
47,57,491,5,62,29,2,0,40200
62,105,491,5,153,38,2,1,38900
56,61,491,5,42,34,1,4,37200
49,45,491,5,50,,0,2,24000
59,46,491,5,46,,4,2,30400
118,58,401,5,60,,4,0,51300
55,47,402,5,45,33,1,1,61700
61,59,402,5,51,39,1,0,29300
52,50,402,5,154,,2,1,28300
105,49,402,5,58,,1,1,27100
117,62,402,5,42,,0,1,17400
45,53,402,5,44,,1,1,71000
46,56,403,5,57,28,1,4,23500
57,51,403,5,53,35,1,1,28100
51,46,405,5,60,,2,0,48100
53,57,406,5,48,31,2,3,80700
62,55,406,5,54,38,3,1,55900
59,118,406,5,52,,2,0,40000
49,117,406,5,57,,1,0,22600
105,45,406,5,46,,0,2,30700
58,56,406,5,47,36,4,1,51500
47,52,407,5,42,29,2,0,46600
50,61,407,5,55,30,3,2,45800
45,47,515,5,55,,1,1,71000
61,51,409,5,47,39,3,0,29500
57,58,409,5,44,35,0,2,26500
52,62,409,5,45,,3,1,31400
117,105,409,5,54,,1,1,16300
118,50,409,5,57,,2,1,47600
55,49,409,5,135,33,1,3,60600
46,53,410,5,50,28,1,3,30200
56,59,410,5,49,34,1,1,38600
55,50,423,5,47,33,5,4,60800
45,117,424,5,51,,2,0,71000
61,58,424,5,48,39,3,1,28800
57,62,424,5,45,35,2,0,24100
46,47,424,5,53,28,0,0,26800
52,49,424,5,54,,0,0,27500
56,53,424,5,57,34,0,5,42100
59,51,426,5,55,,1,1,42600
118,105,426,5,49,,2,3,40600
53,59,516,5,60,31,3,0,80000
47,118,428,5,44,29,2,1,50300
50,57,428,5,43,30,2,1,38800
105,55,428,5,58,,0,0,28600
117,52,428,5,52,,0,3,14400
58,46,428,5,46,36,2,1,38100
49,61,428,5,45,,0,0,22500
51,56,429,5,42,,3,2,54800
62,45,429,5,50,38,0,2,60400
56,50,431,5,49,34,2,0,41600
55,117,432,5,153,33,1,2,60700
57,105,432,5,52,35,1,1,22300
46,49,432,5,62,28,2,1,24000
52,45,432,5,60,,0,3,34000
118,62,432,5,48,,3,1,44200
51,58,432,5,54,,0,2,52500
59,47,433,5,50,,2,1,37800
61,53,433,5,47,39,2,3,30200
53,51,434,5,49,31,1,4,80600
47,61,434,5,57,29,3,3,46000
62,56,434,5,154,38,1,4,41200
50,46,434,5,150,30,1,0,35200
117,57,434,5,,,0,1,15000
58,59,434,5,58,36,0,0,45400
45,55,434,5,44,,4,0,71000
105,52,435,5,135,,1,1,25500
49,118,435,5,46,,1,0,21200
57,45,437,5,54,35,0,2,30000
61,105,438,5,51,39,2,1,22800
56,49,438,5,53,34,2,3,38500
52,55,438,5,48,,2,2,34000
51,47,438,5,62,,1,0,54600
118,117,438,5,55,,1,0,37400
53,58,438,5,45,31,3,0,80500
59,50,439,5,42,,2,2,36100
46,62,439,5,,28,0,1,28800
49,58,440,5,44,,0,0,23400
45,56,441,5,52,,6,1,71000
62,59,441,5,135,38,1,1,46600
50,51,441,5,57,30,5,1,49000
52,57,441,5,53,,1,1,27200
105,46,441,5,50,,2,1,28200
55,118,441,5,60,33,2,1,61700
47,53,442,5,154,29,1,1,54000
117,61,442,5,46,,0,0,14600
58,47,444,5,47,36,0,1,51500
53,50,445,5,55,31,3,1,80600
57,55,445,5,49,35,1,4,29300
56,105,445,5,,34,0,1,39200
59,49,445,5,54,,1,1,38200
51,117,445,5,150,,1,1,47200
61,62,445,5,48,39,2,1,27100
46,45,446,5,42,28,0,1,30200
118,52,446,5,45,,1,1,40200
105,59,448,5,154,,1,2,30700
45,118,383,5,135,,3,2,71000
55,53,383,5,44,33,2,1,61700
49,57,383,5,51,,2,5,22900
52,61,383,5,50,,1,0,30100
117,46,383,5,57,,0,3,15800
47,56,383,5,48,29,1,1,54000
50,58,449,5,153,30,0,0,44800
62,51,449,5,58,38,0,1,47100
57,118,451,5,58,35,1,1,24500
53,49,452,5,60,31,5,1,80600
56,117,452,5,51,34,2,2,39800
59,55,452,5,46,,3,0,46100
46,52,452,5,62,28,0,0,24500
51,105,452,5,55,,0,1,52500
61,45,452,5,44,39,1,2,30200
58,62,453,5,53,36,1,2,50600
47,50,453,5,49,29,1,0,46200
55,46,454,5,45,33,3,0,60700
62,53,454,5,47,38,1,2,60000
49,47,454,5,154,,2,0,24000
52,56,454,5,49,,1,1,33400
105,50,454,5,52,,0,2,28500
118,61,454,5,54,,1,4,53400
45,51,454,5,,,9,2,71000
57,59,455,5,42,35,2,2,25500
117,58,455,5,46,,2,3,18000
46,118,458,5,48,28,3,0,28000
53,105,459,5,51,31,4,2,80400
47,117,459,5,153,29,1,0,50200
61,57,459,5,53,39,1,1,29300
56,55,459,5,57,34,0,2,42100
58,45,459,5,50,36,0,1,51500
51,49,459,5,45,,0,1,53000
59,52,460,5,135,,2,1,35100
50,62,460,5,58,30,0,0,46000
49,50,462,5,47,,3,1,24000
45,59,463,5,60,,4,0,71000
57,46,463,5,150,35,2,2,24200
52,51,463,5,44,,1,2,34000
117,53,463,5,52,,1,6,18000
118,56,463,5,55,,2,2,54600
55,61,463,5,49,33,2,2,61600
62,47,464,5,48,38,2,0,53400
105,58,464,5,,,2,0,30700
47,105,466,5,46,29,1,0,50200
53,52,468,5,50,31,2,0,80600
61,46,468,5,,39,5,0,28700
50,45,468,5,54,30,1,6,49000
51,118,468,5,62,,2,1,57000
58,55,468,5,154,36,1,0,51500
56,57,468,5,45,34,0,3,41000
62,49,469,5,42,38,2,1,50600
59,117,469,5,49,,0,1,50000
117,50,471,5,42,,2,3,15400
45,49,472,5,58,,1,0,71000
61,56,472,5,47,,1,0,30200
57,47,472,5,135,35,3,1,30000
46,59,472,5,51,28,2,1,28700
105,62,472,5,49,,3,0,30700
118,53,472,5,60,,1,2,54000
52,58,473,5,57,,0,0,34000
55,51,473,5,53,33,4,1,61600
47,55,475,5,50,29,0,1,54000
62,117,476,5,,38,0,2,48300
50,52,476,5,48,30,2,2,48000
56,46,476,5,62,34,2,2,42100
59,61,476,5,55,,0,2,40600
58,118,476,5,53,36,3,1,51500
53,45,476,5,44,31,1,1,80600
49,105,477,5,54,,2,0,24000
51,57,477,5,46,,1,1,50100
45,105,480,5,52,,3,0,71000
55,62,480,5,47,33,1,2,61700
61,50,480,5,153,39,3,1,29900
57,53,480,5,154,35,3,3,30000
56,58,480,5,49,34,1,1,42100
46,51,480,5,58,28,1,4,30200
52,47,480,5,45,,2,4,34000
117,49,480,5,150,,1,2,16700
118,59,480,5,57,,1,2,53500
53,46,484,5,46,31,1,2,80600
47,45,484,5,42,29,3,4,54000
62,52,484,5,60,38,2,2,51000
50,118,484,5,44,30,3,0,49000
59,56,484,5,152,,3,2,46100
49,55,484,5,45,,1,2,24000
105,117,484,5,55,,3,1,30100
51,61,484,5,48,,0,1,57000
58,57,484,5,54,36,2,2,51500
72,71,517,2,80,44,1,1,19600
75,73,518,2,80,46,1,0,13300
76,21,518,2,64,,1,2,21200
119,77,518,2,155,79,0,1,10600
109,79,518,2,136,71,2,3,9000
70,121,518,2,69,,2,3,12600
67,107,518,2,20,,0,1,9300
68,74,518,2,81,43,2,2,38100
69,65,518,2,70,,0,1,20300
120,66,519,2,71,80,0,1,21000
21,75,520,2,83,,1,1,47800
65,119,360,2,,,4,1,25200
74,72,360,2,67,,2,1,14200
121,120,360,2,70,,2,1,14000
73,109,360,2,78,45,1,0,11600
71,76,360,2,77,,2,1,13200
77,67,360,2,,,0,0,12600
79,69,361,2,,48,1,0,22200
66,70,361,2,75,42,2,0,33300
107,68,361,2,74,69,0,0,10500
109,65,506,2,64,71,1,1,13600
67,21,363,2,68,,2,2,8800
75,71,363,2,155,46,0,1,13200
119,74,363,2,71,79,2,2,10200
120,70,363,2,67,80,1,0,13000
69,121,363,2,136,,3,2,16200
77,107,363,2,69,47,3,0,11900
76,73,364,2,74,,4,0,20900
72,66,364,2,20,44,0,1,26400
68,79,364,2,80,43,0,0,41200
65,77,366,2,77,,3,2,25300
107,109,366,2,68,69,2,0,5900
74,75,366,2,80,,3,0,14200
70,72,366,2,136,,1,3,9600
121,76,366,2,75,,0,3,15900
73,119,366,2,,45,2,1,11100
71,120,366,2,133,,1,1,12500
79,67,367,2,78,48,1,1,18000
66,69,367,2,67,42,3,1,32800
21,68,367,2,20,,1,2,32700
68,71,508,2,65,43,2,0,43200
120,72,508,2,81,80,3,1,15800
119,21,369,2,69,79,1,1,11200
76,70,369,2,71,,0,1,25600
109,121,369,2,74,71,3,0,8600
67,73,369,2,83,,4,2,9100
77,79,369,2,64,,0,0,15100
69,74,370,2,155,,1,2,20500
65,107,370,2,75,,2,0,25700
75,66,370,2,78,46,0,1,
72,76,509,2,64,44,1,1,16700
121,68,372,2,71,,0,4,16100
74,67,372,2,,,1,1,14900
70,119,372,2,78,,3,1,12900
73,77,372,2,68,45,2,1,10600
120,75,372,2,69,80,2,0,13400
71,69,372,2,83,,2,2,13000
79,107,373,2,,48,2,2,16300
66,109,373,2,70,42,1,0,33800
21,65,373,2,74,72,1,1,43500
69,21,511,2,70,,2,0,17100
68,70,375,2,83,43,2,0,
107,73,375,2,67,69,1,0,
75,72,375,2,133,46,0,2,
119,71,375,2,20,79,0,2,
109,74,375,2,136,71,1,1,
67,121,375,2,65,,2,2,
77,66,376,2,75,47,4,1,
76,120,376,2,,,0,0,
65,79,376,2,66,,0,2,
76,75,378,2,68,,4,0,
72,109,379,2,78,44,2,3,
70,69,379,2,133,,0,1,
21,107,379,2,64,,2,0,
121,119,379,2,155,,3,2,
120,67,379,2,77,80,3,1,
71,77,379,2,69,,2,2,
73,79,380,2,74,45,1,1,
74,65,380,2,71,51,1,1,
66,68,380,2,81,42,2,2,
79,21,512,2,20,48,1,1,
68,120,381,2,136,43,1,0,
75,70,381,2,77,46,1,1,
109,71,381,2,67,71,0,4,
67,76,381,2,75,,1,1,
69,72,381,2,80,,2,1,
77,74,381,2,65,47,6,1,
107,121,382,2,66,69,0,0,
65,73,382,2,,,1,0,
119,66,382,2,83,79,1,0,
76,69,513,2,78,,2,0,22900
21,77,385,2,77,,2,1,45500
75,68,385,2,65,46,0,1,18300
72,67,385,2,136,44,3,1,15500
120,119,385,2,81,80,1,1,14500
71,73,385,2,133,,3,1,30200
74,107,386,2,69,51,4,4,15200
121,79,386,2,68,,3,1,13600
70,109,521,2,155,,2,1,14200
66,65,491,2,74,42,1,4,35400
73,74,514,2,81,45,2,0,
68,76,388,2,66,43,1,2,
119,72,388,2,133,79,1,1,
109,21,388,2,,71,0,2,
67,75,388,2,83,,2,1,
69,120,388,2,74,,1,0,
77,70,388,2,20,,3,1,
107,66,389,2,65,69,0,2,
65,121,389,2,77,,5,2,
79,71,389,2,70,48,1,0,
75,69,391,2,155,46,1,3,
21,73,392,2,69,,1,0,
76,119,392,2,20,,2,0,
121,77,392,2,64,,2,3,
120,109,392,2,68,80,1,2,
71,107,392,2,75,,2,4,
66,67,393,2,71,42,2,2,
74,79,393,2,78,51,0,4,
70,65,393,2,80,,1,1,
72,68,393,2,74,44,1,1,
74,21,522,2,67,51,2,0,14300
68,69,394,2,77,43,1,2,42200
107,70,394,2,,69,0,1,6200
119,75,394,2,70,79,3,3,11700
109,76,394,2,83,71,2,2,12500
73,121,394,2,65,45,3,0,11700
77,72,394,2,66,47,1,1,15000
65,120,395,2,133,,3,0,33200
67,71,395,2,81,,1,0,9100
79,66,395,2,64,48,1,0,28500
76,77,397,2,71,,1,0,
68,119,398,2,75,43,4,0,
75,107,398,2,68,46,1,1,
70,67,398,2,69,,0,1,
121,74,398,2,80,,2,1,
120,73,398,2,155,80,0,0,
69,109,398,2,136,,0,1,
72,79,399,2,20,44,1,0,
71,65,399,2,78,,3,0,
66,21,399,2,66,42,1,0,
107,76,401,2,155,69,0,0,
65,72,402,2,64,,1,0,
109,75,402,2,66,79,1,1,
79,70,402,2,136,48,2,2,
21,121,402,2,70,,0,0,
67,68,402,2,20,,2,1,
77,120,402,2,,,1,0,
73,66,403,2,77,45,1,2,
119,69,403,2,65,79,2,3,
74,71,403,2,83,51,1,0,
71,121,405,2,20,,0,0,
68,109,406,2,67,43,4,0,
75,77,406,2,77,46,1,1,
119,67,406,2,74,79,1,1,
70,21,406,2,78,,1,1,
72,107,406,2,71,44,3,0,
69,73,406,2,80,,2,2,
120,79,407,2,75,80,0,0,
66,74,407,2,133,42,0,3,
76,65,407,2,81,,0,1,
67,69,488,2,70,,1,0,
77,68,488,2,83,,0,4,
21,71,488,2,68,,2,0,
107,120,523,2,81,69,2,0,
109,119,523,2,64,71,2,0,
74,70,523,2,155,51,2,0,
65,75,523,2,69,,1,1,
73,72,523,2,,45,1,2,
121,66,523,2,71,,1,2,
79,76,524,2,74,48,0,0,19100
69,77,515,2,66,,2,0,13300
71,66,409,2,136,,0,1,
119,107,409,2,77,79,3,2,
70,73,409,2,133,,1,2,
72,121,409,2,67,44,4,0,
67,109,409,2,75,,3,2,
120,21,409,2,65,80,1,1,
75,79,410,2,78,46,1,1,
76,74,410,2,79,,0,2,
68,65,410,2,80,43,1,0,
73,68,413,2,68,45,0,3,14600
21,72,414,2,155,,4,1,44700
107,69,414,2,20,69,2,4,6300
74,120,414,2,69,51,2,2,16500
79,119,414,2,83,48,0,0,19700
65,67,414,2,,,3,0,30900
121,75,414,2,79,,4,2,1200
77,109,493,2,70,,2,1,14300
71,70,493,2,64,,2,0,16400
66,76,493,2,67,42,1,0,37000
76,71,419,2,80,,2,2,18400
68,107,419,2,70,43,0,0,42000
119,65,420,2,67,79,1,2,13500
75,21,420,2,75,46,2,2,13700
109,73,420,2,71,71,0,2,7400
72,74,420,2,66,44,2,0,15500
69,79,420,2,81,,0,2,22300
120,121,421,2,78,80,1,2,13000
67,77,421,2,136,,5,0,6500
70,66,421,2,77,,3,1,13500
65,109,423,2,20,,0,0,
70,120,424,2,70,,1,0,
66,72,424,2,64,42,3,2,
107,77,424,2,69,69,1,1,
74,119,424,2,,51,3,2,
73,76,424,2,155,45,0,1,
71,75,424,2,68,,2,1,
121,69,426,2,74,,0,2,
21,67,426,2,83,,0,2,
79,68,426,2,79,48,0,1,
77,65,516,2,74,47,0,2,
69,66,428,2,81,,2,2,
75,74,428,2,80,46,2,1,
119,73,428,2,136,79,2,1,
109,107,428,2,133,71,1,1,
72,70,428,2,71,44,2,0,
120,71,428,2,67,80,1,1,
76,121,429,2,75,,3,0,
67,79,429,2,66,,0,1,
68,21,429,2,77,43,1,0,
71,68,431,2,81,,0,4,
74,69,432,2,75,51,2,2,
70,76,432,2,69,,1,2,
79,77,432,2,78,48,2,0,
21,119,432,2,70,,1,1,
121,109,432,2,68,,0,0,
73,67,432,2,79,45,0,2,
107,65,433,2,64,69,3,1,
72,120,433,2,,44,3,1,
66,75,433,2,83,42,0,1,
68,121,525,2,67,43,3,1,
76,72,434,2,78,,4,1,
107,79,434,2,77,69,1,0,
75,120,434,2,74,46,1,2,
119,70,434,2,133,79,0,0,
67,74,434,2,155,,1,1,
77,73,434,2,20,47,2,1,
109,66,435,2,80,71,1,1,
69,71,435,2,71,,2,0,
65,21,435,2,66,,1,3,
21,69,437,2,69,,2,0,
66,77,438,2,68,42,1,0,
74,109,438,2,79,51,2,1,
72,75,438,2,67,44,1,0,
121,67,438,2,83,,0,1,
73,107,438,2,66,45,1,1,
71,119,438,2,75,,2,2,
79,65,439,2,70,48,0,4,27200
120,76,439,2,136,80,1,1,19200
70,68,439,2,64,,3,2,19400
67,120,440,2,64,,2,0,
69,70,441,2,83,,2,2,
107,21,441,2,136,69,1,3,
75,76,441,2,70,46,0,3,
119,121,441,2,71,79,0,0,
109,72,441,2,79,,0,1,
77,71,441,2,133,47,0,0,
65,74,442,2,78,,3,1,
79,73,442,2,68,48,0,2,
68,66,442,2,77,43,2,0,
72,69,444,2,133,44,2,0,
120,68,445,2,78,80,1,0,
76,67,445,2,75,,4,0,
74,77,445,2,69,51,1,1,
70,75,445,2,79,,1,2,
121,107,445,2,74,,1,0,
71,109,445,2,70,,0,0,
73,65,446,2,71,45,1,1,
66,119,446,2,66,42,2,1,
21,79,446,2,20,,2,1,
69,76,448,2,78,,2,2,26500
68,75,383,2,155,43,2,1,45000
107,74,383,2,133,69,1,0,6300
119,120,383,2,79,79,4,2,12600
109,70,383,2,136,,5,1,8800
73,71,383,2,83,45,0,1,12900
77,21,383,2,67,,1,3,18500
67,72,449,2,81,,2,0,11600
79,121,449,2,80,48,1,0,16000
65,66,449,2,74,,0,0,38800
66,107,451,2,70,42,0,0,
121,65,452,2,66,,4,1,
74,73,452,2,67,51,4,0,
70,77,452,2,71,,1,1,
21,109,452,2,75,,1,2,
72,119,452,2,64,44,1,1,
120,69,452,2,68,80,1,0,
75,67,453,2,20,46,1,0,
71,79,453,2,69,,0,0,
76,68,453,2,80,,2,2,
68,72,526,2,83,43,1,0,44700
119,76,454,2,155,79,2,2,19800
107,71,454,2,78,69,2,3,6500
109,120,454,2,74,71,2,2,10400
79,74,454,2,79,48,1,1,18200
69,75,454,2,69,,0,2,
77,121,454,2,136,47,3,4,17000
67,66,455,2,66,,0,1,17000
73,21,455,2,81,45,1,2,11800
65,70,455,2,133,,1,2,34700
66,79,458,2,81,42,1,0,32800
69,68,459,2,71,,0,2,28100
75,119,459,2,68,46,1,0,19100
70,107,459,2,75,,0,0,16800
72,77,459,2,78,44,3,1,17500
121,73,459,2,133,,4,0,13400
71,67,459,2,74,,3,4,11200
76,109,460,2,,,1,0,25600
120,65,460,2,67,80,1,0,20300
21,74,460,2,20,,5,0,38600
22,90,527,3,101,,5,0,38500
77,76,462,2,75,47,0,0,
119,68,463,2,136,79,0,1,
107,75,463,2,66,69,1,1,
109,69,463,2,155,71,4,2,
74,121,463,2,78,51,4,1,
79,72,463,2,133,48,4,2,
73,120,463,2,71,45,0,2,
67,70,464,2,69,,3,0,
65,71,464,2,70,,3,1,
21,66,464,2,83,,0,0,
72,65,466,2,71,44,1,2,
66,73,468,2,136,42,1,0,
121,21,469,2,75,,1,2,
75,109,469,2,79,46,3,1,
70,79,469,2,65,,2,2,
120,77,469,2,69,80,0,1,
71,74,469,2,,,0,1,
68,67,469,2,81,43,3,0,
76,107,528,2,79,,4,2,
69,119,528,2,66,,1,2,
21,70,471,2,78,,3,3,
74,66,472,2,133,51,0,1,
107,72,472,2,155,69,2,1,
79,120,472,2,83,48,0,0,
121,71,472,2,77,,0,0,
73,69,472,2,64,45,0,2,
77,75,472,2,74,47,0,0,
65,76,473,2,66,,1,1,
67,119,473,2,80,,3,1,
109,68,473,2,67,71,0,1,
76,79,475,2,70,,0,0,
66,121,476,2,68,42,2,1,
119,109,476,2,75,79,1,0,
70,74,476,2,155,,1,0,
72,73,476,2,69,44,2,1,
120,107,476,2,,80,1,1,
71,21,476,2,81,,4,2,
69,67,477,2,136,,0,3,
75,65,477,2,64,46,0,3,
68,77,477,2,65,43,1,1,
21,120,479,2,133,,3,0,
66,71,480,2,71,42,2,1,
107,119,480,2,83,69,0,1,
79,75,480,2,78,48,3,2,
121,72,480,2,80,,3,1,
73,70,480,2,74,45,0,2,
77,69,480,2,67,47,4,1,
74,76,481,2,77,51,3,1,
109,67,481,2,20,71,4,0,
65,68,481,2,79,,0,1,
75,121,484,2,66,46,1,2,19000
76,66,484,2,64,,2,0,25300
119,79,484,2,71,79,1,0,15800
109,77,484,2,70,71,2,0,13600
70,71,484,2,75,,1,2,18500
72,21,484,2,77,44,0,0,17600
68,73,484,2,20,43,3,1,45000
120,74,484,2,81,80,1,0,18000
69,107,484,2,69,,1,1,15800
67,65,467,2,74,,1,1,16000
107,67,486,2,66,69,0,2,
74,68,486,2,136,51,1,3,
79,109,486,2,80,48,2,1,
21,76,486,2,20,,1,1,45900
66,120,486,2,77,42,0,0,34800
65,69,486,2,78,,2,0,38700
121,70,486,2,67,,0,0,14600
73,75,486,2,,45,1,2,9700
71,72,486,2,155,,2,0,12800
77,119,486,2,74,47,2,1,18800
89,82,363,3,114,56,2,1,24600
24,86,363,3,103,,2,0,37500
85,87,364,3,98,,0,1,36300
111,97,364,3,21,73,0,1,10000
84,90,364,3,127,53,2,0,6000
95,91,364,3,113,,2,0,20000
88,98,364,3,111,55,0,3,20800
122,23,364,3,115,,0,3,21300
22,94,364,3,112,,2,2,50000
110,123,364,3,123,,0,0,8300
123,122,366,3,101,,3,0,16000
90,85,366,3,23,57,1,3,27500
82,24,367,3,105,,1,4,23000
91,111,367,3,100,58,1,1,
94,95,367,3,22,60,3,2,12000
23,22,367,3,99,,1,3,43400
97,88,367,3,107,,3,0,35000
98,89,367,3,102,62,2,1,30000
86,84,367,3,121,54,2,0,9900
87,110,367,3,96,,2,1,22000
88,91,369,3,114,55,1,1,12600
85,111,369,3,111,,0,1,34800
84,97,370,3,113,53,1,3,11000
89,94,370,3,117,56,2,0,34000
95,24,370,3,96,,1,3,20500
98,86,370,3,21,62,3,1,37000
122,87,370,3,119,,2,3,21800
22,90,370,3,115,,2,3,44500
110,82,370,3,112,,2,2,10500
123,23,370,3,98,,0,2,26000
86,89,372,3,105,54,1,1,14500
24,84,372,3,101,,2,0,38400
87,123,373,3,127,,1,1,23500
111,88,373,3,123,73,1,0,14000
90,122,373,3,103,57,1,1,19000
91,22,373,3,,58,0,3,
94,98,373,3,99,60,0,0,15500
23,110,373,3,121,,0,2,42000
82,85,373,3,107,,2,1,18500
97,95,373,3,102,,0,1,30000
89,24,510,3,23,56,0,0,38400
122,88,368,3,117,,1,0,11400
94,111,368,3,139,60,2,1,13200
84,23,368,3,100,53,0,2,15000
95,86,368,3,115,,1,1,17000
85,91,368,3,112,,2,0,28000
98,97,368,3,98,62,3,0,30000
22,87,368,3,114,,1,1,37100
123,82,368,3,111,,0,0,12000
110,90,529,3,21,,1,0,
86,85,375,3,96,54,1,1,14400
24,22,375,3,113,,4,1,39200
82,95,376,3,103,,0,0,16500
111,123,376,3,121,73,1,5,14700
90,94,376,3,123,57,4,0,19700
91,122,376,3,102,58,1,2,4400
97,110,376,3,101,,2,1,25000
88,84,376,3,99,55,4,1,16000
87,98,376,3,23,,0,1,29000
23,89,376,3,22,,2,1,41100
84,87,379,3,21,53,2,1,10000
95,88,379,3,109,,1,1,18000
22,111,380,3,98,,2,0,40200
94,86,380,3,127,60,2,0,15200
89,90,380,3,111,56,1,0,22500
122,97,380,3,126,,0,3,14000
110,24,380,3,114,,1,2,14500
123,91,380,3,107,,0,1,16500
85,23,380,3,105,,0,1,72000
98,82,380,3,117,62,2,1,40000
24,98,381,3,102,,2,0,41000
97,85,381,3,23,,3,2,30000
91,90,382,3,96,58,1,0,5000
111,110,382,3,113,73,2,1,14500
84,89,382,3,115,53,1,1,9500
23,94,382,3,101,,2,0,41500
88,123,382,3,103,55,0,0,17500
86,87,382,3,100,54,2,1,13800
82,122,382,3,22,,1,0,18500
95,22,382,3,111,,2,4,19000
110,88,385,3,127,,0,0,8700
85,95,385,3,114,,1,0,33000
94,24,386,3,21,60,0,1,14000
90,23,386,3,112,57,1,3,24000
89,97,386,3,99,56,2,0,20300
122,111,386,3,105,,0,0,13000
87,91,386,3,96,,0,1,22500
123,86,386,3,123,,1,3,16500
98,84,386,3,107,62,1,0,25000
22,82,386,3,121,,2,3,36500
88,85,530,3,113,55,2,2,12300
111,98,531,3,111,73,1,0,14900
91,110,531,3,115,58,4,2,4000
84,122,531,3,122,53,2,0,9500
23,87,531,3,117,,3,2,41400
24,90,531,3,103,,2,1,38900
97,123,531,3,22,,1,1,16000
86,22,531,3,102,54,3,2,12100
82,94,531,3,96,,2,2,10000
95,89,532,3,98,,0,1,19000
85,84,388,3,123,,5,1,33400
24,23,388,3,23,,1,3,40600
122,86,389,3,121,,2,0,14000
90,82,389,3,99,57,1,1,19500
94,97,389,3,114,60,4,0,14300
89,91,389,3,127,56,4,1,21500
98,123,389,3,105,62,1,1,38000
87,111,389,3,101,,1,2,22800
110,95,389,3,100,,1,0,10500
22,88,389,3,112,,4,1,30600
91,94,392,3,140,58,0,0,13000
122,24,392,3,98,,1,6,22000
88,87,393,3,21,55,2,0,17000
84,82,393,3,117,53,2,2,9500
95,98,393,3,113,,2,4,20500
97,22,393,3,96,,3,2,49000
85,89,393,3,103,,1,3,50300
86,110,393,3,107,54,0,0,14500
123,90,393,3,21,,1,0,14500
111,23,393,3,102,73,3,2,
24,97,394,3,111,,0,0,38800
98,85,394,3,99,62,2,2,50000
90,88,395,3,105,57,3,0,19600
94,84,395,3,100,60,2,1,13000
89,111,395,3,112,56,4,1,22300
23,91,395,3,123,,2,2,40200
110,122,395,3,139,,1,0,9600
82,86,395,3,101,,2,2,14500
87,95,395,3,114,,3,1,32000
22,123,396,3,115,,2,0,23900
88,94,398,3,103,55,3,1,21000
111,95,399,3,117,73,0,1,14500
84,110,399,3,121,53,0,0,9200
122,22,399,3,21,,0,1,15000
87,90,399,3,107,,1,0,24000
123,89,399,3,102,,2,2,15500
85,24,399,3,113,,1,0,67000
91,98,400,3,22,58,0,1,16000
86,23,400,3,98,54,1,0,16100
97,82,490,3,127,,3,0,20000
94,85,401,3,111,60,1,3,16500
24,123,402,3,96,,3,0,40000
98,122,403,3,100,62,5,1,38500
90,111,403,3,22,57,2,1,19000
95,84,403,3,23,,2,4,16800
23,88,403,3,99,,1,0,42100
97,86,403,3,115,,2,1,29500
110,22,403,3,114,,1,3,9300
82,91,403,3,109,,4,1,17500
89,87,403,3,105,56,2,2,24000
111,86,406,3,127,73,2,1,12900
22,89,406,3,98,,4,2,41700
91,84,407,3,101,58,0,2,10000
88,24,407,3,112,55,0,1,22700
122,95,407,3,107,,2,0,14500
110,94,407,3,117,,1,3,9600
123,85,407,3,103,,2,4,15500
23,98,407,3,113,,2,1,41000
87,82,408,3,21,,0,2,21400
90,97,408,3,102,57,0,0,15500
82,88,409,3,100,,1,1,12000
97,23,409,3,114,,1,0,45500
89,110,410,3,23,56,4,1,22000
94,87,410,3,123,60,3,1,14000
84,22,410,3,99,53,1,0,10000
95,123,410,3,111,,1,1,21000
24,111,410,3,121,,3,0,39600
85,122,410,3,22,,4,1,42500
86,91,410,3,122,54,4,1,14500
98,90,410,3,105,62,2,3,25000
122,94,413,3,103,57,2,1,10200
91,24,413,3,102,54,1,3,8500
23,95,414,3,21,,1,1,41500
111,82,414,3,115,73,1,1,16100
90,86,414,3,101,57,1,2,19000
88,89,414,3,107,55,0,3,18500
87,97,414,3,113,,0,1,22500
110,98,414,3,112,,0,2,10000
123,84,414,3,98,,2,0,15000
22,85,414,3,96,,4,2,52000
94,123,416,3,99,60,0,0,15000
97,91,416,3,111,,2,1,30000
82,23,417,3,22,,3,0,29000
84,111,417,3,,53,1,0,8500
89,122,417,3,123,56,0,2,21500
95,90,417,3,98,,2,0,19000
24,87,417,3,105,,1,2,38600
85,110,417,3,127,,2,1,48000
86,88,417,3,117,54,2,1,13500
98,22,417,3,23,62,4,1,50000
90,84,420,3,121,57,4,0,20200
23,122,420,3,107,,2,0,39100
123,110,421,3,140,,3,2,10000
97,111,421,3,100,,2,0,29600
82,89,421,3,103,,3,1,16800
91,95,421,3,96,58,2,1,8500
86,24,421,3,112,54,1,1,19300
98,88,421,3,21,62,3,0,39000
94,22,421,3,102,60,1,0,20000
87,85,421,3,115,,0,0,25500
88,97,424,3,96,55,2,2,21400
24,82,424,3,98,,4,0,36600
89,98,426,3,99,56,1,1,21700
85,90,426,3,117,,2,1,44500
95,94,426,3,113,,0,2,16000
84,86,426,3,127,53,1,1,9000
110,87,426,3,101,,1,0,10000
122,123,426,3,114,,0,2,13500
111,91,426,3,23,73,1,1,12000
22,23,426,3,111,,1,1,42100
97,84,428,3,123,,0,1,24900
24,95,428,3,115,,1,1,36700
90,22,429,3,22,57,3,3,19100
94,89,429,3,107,60,2,1,13500
111,85,429,3,21,73,0,1,24000
86,98,429,3,96,54,1,2,25000
91,88,429,3,105,58,1,1,12500
87,122,429,3,109,,6,0,22300
82,110,429,3,100,,1,0,20000
23,123,429,3,121,,2,2,40100
22,91,431,3,99,,2,4,32800
123,87,432,3,113,,0,0,14000
98,94,432,3,127,62,2,0,40000
84,24,433,3,99,53,1,2,9000
88,111,433,3,102,55,1,2,23500
122,90,433,3,112,,2,3,13500
110,23,433,3,117,,3,1,15000
95,97,433,3,23,,3,2,19500
89,86,433,3,101,56,2,0,22500
85,82,433,3,105,,2,1,35200
24,89,434,3,114,,2,0,40500
97,98,434,3,111,,1,1,40200
86,95,435,3,100,54,0,0,11200
111,94,435,3,121,73,0,0,13600
91,85,435,3,22,58,1,1,16000
88,122,435,3,139,55,1,1,15000
87,22,435,3,107,,3,1,25000
90,110,435,3,123,57,1,1,21500
82,123,435,3,98,,1,0,15000
23,84,435,3,115,,3,1,37900
85,86,437,3,121,,2,1,33100
84,88,438,3,23,53,1,1,10000
22,24,438,3,96,,1,0,55000
123,111,439,3,99,,2,1,19000
94,90,439,3,101,60,1,0,14500
122,91,439,3,21,,0,2,12800
98,87,439,3,117,62,0,0,45000
95,82,439,3,127,,1,0,16000
89,23,439,3,113,56,4,1,27800
110,97,533,3,22,,3,0,8700
88,95,441,3,111,55,0,0,19000
87,84,442,3,,,2,0,21200
86,94,442,3,123,54,1,2,12800
111,22,442,3,112,73,2,3,14000
24,110,442,3,107,,3,0,27000
91,123,442,3,100,58,4,3,
23,85,442,3,114,,1,1,79300
82,98,443,3,102,,0,0,23000
97,122,443,3,103,,2,0,20000
90,89,534,3,115,57,2,1,17900
98,24,444,3,111,62,1,1,60000
85,97,445,3,113,,3,0,44600
123,88,446,3,96,,0,0,23500
110,111,446,3,23,,0,2,8800
90,91,446,3,98,57,3,0,19000
89,84,446,3,117,56,2,1,22000
94,23,446,3,99,60,2,3,13800
87,86,446,3,105,,1,0,21500
122,82,446,3,101,,0,1,12800
22,95,446,3,21,,3,1,35000
95,85,448,3,102,,0,2,22000
82,22,383,3,115,,1,1,20000
111,122,449,3,107,73,2,1,20000
24,94,449,3,22,,1,0,40000
84,98,449,3,96,53,2,0,10000
91,87,449,3,121,58,3,1,
88,110,449,3,103,55,1,2,18200
86,123,449,3,,54,4,1,12700
23,90,449,3,127,,0,1,39100
97,89,449,3,21,,0,2,25000
94,82,452,3,112,60,3,1,12000
90,24,452,3,99,57,0,2,34400
110,91,453,3,117,,0,0,8600
98,111,453,3,105,62,3,2,39000
122,84,453,3,114,,0,2,12000
89,95,453,3,113,56,3,2,21300
85,88,453,3,100,,2,0,41600
123,97,453,3,23,,1,0,14000
22,86,453,3,101,,2,0,35000
87,23,535,3,98,,0,2,20000
82,90,454,3,123,,0,0,
97,94,454,3,121,,2,1,
91,89,454,3,111,58,2,1,
23,24,454,3,113,,1,2,
86,122,454,3,140,54,3,0,
88,22,454,3,127,55,2,0,
111,87,454,3,103,73,0,0,
95,110,454,3,96,,2,2,
84,85,454,3,107,53,0,1,20000
123,98,454,3,22,,3,5,29100
24,122,459,3,100,,2,1,41000
90,123,459,3,112,57,2,2,20000
89,85,460,3,23,56,2,2,23000
94,91,460,3,105,60,0,0,13000
82,84,460,3,102,,3,1,16000
87,88,460,3,115,,1,3,23000
110,86,460,3,99,,0,0,9900
23,111,460,3,21,,3,4,
98,95,460,3,98,62,2,0,40000
22,97,461,3,114,,1,1,52300
122,110,463,3,113,,2,3,7000
111,89,463,3,101,73,0,2,13000
88,90,464,3,117,55,1,1,26100
84,94,464,3,123,53,0,0,9000
91,23,464,3,107,58,2,0,6000
123,22,464,3,103,,1,2,15000
95,87,464,3,111,,1,1,29200
86,82,464,3,143,54,0,3,13000
85,98,464,3,96,,1,1,72000
97,24,465,3,22,,0,2,50000
95,111,468,3,22,,1,1,18000
82,97,468,3,115,,1,0,16000
23,86,469,3,102,,1,0,42600
98,91,469,3,112,62,3,2,38000
110,84,469,3,105,,0,1,9500
94,88,469,3,114,60,1,1,13000
22,122,469,3,121,,1,1,40000
90,87,469,3,100,57,1,1,21000
89,123,469,3,127,56,4,3,24000
24,85,469,3,98,,1,0,
111,90,472,3,129,73,1,1,14000
91,82,472,3,96,58,0,1,3000
122,98,472,3,103,,0,3,17000
87,89,473,3,113,,0,3,23000
84,95,473,3,117,53,0,1,10000
88,23,473,3,111,55,1,0,17000
123,24,473,3,99,,0,2,27000
86,97,473,3,127,54,0,0,13000
22,110,473,3,101,,4,0,40000
85,94,473,3,121,,4,2,37900
84,91,476,3,119,53,0,0,7000
89,22,476,3,114,56,0,1,25000
82,87,477,3,23,,3,1,15000
86,111,477,3,123,54,2,0,13000
97,90,477,3,112,,6,0,32000
24,88,477,3,103,,1,0,40000
95,122,477,3,21,,4,1,20000
94,110,477,3,98,60,3,0,13000
85,123,477,3,102,,1,0,43000
98,23,477,3,22,62,3,1,39600
22,84,504,3,100,,0,1,30000
122,85,483,3,101,,0,4,22000
87,94,483,3,107,,1,1,21500
110,89,483,3,111,,0,1,11400
123,95,483,3,96,,0,0,14500
111,24,483,3,115,73,0,1,14000
23,97,483,3,99,,1,3,39500
90,98,483,3,121,57,0,3,28000
91,86,483,3,,75,0,1,7000
88,82,483,3,22,55,2,3,17000
24,91,480,3,127,,1,1,39000
94,122,480,3,,60,1,0,13000
95,23,481,3,23,,0,0,20000
89,88,481,3,102,56,1,0,25000
84,123,481,3,105,53,1,1,11000
82,111,481,3,113,,2,1,15000
97,87,481,3,103,,2,0,32000
98,110,481,3,123,62,2,1,39000
86,90,481,3,,54,0,2,
85,22,481,3,96,,0,0,
87,24,484,3,21,,3,2,25800
111,84,467,3,,73,2,2,16100
90,95,467,3,156,57,0,0,21900
123,94,467,3,100,,2,2,15900
122,89,467,3,112,,1,5,9700
91,97,467,3,22,75,1,0,9000
110,85,467,3,99,,1,2,13100
22,98,467,3,98,,2,1,32500
88,86,467,3,,55,1,3,13200
23,82,467,3,114,,2,5,41500
5,15,536,1,157,4,2,0,24500
114,14,536,1,4,76,1,2,15000
12,2,536,1,7,8,1,0,40000
11,3,537,1,131,,7,0,73800
13,99,537,1,145,9,2,1,
7,101,537,1,18,,1,2,13400
19,10,537,1,,11,1,3,
100,124,538,1,8,,3,0,
113,4,538,1,6,,2,2,20600
20,18,538,1,12,,2,3,
15,20,539,1,144,,2,2,8000
14,7,539,1,2,4,2,0,20000
124,5,540,1,132,81,1,1,23800
4,12,540,1,19,,3,1,18100
18,114,540,1,145,,2,1,13000
10,100,541,1,17,7,5,0,41000
3,19,541,1,6,3,0,0,8300
2,11,541,1,14,2,0,1,28000
99,113,541,1,158,63,1,2,29600
101,13,542,1,13,64,0,1,16600
20,124,543,1,7,,2,2,9800
100,3,543,1,132,,1,2,8900
113,101,544,1,157,,1,1,20500
114,15,544,1,12,76,1,0,12200
7,18,544,1,8,,0,3,12500
13,14,545,1,,9,3,1,72200
4,99,545,1,18,,0,0,23800
5,10,545,1,4,4,1,2,27100
19,2,545,1,131,11,2,2,35000
12,11,545,1,6,8,2,3,45000
10,20,546,1,18,7,4,2,47500
3,5,546,1,158,3,0,0,13000
11,19,546,1,2,,3,2,75800
18,13,546,1,6,,2,2,21500
101,4,547,1,17,64,0,1,13300
15,7,547,1,14,,2,1,7000
2,100,547,1,144,2,5,0,22300
99,12,547,1,13,63,3,1,31400
124,114,548,1,19,81,0,0,
14,113,548,1,145,10,3,2,
7,124,549,1,131,,2,1,13600
5,2,550,1,6,4,0,0,25300
20,3,550,1,19,,2,2,9600
100,11,550,1,,,0,4,11700
114,10,550,1,7,76,0,2,18400
99,101,551,1,4,63,0,0,33600
113,18,551,1,132,,0,0,20000
13,15,551,1,8,9,4,1,70100
12,19,551,1,12,8,3,1,
4,14,552,1,157,,3,2,
11,5,553,1,145,,4,1,
3,114,553,1,144,3,1,1,
2,20,553,1,,2,2,0,
10,7,553,1,13,7,2,1,
101,12,554,1,6,64,0,1,
19,100,554,1,14,11,4,1,
124,13,554,1,,81,1,2,28800
14,99,555,1,17,10,2,1,
15,113,555,1,18,,2,0,
18,4,555,1,158,,2,1,
114,2,556,1,157,76,2,2,13000
12,100,557,1,8,8,1,0,35000
20,11,557,1,4,,0,2,12000
5,19,557,1,19,4,1,1,25000
13,10,557,1,14,9,0,1,79800
7,3,527,1,6,,0,1,13500
113,124,527,1,158,,0,1,20000
4,15,527,1,132,,0,2,19500
99,18,527,1,,63,1,0,29400
101,14,558,1,7,64,2,0,12300
18,101,559,1,144,,3,0,15000
2,7,559,1,145,2,0,1,28000
124,4,560,1,,81,2,1,19000
100,5,560,1,13,,1,0,11000
3,13,560,1,18,3,2,3,24100
11,114,560,1,6,,4,1,64700
10,113,561,1,12,7,2,1,52000
19,20,561,1,17,11,2,1,31100
15,99,561,1,7,,3,1,
14,12,561,1,131,10,1,1,
13,2,562,1,4,9,2,0,79000
12,5,562,1,144,8,1,2,35000
7,11,562,1,132,82,0,0,16100
4,10,562,1,8,,1,0,26700
101,15,563,1,14,64,0,2,13300
20,100,563,1,,,0,1,9900
99,124,563,1,19,63,1,2,33000
114,19,563,1,158,76,2,2,13700
113,3,564,1,7,,0,1,
14,18,564,1,6,10,2,0,
100,114,565,1,17,,0,3,11500
2,113,566,1,13,2,0,5,30000
11,13,566,1,12,,2,1,98800
124,101,566,1,131,81,0,1,24900
3,4,566,1,2,3,3,0,13100
19,7,567,1,18,11,2,1,30600
18,12,567,1,,,4,1,22500
5,20,567,1,6,4,3,0,24300
10,99,567,1,157,7,5,0,42000
15,14,568,1,145,,0,1,
4,2,569,1,,,0,0,
113,11,569,1,8,,0,3,26600
114,5,570,1,14,76,2,2,12700
12,20,570,1,158,8,1,2,30000
13,19,570,1,6,9,7,3,65000
7,100,570,1,4,82,3,1,11100
18,15,571,1,13,,0,2,14000
101,10,571,1,18,64,1,2,16000
14,124,571,1,132,10,2,2,36000
99,3,571,1,144,63,0,0,26700
11,4,572,1,19,,1,0,80000
5,7,573,1,131,4,5,0,30000
20,114,573,1,2,,1,0,9300
100,13,573,1,7,,2,3,13900
19,113,573,1,157,11,0,1,27000
15,12,574,1,17,,0,1,7000
10,14,574,1,6,7,2,0,53000
3,101,574,1,,3,0,1,13500
2,99,574,1,12,2,3,2,19500
124,18,575,1,145,81,0,1,20000
7,20,576,1,14,82,0,1,14700
101,2,576,1,158,64,3,1,15000
13,5,577,1,157,9,5,1,77400
15,124,577,1,6,,1,1,7000
14,3,577,1,8,10,2,1,34000
113,100,577,1,6,,0,2,20700
4,19,578,1,4,,1,3,21600
12,114,578,1,,8,2,2,35000
18,10,578,1,132,,1,1,20000
99,11,578,1,18,63,1,4,45000
114,7,579,1,8,76,0,1,12100
11,101,580,1,14,,4,0,71500
5,113,580,1,2,4,4,3,24000
20,13,580,1,145,,0,5,13600
10,15,580,1,,7,7,0,35000
3,18,581,1,7,3,0,3,16400
100,4,581,1,18,,1,4,11000
124,12,581,1,12,81,2,1,30000
19,99,581,1,13,11,4,0,45000
2,14,582,1,17,2,1,2,25000
15,3,583,1,158,,1,0,3000
18,2,583,1,18,,1,1,12000
124,10,584,1,,81,0,2,29100
113,20,584,1,4,,3,1,18900
13,114,584,1,132,9,4,0,61000
4,5,584,1,6,,1,2,14600
99,100,585,1,6,63,2,2,32400
101,19,585,1,131,64,1,2,15000
12,7,585,1,19,8,3,0,30000
14,11,585,1,157,10,1,0,36000
3,124,586,1,13,3,2,1,12100
7,13,587,1,,,2,2,16000
100,101,587,1,2,,0,2,8300
11,18,587,1,17,,2,1,66100
2,15,587,1,7,2,1,0,16800
20,4,588,1,131,,0,0,9100
5,99,588,1,14,4,5,1,24100
19,14,588,1,12,11,1,1,31500
10,12,588,1,8,7,3,0,45000
114,113,589,1,6,76,3,0,6600
124,2,590,1,131,81,0,1,19100
18,19,591,1,145,,1,2,16000
99,20,591,1,157,63,0,1,26600
10,3,591,1,18,7,3,2,48000
101,5,591,1,,64,1,3,15900
4,114,592,1,14,,4,2,16900
15,11,592,1,12,,2,5,8000
14,100,592,1,158,10,2,1,29200
113,7,592,1,,,1,1,18600
12,13,592,1,6,8,2,3,42200
2,10,593,1,6,2,0,1,26900
114,99,593,1,19,76,0,0,14200
12,3,593,1,2,8,2,0,40000
20,101,593,1,13,,3,0,8700
19,15,594,1,4,11,3,0,31100
11,124,594,1,8,,4,0,64000
7,4,594,1,17,82,1,0,11700
5,14,594,1,132,4,2,0,30000
13,113,595,1,7,9,3,0,65200
100,18,595,1,144,,2,5,8000
101,114,596,1,4,64,4,0,12300
14,20,597,1,145,10,6,1,22400
113,12,597,1,18,,2,1,18500
10,11,597,1,14,7,0,0,54800
124,19,597,1,7,81,1,1,20000
15,100,598,1,,,0,1,8000
99,7,598,1,6,63,1,2,33800
4,13,598,1,6,,0,1,32100
3,2,598,1,12,3,1,0,11300
18,5,599,1,19,,5,1,13600
2,12,600,1,,2,0,0,15100
99,13,601,1,17,63,0,5,42400
124,100,601,1,132,81,2,0,21100
101,7,601,1,157,64,0,0,11500
4,113,601,1,158,,1,0,13700
15,5,602,1,8,,2,2,5000
18,20,602,1,2,,2,0,18000
3,11,602,1,131,3,1,1,24100
10,19,602,1,144,7,1,1,45000
14,114,603,1,13,10,4,2,28000
113,99,604,1,144,,4,2,19000
13,101,605,1,145,9,2,0,73900
114,18,605,1,131,76,1,0,13800
12,4,605,1,8,8,2,2,35200
19,3,605,1,6,11,2,3,29300
20,15,606,1,158,,1,0,9700
7,14,606,1,19,,1,5,14300
100,10,606,1,12,,2,4,10600
11,2,606,1,,,3,0,56400
5,124,607,1,17,4,4,0,10500
101,113,608,1,14,64,1,2,13500
11,12,609,1,132,,2,3,67000
3,100,609,1,17,3,0,0,12300
15,114,609,1,157,,0,0,1600
2,19,609,1,18,2,3,2,26300
124,20,610,1,6,81,1,0,24800
99,4,610,1,13,63,2,0,35000
10,5,610,1,13,7,4,0,54900
14,13,610,1,4,10,1,1,36000
18,7,611,1,7,,3,1,9300
4,101,612,1,17,,1,0,14000
12,99,613,1,13,8,5,0,40000
100,2,613,1,14,,4,1,9400
13,18,613,1,18,9,4,2,75600
20,10,613,1,6,,2,0,11000
7,15,614,1,2,82,2,0,14200
114,124,614,1,,76,2,2,12800
5,3,614,1,,4,0,0,23800
19,11,614,1,6,11,1,4,23200
113,14,615,1,131,,0,0,17900
124,7,616,1,144,81,0,0,21800
10,114,617,1,158,7,3,0,35000
3,20,617,1,19,3,1,0,15500
11,100,617,1,157,,6,0,74500
18,113,617,1,8,,0,2,14200
101,99,618,1,6,64,1,0,17700
15,13,618,1,132,,0,3,11000
14,4,618,1,12,10,1,2,33500
19,12,618,1,7,11,0,0,26500
2,5,619,1,131,2,0,1,18000
114,3,620,1,13,76,1,1,14900
13,124,621,1,158,9,3,0,73300
113,15,621,1,,,1,1,20600
5,11,621,1,8,4,3,1,30500
20,2,621,1,2,,0,0,9900
100,19,622,1,,,0,1,13800
99,14,622,1,145,63,0,2,28100
12,101,622,1,18,8,2,1,40000
7,10,622,1,157,,3,0,15400
4,18,623,1,6,,1,2,12700
14,101,624,1,7,10,4,0,33000
2,114,625,1,12,2,1,1,19800
3,7,625,1,132,3,2,0,11300
15,4,625,1,14,,0,0,5600
124,113,625,1,19,81,1,0,20100
18,99,626,1,17,,1,1,18700
10,13,626,1,,7,2,2,54000
19,5,626,1,144,11,1,0,29600
11,20,626,1,131,,4,1,58900
100,12,626,1,145,,1,0,13700
114,11,627,1,144,76,1,0,22900
99,15,627,1,12,63,2,0,31000
113,10,627,1,14,,0,2,24500
101,18,627,1,2,64,2,0,13600
4,124,628,1,131,,3,1,20800
20,19,628,1,,,1,3,15000
13,3,628,1,17,9,3,0,74200
12,14,628,1,8,8,1,1,33600
7,2,629,1,6,,0,2,15300
5,100,629,1,7,4,2,3,15300
15,101,630,1,4,,3,3,10000
3,113,631,1,144,3,0,1,14300
100,20,631,1,158,,3,1,11500
2,13,631,1,157,2,0,1,27900
10,4,631,1,132,7,1,0,50000
124,99,632,1,7,81,0,0,21500
11,7,632,1,6,,7,0,71800
19,114,632,1,19,11,4,1,29700
5,12,632,1,13,4,1,0,23800
18,14,633,1,18,,1,1,18000
113,2,634,1,145,,0,2,17400
101,124,635,1,144,64,1,0,18200
4,3,635,1,8,,0,0,20000
114,100,635,1,14,76,1,1,18700
14,15,635,1,6,10,1,0,33200
7,19,636,1,7,,1,2,14200
99,10,636,1,13,63,0,2,31100
12,18,636,1,132,8,2,1,37200
13,11,636,1,12,9,3,4,85500
20,5,637,1,4,,4,3,7100
2,4,638,1,,2,1,2,24900
124,14,638,1,158,81,0,0,24800
11,113,639,1,4,,3,0,67200
100,7,639,1,17,,1,0,
10,101,639,1,157,7,1,0,
19,13,639,1,18,11,2,1,35900
5,114,640,1,131,4,1,0,21100
15,18,640,1,,,0,1,4500
3,99,640,1,2,3,1,3,10100
20,12,640,1,6,,2,2,11200
4,11,641,1,,,0,1,31700
113,19,641,1,157,,1,0,19400
14,10,641,1,6,10,1,2,35700
13,100,641,1,,9,5,0,60200
114,20,642,1,6,76,1,0,15600
7,5,642,1,8,,1,1,14100
18,124,642,1,12,,1,1,15200
12,15,642,1,145,8,1,3,32300
101,3,643,1,7,64,0,2,15300
99,2,643,1,14,63,1,2,34300
20,7,644,1,14,,1,2,13000
10,18,645,1,145,7,1,0,50000
11,99,645,1,158,,3,1,82000
5,13,645,1,144,4,0,4,30000
100,113,645,1,132,,3,0,9000
2,101,646,1,6,2,4,1,29000
124,15,646,1,17,81,1,0,31100
19,4,646,1,131,11,4,1,33600
114,12,646,1,2,76,0,0,18600
3,14,647,1,13,3,1,2,10700
7,114,648,1,,,0,0,17900
113,5,649,1,13,,2,2,20800
18,3,649,1,144,,1,0,20600
101,11,649,1,,64,1,0,23500
13,20,649,1,157,9,4,0,65900
99,19,650,1,19,63,0,2,32300
12,124,650,1,7,8,2,1,30000
15,10,650,1,8,,0,2,12100
4,100,650,1,12,,2,2,16100
14,2,651,1,18,10,3,0,31000
10,124,652,1,,7,2,0,48800
7,12,653,1,13,,1,1,17000
3,15,653,1,,3,0,0,18700
5,4,653,1,19,4,2,1,20300
20,113,654,1,2,,2,4,11800
100,99,654,1,144,,3,1,12000
19,101,654,1,6,11,4,0,29000
11,14,654,1,157,,2,1,57100
2,18,655,1,7,2,2,0,15800
114,13,656,1,145,76,1,1,22000
124,3,657,1,145,81,1,1,28400
101,100,658,1,14,64,0,3,21500
15,2,658,1,2,,1,0,10000
13,7,658,1,6,9,4,0,68900
99,5,658,1,4,63,0,1,20600
4,20,659,1,144,,1,2,14700
12,10,659,1,12,8,0,1,27500
14,19,659,1,7,10,3,1,35600
18,11,659,1,8,,2,3,22800
113,114,660,1,6,,4,1,15300
100,14,661,1,8,,0,3,13900
11,15,662,1,6,,2,2,70100
2,124,662,1,13,2,0,1,22000
7,113,662,1,145,,0,2,18300
114,4,662,1,2,76,1,0,15700
20,99,663,1,17,,3,2,15000
3,10,663,1,18,3,2,0,22200
19,18,663,1,158,11,0,0,31400
13,12,663,1,,9,2,2,71900
5,101,664,1,6,4,1,1,19600
18,100,665,1,18,,4,0,18000
3,12,665,1,19,3,2,0,19900
14,5,666,1,131,10,1,1,34000
10,2,666,1,6,7,1,1,46000
124,11,666,1,6,81,0,0,33100
15,19,666,1,13,,1,0,8000
101,20,666,1,145,64,0,2,27900
99,114,666,1,7,63,4,3,10000
4,7,666,1,17,,1,1,22000
113,13,666,1,144,,2,0,27700
2,3,667,1,158,2,1,0,19500
13,4,668,1,8,9,3,1,65000
11,10,668,1,14,,1,1,97000
12,113,668,1,131,8,2,1,25900
5,18,669,1,19,4,1,2,21100
100,15,669,1,145,,1,2,8400
7,99,669,1,157,,2,1,19400
20,14,669,1,13,,0,0,13000
114,101,669,1,,76,0,1,25000
19,124,669,1,144,11,3,1,34300
34,39,536,4,32,19,1,0,44800
36,27,536,4,29,21,1,3,60000
104,38,536,4,35,67,2,2,26800
31,43,536,4,40,16,0,1,43900
40,116,536,4,37,23,0,1,25900
41,127,536,4,39,24,2,0,35000
103,35,536,4,,,1,4,20700
125,26,537,4,31,83,0,1,23300
33,126,537,4,41,18,2,0,41400
25,42,538,4,25,66,4,0,46800
43,36,540,4,39,26,1,3,25600
39,125,540,4,25,,2,1,25300
126,104,540,4,34,,1,0,23700
116,31,540,4,36,78,1,1,29600
38,40,540,4,147,22,0,0,36400
42,41,540,4,24,25,0,0,49600
27,34,540,4,31,13,0,1,42100
127,25,541,4,30,,3,2,27100
26,103,541,4,40,12,1,0,36000
35,33,542,4,32,20,0,0,76200
33,27,670,4,37,18,2,1,41500
25,126,544,4,24,66,2,0,46900
127,38,544,4,29,,0,0,27200
42,43,544,4,33,25,1,0,46400
104,116,544,4,39,67,1,0,26800
41,39,544,4,41,24,0,1,34900
125,31,544,4,30,83,3,1,22700
34,35,545,4,25,19,1,0,44400
40,103,545,4,26,23,0,2,23400
36,26,545,4,35,21,1,0,60100
35,125,546,4,41,20,2,0,75200
31,36,546,4,32,16,1,3,39100
126,127,546,4,,,1,1,21900
39,25,546,4,31,,0,0,25100
27,42,546,4,26,13,1,2,37600
26,104,546,4,36,12,2,0,36000
43,40,546,4,30,26,1,1,25600
38,33,546,4,39,22,1,0,36000
116,41,547,4,25,78,0,0,28800
103,34,548,4,35,,2,2,
104,27,550,4,33,67,0,1,26800
41,38,550,4,36,24,2,3,35000
42,126,550,4,32,25,2,3,51500
34,116,550,4,40,19,0,1,44800
40,31,550,4,24,23,3,0,24600
33,43,550,4,25,18,2,0,41600
36,39,551,4,26,21,3,1,50000
125,103,551,4,37,83,0,2,22500
25,35,551,4,39,66,4,1,47200
127,26,551,4,31,,0,1,27800
26,33,557,4,26,12,1,1,35900
43,127,557,4,159,26,1,2,23000
116,125,557,4,32,78,2,0,30700
27,25,557,4,34,13,3,2,34100
35,40,557,4,35,20,1,2,75000
126,41,557,4,37,,1,0,24300
103,36,557,4,31,,1,2,20700
39,104,527,4,29,,0,1,26200
31,34,527,4,39,16,1,3,41400
38,42,558,4,24,22,3,2,
25,38,560,4,41,66,3,1,47300
126,27,560,4,31,,0,0,24400
34,125,560,4,29,19,3,1,44700
127,42,560,4,37,,1,2,27500
43,39,560,4,147,26,1,0,24600
31,35,560,4,33,16,1,2,45400
104,33,561,4,40,67,1,3,26800
116,103,561,4,26,78,2,0,28600
40,36,561,4,36,23,1,1,24800
26,41,561,4,30,12,0,3,36000
42,34,562,4,25,25,2,2,51700
33,127,562,4,29,18,4,1,41500
38,126,562,4,40,22,2,1,38800
36,104,562,4,30,21,4,1,60000
35,116,562,4,34,20,1,1,75200
103,31,562,4,159,,4,0,20200
39,40,562,4,39,,0,0,25900
41,25,562,4,35,24,1,3,34500
27,26,563,4,24,13,0,2,35400
125,43,564,4,36,83,1,4,24900
125,36,566,4,33,83,0,2,20100
104,127,566,4,34,67,0,0,26800
27,38,566,4,29,13,0,2,35200
35,39,566,4,36,20,3,2,75300
34,40,566,4,41,19,4,1,44700
116,43,566,4,25,78,2,0,28600
31,42,567,4,30,16,2,1,46300
26,126,567,4,35,12,1,0,36100
33,25,567,4,39,18,2,1,41500
103,41,567,4,24,,0,0,20500
42,33,573,4,36,25,2,0,51700
41,27,573,4,39,24,0,0,35000
40,125,573,4,40,23,2,0,26400
43,35,573,4,30,26,1,3,25700
25,104,573,4,24,66,7,0,47100
39,116,573,4,33,,1,1,26100
126,31,573,4,25,,1,0,24700
36,34,573,4,32,21,2,0,60000
38,26,574,4,37,22,0,0,38400
127,103,574,4,26,,1,0,27500
27,127,577,4,32,13,2,0,35800
125,38,577,4,159,83,0,0,25200
34,43,577,4,34,19,4,0,44800
116,126,577,4,24,78,4,1,30000
33,40,577,4,25,18,2,2,41600
104,41,577,4,41,67,3,1,26800
26,42,578,4,33,12,0,1,36000
31,25,578,4,26,16,1,0,40100
35,36,578,4,35,20,1,0,75100
103,39,578,4,160,,3,3,19200
38,34,580,4,24,22,3,3,39600
126,125,580,4,29,,0,1,23000
42,104,580,4,26,25,2,1,51300
36,116,580,4,31,21,2,0,60000
39,31,580,4,37,,2,0,26000
43,103,580,4,25,26,1,2,25300
41,33,580,4,33,24,0,3,35000
25,26,581,4,39,66,6,0,47200
127,35,581,4,40,,2,2,28000
40,27,582,4,35,23,2,2,24900
127,36,584,4,36,,0,3,27900
104,125,584,4,33,67,1,0,26900
41,43,584,4,32,24,3,0,34900
38,39,584,4,34,22,4,0,35500
27,31,584,4,40,13,0,0,33000
42,40,584,4,24,25,2,1,49300
26,35,585,4,26,12,2,2,35900
126,34,585,4,39,,3,1,24900
33,116,585,4,35,18,3,1,41600
25,103,585,4,31,66,3,0,46600
125,41,671,4,36,83,1,0,23900
116,27,672,4,41,78,2,3,29800
39,127,672,4,35,,0,0,25000
31,33,672,4,24,16,3,4,40700
35,38,672,4,32,20,0,1,75200
36,126,672,4,25,21,2,0,60000
103,42,672,4,39,,3,0,20500
34,104,672,4,29,19,5,1,44500
40,25,672,4,33,23,2,3,22900
43,26,672,4,31,26,1,2,
35,42,673,4,25,20,0,1,75200
125,127,673,4,34,83,2,0,23700
39,33,673,4,41,,3,2,25200
116,25,673,4,29,78,1,1,31200
40,104,673,4,31,23,0,2,23700
34,41,673,4,35,19,4,1,44800
31,26,673,4,36,16,1,2,38000
43,27,674,4,26,26,2,0,22300
36,38,674,4,39,21,1,1,60000
103,126,675,4,32,,1,1,19300
25,36,587,4,32,66,6,3,47200
33,125,587,4,31,18,2,1,41600
38,43,587,4,29,22,4,1,33800
42,116,587,4,34,25,1,1,49200
41,31,587,4,25,24,0,0,31800
127,40,587,4,39,,1,0,26600
126,39,587,4,26,,0,0,23300
27,35,588,4,36,13,0,3,42700
104,103,588,4,35,67,1,1,26900
26,34,588,4,41,12,0,5,36100
34,127,591,4,30,19,3,1,44600
39,27,591,4,159,,2,1,26000
40,126,591,4,41,23,1,1,24800
43,25,591,4,37,26,2,4,25500
125,42,591,4,40,83,0,3,24900
31,104,591,4,32,16,0,0,37800
35,41,591,4,34,20,3,1,75400
116,26,592,4,33,78,2,3,31500
103,38,592,4,36,,1,2,20700
36,33,676,4,26,21,0,0,60000
126,35,677,4,35,,2,3,24800
41,36,677,4,24,24,1,3,35000
27,125,677,4,39,13,0,1,37800
104,43,677,4,41,67,1,2,26800
127,116,677,4,25,,0,3,27900
42,39,677,4,32,25,5,1,51700
38,31,677,4,30,22,0,1,39200
33,103,677,4,34,18,1,0,41100
26,40,677,4,29,12,1,1,35500
25,34,677,4,36,66,2,1,47400
41,40,678,4,26,24,3,3,34900
25,125,678,4,25,66,1,0,47100
126,43,678,4,160,,6,0,23900
104,35,678,4,24,67,0,1,26900
27,103,678,4,147,13,1,1,37000
127,31,678,4,33,,2,2,27200
42,36,679,4,30,25,0,1,52200
38,116,679,4,31,22,2,1,39100
33,34,679,4,39,18,2,1,41600
26,39,679,4,37,12,3,0,36100
103,25,680,4,24,,2,3,20500
31,27,680,4,34,16,0,1,39800
36,127,680,4,41,21,2,0,60000
116,33,680,4,32,78,0,3,31300
39,38,680,4,25,,1,1,25800
34,126,680,4,159,19,2,0,44600
40,42,680,4,36,23,1,0,26400
125,104,680,4,26,83,1,1,25200
43,41,680,4,31,26,2,1,25300
35,26,680,4,39,20,1,2,75300
126,33,597,4,31,,0,2,24900
26,125,597,4,35,12,2,0,36100
38,104,597,4,37,22,2,0,36800
43,31,597,4,26,26,1,4,25600
116,40,597,4,39,78,1,0,28600
127,41,597,4,36,,0,2,27800
35,103,597,4,33,20,2,0,75000
42,25,598,4,34,25,0,2,49400
39,34,598,4,29,,3,5,27200
27,36,599,4,40,13,1,2,36100
31,116,601,4,33,16,2,2,38100
25,127,601,4,40,66,4,2,47200
36,43,601,4,30,21,2,0,60000
104,126,601,4,39,67,1,0,26700
41,42,601,4,25,24,1,3,33300
125,39,601,4,36,83,1,0,24400
34,27,601,4,41,19,2,2,44700
103,26,602,4,32,,1,3,20800
33,35,602,4,24,18,3,1,41600
40,38,603,4,35,23,1,1,24200
116,36,681,4,36,78,2,2,31300
35,127,681,4,159,20,2,0,75300
103,43,681,4,35,,2,0,20000
104,42,681,4,33,67,0,0,26800
34,38,681,4,32,19,4,0,44500
125,126,681,4,147,83,1,0,22500
31,39,682,4,160,16,1,0,34700
27,40,682,4,31,13,4,3,36100
26,25,682,4,25,12,1,5,36100
33,41,682,4,40,18,0,0,41400
42,31,609,4,24,25,0,3,52300
41,103,609,4,39,24,2,0,31800
38,27,609,4,160,22,2,1,39500
39,35,609,4,40,,2,1,26500
127,104,609,4,31,,2,1,26700
43,116,609,4,34,26,0,3,25700
126,26,609,4,29,,1,1,24900
40,34,610,4,37,23,1,1,26100
36,125,610,4,41,21,2,0,60000
25,33,611,4,26,66,0,1,47400
34,36,613,4,35,19,5,1,44700
31,126,613,4,34,16,0,2,42800
104,25,613,4,41,67,0,0,26800
33,42,613,4,39,18,3,0,41400
116,39,613,4,159,78,2,2,28000
125,40,613,4,33,83,3,1,24500
27,41,613,4,26,13,0,2,36300
103,127,613,4,25,,3,0,20400
26,38,614,4,31,12,1,0,35900
35,43,614,4,37,20,2,2,75000
127,27,683,4,33,,0,0,27600
41,104,683,4,35,24,2,0,35200
126,116,683,4,32,,0,1,23700
40,33,683,4,29,23,1,1,24300
36,35,684,4,31,21,0,0,60000
42,26,684,4,40,25,0,4,48300
39,103,684,4,41,,1,1,24800
43,34,684,4,24,26,2,3,25400
38,125,685,4,25,22,2,3,
25,31,685,4,32,66,2,2,47000
33,38,621,4,30,18,1,0,41600
40,43,621,4,26,23,1,1,25800
127,126,621,4,39,,0,4,26200
41,116,621,4,31,24,3,1,33100
25,39,621,4,33,66,1,0,47000
36,31,621,4,25,21,4,1,60000
125,35,621,4,35,83,0,2,24600
42,27,622,4,32,25,1,0,50400
34,103,622,4,34,19,4,3,44700
104,26,622,4,159,67,1,0,26800
39,36,625,4,34,,1,0,26700
43,33,625,4,31,26,1,3,24600
126,42,625,4,37,,1,4,24900
38,41,625,4,41,22,1,0,38300
116,34,625,4,30,78,0,3,31700
26,127,626,4,24,12,1,0,35500
103,125,626,4,26,,1,1,20200
27,104,626,4,29,13,4,1,30300
35,25,638,4,35,20,0,3,75200
31,40,656,4,36,16,2,0,45200
40,35,627,4,41,23,0,3,26200
127,43,627,4,32,,3,1,26800
125,116,627,4,39,83,0,1,25100
104,39,627,4,25,67,1,1,26600
33,26,627,4,35,18,4,0,41600
42,38,638,4,34,25,0,3,47600
36,103,638,4,30,21,2,2,59900
41,126,639,4,26,24,2,1,31000
34,31,639,4,37,19,2,1,44500
25,27,656,4,35,66,4,0,47000
126,25,631,4,36,,0,2,24900
38,127,631,4,147,22,2,1,38000
31,125,631,4,40,16,0,0,43600
43,42,631,4,39,26,1,0,25700
116,104,631,4,37,78,4,2,29800
103,40,631,4,32,,1,2,20700
39,41,631,4,159,,3,1,27000
27,33,631,4,33,13,1,0,40100
35,34,632,4,31,20,0,3,75200
26,36,632,4,26,12,0,1,35700
33,36,635,4,25,18,6,0,41600
42,125,635,4,30,25,1,0,51600
25,43,635,4,41,66,5,0,47300
127,34,635,4,40,,3,6,28000
104,31,635,4,24,67,2,0,26700
38,103,635,4,35,22,3,2,36300
126,40,635,4,33,,2,0,23500
41,35,635,4,36,24,0,2,34200
26,116,636,4,29,12,3,2,35500
27,39,636,4,31,13,1,4,30300
35,27,641,4,32,20,4,1,75400
40,127,641,4,35,23,3,3,25700
125,33,641,4,36,83,1,0,25200
39,126,641,4,40,,1,0,27000
116,42,641,4,25,78,4,0,31400
103,104,641,4,41,,3,0,20400
36,25,641,4,26,21,1,1,60100
43,38,642,4,29,26,1,3,25500
34,26,642,4,24,19,4,0,44800
31,41,643,4,39,16,1,2,37400
25,116,645,4,33,66,4,1,47000
127,125,645,4,24,,0,3,27700
27,43,645,4,35,13,1,2,33500
42,35,645,4,37,25,0,4,52100
126,103,645,4,39,,1,0,22700
104,40,645,4,31,67,0,1,26900
33,39,645,4,30,18,3,0,41200
38,36,646,4,32,22,3,0,39500
41,34,646,4,29,24,1,2,35000
26,31,647,4,36,12,5,1,34400
125,27,649,4,39,83,1,0,25600
116,127,649,4,41,78,0,1,30500
31,38,649,4,30,16,0,1,38400
39,42,649,4,34,,1,0,27400
43,104,649,4,26,26,1,0,25000
40,26,649,4,40,23,3,3,25400
34,25,650,4,31,19,3,2,44600
103,33,650,4,24,,0,1,20800
36,41,686,4,37,21,3,1,60000
35,126,687,4,159,20,3,1,75300
26,43,653,4,30,12,3,1,35800
41,125,653,4,32,24,0,1,35000
27,116,653,4,36,13,0,0,35100
127,39,653,4,39,,1,1,27700
42,103,653,4,33,25,1,2,51100
33,31,653,4,26,18,1,2,41200
104,34,654,4,25,67,2,3,26900
126,36,654,4,41,,0,3,24800
38,35,654,4,31,22,2,0,39400
25,40,655,4,24,66,3,1,47000
116,38,658,4,35,78,2,0,31300
103,27,658,4,31,,4,1,20700
43,126,658,4,36,26,2,2,25700
39,26,658,4,25,,0,1,26000
40,41,658,4,26,23,1,0,26500
35,104,658,4,30,20,4,0,75200
31,127,659,4,24,16,4,0,42400
34,33,659,4,32,19,0,2,44700
125,25,659,4,39,83,0,2,24800
36,42,660,4,40,21,3,0,60000
41,26,662,4,24,24,2,0,35000
42,127,662,4,32,25,3,0,50200
39,43,662,4,33,,4,1,27400
27,126,662,4,26,13,3,1,37200
103,116,662,4,29,,0,1,20700
35,31,662,4,39,20,0,1,75300
38,25,662,4,30,22,2,3,39500
36,40,663,4,34,21,1,0,60000
33,104,663,4,40,18,0,0,41600
125,34,664,4,31,83,3,3,25300
104,36,666,4,36,67,0,2,26800
26,27,666,4,41,12,3,0,35800
127,33,666,4,35,,1,2,27700
43,125,666,4,37,26,2,2,24400
126,38,666,4,39,,0,2,24800
116,35,666,4,26,78,1,1,31400
34,42,666,4,24,19,2,1,44700
40,39,666,4,30,23,1,2,26600
31,103,666,4,33,16,1,3,45600
25,41,666,4,32,66,2,0,47300
45,47,688,5,55,,3,1,71137
46,59,689,5,148,28,2,2,25730
61,49,689,5,151,39,3,1,27136
50,57,689,5,45,30,2,0,44800
105,53,689,5,57,,0,4,30660
106,58,689,5,60,68,6,1,54376
128,56,689,5,47,84,0,1,23000
52,62,690,5,50,,3,2,30279
55,51,690,5,49,33,3,3,61973
62,61,536,5,54,38,0,1,40800
57,55,536,5,48,35,4,0,28405
56,105,536,5,150,34,1,0,40112
49,52,536,5,62,,1,2,23100
51,46,536,5,151,,1,5,47483
58,45,536,5,44,36,0,1,51500
47,50,536,5,46,29,3,0,46089
59,106,537,5,152,,2,2,37068
53,128,537,5,53,31,2,1,80200
53,56,539,5,54,31,1,0,80645
45,59,540,5,58,,2,0,71000
61,47,540,5,45,39,4,2,29243
50,55,540,5,153,30,2,1,49000
46,49,540,5,149,28,3,3,24118
52,57,540,5,148,,2,0,27103
106,51,540,5,52,68,1,0,63574
128,58,541,5,48,84,0,2,23325
105,62,541,5,55,,2,1,30030
49,45,691,5,50,,1,1,24000
47,56,544,5,151,29,4,1,53392
50,52,544,5,152,30,4,1,38600
57,106,544,5,62,35,2,0,28625
59,105,544,5,60,,0,1,37239
51,128,544,5,57,,4,0,54958
55,61,544,5,44,33,2,0,61973
62,46,545,5,46,38,6,2,42450
58,53,545,5,49,36,1,2,51500
106,62,692,5,47,68,0,1,46624
45,50,546,5,149,,2,0,71000
61,57,546,5,51,39,3,1,27149
56,58,546,5,45,34,0,3,40060
52,55,546,5,53,,0,1,34000
105,49,546,5,153,,2,1,28453
53,51,546,5,55,31,6,2,80645
46,47,547,5,58,28,2,1,29447
128,59,547,5,52,84,1,1,22570
47,128,549,5,44,29,4,1,50064
50,105,550,5,58,30,2,1,39200
57,46,550,5,52,35,2,1,24837
59,53,550,5,57,,1,1,50000
52,61,550,5,47,,1,4,28617
51,56,550,5,48,,0,2,53290
55,45,550,5,49,33,0,4,61973
49,106,551,5,46,,1,1,23200
62,58,551,5,54,38,1,1,44810
105,47,556,5,60,,2,2,30352
53,49,557,5,51,31,5,0,80000
45,57,557,5,153,,1,0,71000
61,50,557,5,48,39,2,0,25198
46,55,557,5,150,28,3,3,29139
106,52,557,5,50,68,3,1,40969
58,51,557,5,148,36,2,2,50700
56,59,527,5,149,34,3,3,40048
128,62,527,5,45,84,0,4,22760
50,106,559,5,151,30,1,1,42000
55,105,560,5,52,33,4,1,61973
47,53,560,5,49,29,2,0,54010
62,56,560,5,53,38,1,1,50410
57,128,560,5,152,35,0,2,30000
52,46,560,5,48,,2,2,25187
61,45,560,5,57,39,1,1,30210
59,51,561,5,51,,0,5,38042
49,58,561,5,47,,1,1,23300
46,61,693,5,45,28,1,2,25213
53,50,562,5,44,31,1,0,80645
45,52,562,5,148,,4,1,71000
56,49,562,5,50,34,0,0,40423
128,55,562,5,62,84,2,3,23251
58,59,562,5,58,36,1,1,50200
106,47,562,5,46,68,1,0,61539
51,62,563,5,55,,3,3,52167
105,57,563,5,54,,1,2,27554
62,59,565,5,152,38,1,1,48460
45,106,566,5,60,,3,2,71000
55,53,566,5,57,33,1,3,61973
61,105,566,5,49,39,2,1,27811
50,46,566,5,149,30,1,4,44500
52,128,566,5,150,,2,0,30657
57,56,566,5,47,35,3,0,29488
49,51,567,5,44,,0,3,24000
47,58,567,5,54,29,4,1,53418
53,62,572,5,50,31,6,1,80645
59,49,573,5,49,,0,3,37069
46,45,573,5,55,28,1,2,30150
51,47,573,5,51,,0,2,57000
128,61,573,5,53,84,1,0,22720
106,55,573,5,151,68,0,2,69277
58,57,573,5,52,36,1,2,44300
105,52,574,5,153,,2,1,28007
56,50,574,5,148,34,3,2,40435
50,128,576,5,57,30,0,0,47500
45,105,577,5,44,,3,0,71000
55,56,577,5,45,33,3,1,61973
61,51,577,5,62,39,5,3,30077
57,53,577,5,46,35,2,1,30000
46,106,577,5,47,28,2,3,25078
47,59,577,5,58,29,3,1,53325
52,58,578,5,60,,1,0,34000
49,62,578,5,54,,1,3,23700
62,47,579,5,148,38,0,2,49560
59,57,580,5,55,,1,1,35678
105,46,580,5,50,,2,0,27855
128,49,580,5,48,84,0,1,21810
58,55,580,5,51,36,3,3,51500
106,61,580,5,152,68,0,1,47419
53,45,580,5,49,31,0,3,80645
51,50,581,5,52,,3,1,52091
56,52,581,5,53,34,2,3,38429
57,51,583,5,45,35,1,1,28648
45,128,584,5,149,,2,0,71000
61,59,584,5,46,,3,0,27395
46,56,584,5,48,28,4,4,25608
52,53,584,5,47,,1,3,34000
106,105,584,5,55,68,0,0,38667
55,62,584,5,60,33,3,0,61973
50,58,585,5,151,30,2,0,40700
47,49,585,5,62,29,1,0,50084
59,52,694,5,49,,1,1,31084
47,55,673,5,54,29,2,1,54010
62,50,673,5,45,38,4,2,46320
56,45,673,5,52,34,0,7,42100
51,105,673,5,150,,0,1,46213
58,46,673,5,53,36,1,2,41300
53,61,673,5,50,31,0,1,80645
49,57,674,5,57,,0,3,22800
128,106,674,5,148,84,0,2,23100
106,56,586,5,58,68,3,2,48721
45,51,587,5,55,,3,1,71000
50,59,587,5,148,30,3,3,38100
46,53,587,5,54,28,2,2,30150
52,47,587,5,51,,0,0,34000
105,128,587,5,57,,4,1,28010
57,62,587,5,47,35,3,1,25501
55,49,588,5,149,33,2,0,60661
61,58,588,5,48,39,0,1,26242
58,105,590,5,60,36,1,1,46400
53,106,591,5,44,31,1,2,80645
56,61,591,5,62,34,1,0,39145
49,50,591,5,46,,2,1,23200
51,52,591,5,153,,2,3,50000
128,46,591,5,152,84,1,0,21600
59,55,591,5,50,,0,0,42687
47,57,592,5,151,29,2,2,54100
62,45,682,5,49,38,1,2,60449
47,45,604,5,44,29,0,2,54010
53,105,605,5,55,31,2,2,80645
62,52,605,5,150,38,1,2,38000
57,50,605,5,51,35,1,3,28139
59,46,605,5,57,,4,0,36079
49,61,605,5,47,,3,2,22100
58,106,605,5,46,36,1,0,42200
56,128,606,5,45,34,0,0,41040
51,55,606,5,53,,0,3,49457
128,53,608,5,52,84,1,2,23325
55,57,609,5,48,33,2,1,61142
61,62,609,5,54,39,2,1,28714
46,51,609,5,151,28,3,0,25603
52,49,609,5,62,,2,0,27247
105,56,609,5,58,,3,1,28813
50,47,609,5,153,30,3,1,45000
106,59,610,5,60,68,1,3,37438
45,58,610,5,50,,5,0,71000
47,61,612,5,50,29,0,1,54010
57,52,613,5,149,35,3,0,23520
56,53,613,5,151,34,1,5,42100
59,45,613,5,55,,0,2,50000
49,46,613,5,148,,1,1,22300
58,128,613,5,51,36,3,0,40500
51,106,613,5,47,,0,3,48593
62,105,614,5,46,38,1,4,40200
55,50,614,5,58,33,2,0,61307
52,50,616,5,49,,2,0,26754
53,58,617,5,53,31,4,0,80100
45,49,617,5,152,,4,0,71000
56,47,617,5,48,34,1,1,42100
46,62,617,5,153,28,4,1,29847
128,51,617,5,57,84,4,2,23200
61,55,617,5,60,39,1,2,30210
105,59,618,5,45,,0,1,30660
106,57,618,5,52,68,1,2,40648
55,52,620,5,44,33,0,0,60952
47,46,621,5,149,29,2,2,49088
62,106,621,5,62,38,1,2,45700
59,128,621,5,150,,2,1,36657
49,105,621,5,49,,2,4,22000
51,53,621,5,45,,3,0,57000
57,61,621,5,148,35,3,1,27721
58,56,622,5,54,36,0,0,44300
50,45,622,5,57,30,0,4,49000
106,49,624,5,53,68,0,0,39920
53,59,625,5,58,31,3,0,80645
61,52,625,5,48,39,0,1,25000
56,51,625,5,50,34,1,0,42100
105,50,625,5,149,,1,1,28311
128,47,625,5,151,84,1,1,23200
45,55,625,5,46,,5,1,71000
46,57,626,5,51,28,6,2,24519
58,62,626,5,47,36,2,1,43200
55,46,627,5,62,33,4,0,60604
47,105,627,5,57,29,1,2,49622
62,128,627,5,58,38,2,2,59000
50,61,627,5,54,30,1,1,46600
57,45,627,5,55,35,1,6,30000
51,58,627,5,60,,1,1,51191
59,56,627,5,49,,0,2,40608
49,53,628,5,44,,0,1,24000
52,106,628,5,50,,1,1,29760
105,55,630,5,153,,1,2,30660
53,47,631,5,47,31,1,2,80645
56,62,631,5,148,34,1,1,41500
46,52,631,5,150,28,2,4,24741
128,57,631,5,45,84,1,1,23150
106,50,631,5,152,68,0,3,46727
45,61,631,5,51,,2,1,71000
51,59,632,5,52,,2,1,53183
58,49,632,5,48,36,1,4,45400
49,56,634,5,60,,3,1,24000
55,128,635,5,48,33,3,1,61973
62,51,635,5,45,38,1,0,55000
50,53,635,5,151,30,0,3,49000
57,105,635,5,54,35,1,1,25645
52,45,635,5,149,,0,2,34000
47,106,635,5,44,29,3,0,53050
59,58,636,5,57,,2,5,40079
61,46,636,5,46,39,2,3,28794
53,55,638,5,50,31,0,0,77600
56,57,638,5,150,34,1,3,37270
128,52,638,5,62,84,3,1,21880
106,45,638,5,52,68,1,3,76197
59,62,639,5,55,,2,0,38188
46,50,639,5,53,28,3,1,21319
105,61,639,5,148,,1,3,27114
51,49,639,5,47,,1,1,44629
58,47,639,5,49,36,1,0,48000
55,106,695,5,151,33,2,0,60000
45,46,641,5,58,,3,3,71000
61,128,641,5,152,39,1,1,30210
62,53,641,5,60,38,2,3,59500
57,58,641,5,44,35,2,1,29159
52,105,641,5,52,,3,0,30014
49,59,641,5,46,,3,2,24000
47,51,642,5,148,29,3,1,54010
50,56,642,5,51,30,1,2,49000
51,61,644,5,153,,2,1,47000
62,49,645,5,54,38,2,0,58500
56,55,645,5,53,34,1,1,42100
59,47,645,5,149,,0,2,50000
105,45,645,5,49,,1,0,30660
58,52,645,5,48,36,2,0,50400
53,57,645,5,57,31,2,1,80645
128,50,646,5,44,84,3,0,23325
106,46,646,5,45,68,1,1,43874
55,58,648,5,58,33,2,0,61973
47,62,649,5,50,29,1,1,53560
50,51,649,5,62,30,2,1,49000
57,59,649,5,153,35,4,1,28431
49,128,649,5,55,,2,0,24000
52,56,649,5,47,,3,0,33597
45,53,649,5,54,,0,3,71000
61,106,650,5,149,39,2,1,29377
46,105,650,5,51,28,2,0,26449
58,50,696,5,45,36,2,3,48100
53,52,653,5,51,31,4,2,80500
56,46,653,5,153,34,3,1,40100
49,47,653,5,44,,4,2,24000
105,106,653,5,46,,0,0,30059
128,45,653,5,150,84,0,2,25540
51,57,653,5,53,,1,3,56279
59,61,654,5,52,,1,4,40514
62,55,654,5,151,38,3,1,60449
50,62,657,5,48,30,0,0,49000
45,56,658,5,152,,5,2,71000
57,49,658,5,47,35,2,2,28255
46,58,658,5,50,28,0,0,30150
52,59,658,5,57,,2,0,33507
106,128,658,5,148,68,2,0,51953
61,53,658,5,151,,2,2,30210
105,51,659,5,55,,3,1,30660
55,47,659,5,49,33,0,1,61973
53,46,662,5,55,31,3,2,80645
47,52,662,5,54,29,3,1,54010
62,57,662,5,45,38,1,2,58000
56,106,662,5,62,34,2,0,42100
59,50,662,5,49,,0,2,46014
49,55,662,5,50,,0,2,24000
51,45,662,5,52,,1,4,57000
128,105,662,5,58,84,0,1,23325
58,61,662,5,46,36,0,2,51000
45,62,665,5,153,,1,0,71000
55,59,665,5,54,33,4,1,61973
61,56,665,5,57,39,2,1,30210
50,49,665,5,44,30,3,2,48600
57,47,665,5,48,35,3,1,30000
46,128,665,5,53,28,3,1,30150
52,51,665,5,148,,3,2,34000
105,58,665,5,150,,2,1,30660
106,53,665,5,149,68,0,4,76197
72,68,688,2,64,44,1,1,
79,81,689,2,66,48,0,2,
109,70,689,2,78,71,1,1,
21,74,689,2,161,,1,0,
65,67,689,2,77,,4,0,
129,121,689,2,74,85,2,0,
69,120,689,2,83,,2,1,
77,71,689,2,162,,3,0,
107,76,690,2,75,69,0,1,
130,66,690,2,71,86,1,3,
70,65,697,2,71,,1,3,13900
66,109,536,2,75,42,2,0,
121,77,536,2,136,,2,0,
67,69,536,2,80,,2,1,
120,21,536,2,155,80,2,1,
76,130,536,2,20,,1,0,
71,79,536,2,81,,1,1,
81,72,537,2,133,50,4,1,
74,129,537,2,137,51,2,1,
68,107,537,2,70,43,1,1,
81,71,539,2,78,50,0,0,
77,66,540,2,64,,0,1,
79,121,540,2,83,48,1,0,
109,69,540,2,162,71,1,2,
130,74,540,2,79,86,2,0,
65,120,540,2,20,,0,1,
72,70,540,2,65,44,2,1,
21,76,541,2,74,,1,0,
107,67,541,2,66,69,0,0,
129,68,541,2,77,85,1,2,
109,65,544,2,74,71,2,1,
68,130,544,2,136,43,2,0,
121,71,544,2,161,,2,1,
74,77,544,2,155,51,1,0,
120,129,544,2,75,80,0,0,
69,21,544,2,70,,0,0,
70,107,544,2,137,,0,0,
76,79,545,2,133,,2,1,
67,72,545,2,71,,2,2,
66,81,545,2,20,42,1,2,
79,68,692,2,80,48,0,2,
71,66,546,2,79,,1,1,
107,109,546,2,77,69,2,3,
130,121,546,2,81,86,1,1,
72,120,546,2,67,44,0,0,
129,70,546,2,83,85,1,0,
77,76,546,2,78,,1,3,
81,74,547,2,65,50,1,0,
21,67,547,2,137,,0,2,
65,69,547,2,66,,0,0,
76,71,549,2,64,,1,2,
121,66,550,2,66,,0,0,
109,72,550,2,75,71,2,2,
120,130,550,2,162,80,1,1,
69,107,550,2,155,,2,0,
70,21,550,2,133,,0,2,
74,79,551,2,136,51,3,3,
65,129,551,2,161,,3,1,
67,77,551,2,74,,4,0,
68,81,551,2,81,43,1,1,
21,109,553,2,67,,3,0,
66,76,553,2,71,42,2,1,
107,65,554,2,80,69,2,1,
79,120,554,2,65,48,0,0,
130,70,554,2,77,86,5,1,
129,67,554,2,79,85,2,0,
71,74,554,2,83,,1,0,
77,68,554,2,20,,0,1,
81,121,554,2,64,50,3,0,
72,69,555,2,78,44,0,0,
74,66,557,2,67,51,0,2,15300
68,71,557,2,71,43,2,0,44700
109,79,557,2,155,71,1,1,9800
65,21,557,2,75,,0,0,39700
67,130,557,2,133,,1,0,21300
76,121,557,2,80,,2,2,32000
70,77,557,2,161,,2,0,14600
69,129,527,2,81,,1,3,28700
107,72,527,2,137,69,1,1,6500
120,81,527,2,136,80,1,1,20000
121,74,559,2,20,,4,1,
81,76,560,2,77,50,2,1,
130,69,560,2,64,86,2,0,
21,107,560,2,162,,3,0,
129,109,560,2,66,85,3,0,
71,67,560,2,65,,1,0,
77,120,560,2,83,,1,1,
72,65,561,2,79,44,5,1,
79,70,561,2,78,48,4,1,
66,68,561,2,74,42,1,2,
67,66,693,2,80,,1,0,
120,71,693,2,155,80,1,2,
68,121,562,2,75,43,4,0,
107,129,562,2,133,69,0,1,
109,130,562,2,78,71,1,2,
72,21,562,2,136,44,0,1,
69,77,562,2,137,,2,2,
70,81,563,2,67,,2,2,
76,74,563,2,161,,3,2,
65,79,563,2,70,,1,1,
129,21,565,2,65,85,0,1,32300
66,120,566,2,70,42,2,3,40500
121,67,566,2,64,,1,0,14600
130,107,566,2,83,86,2,1,14900
74,70,566,2,162,51,2,1,15100
71,69,566,2,20,,0,5,11000
77,109,566,2,77,,0,1,13400
79,72,567,2,81,48,2,0,16000
81,65,567,2,66,50,2,1,11400
76,68,567,2,79,,2,2,32800
68,74,572,2,66,43,4,0,45000
69,66,573,2,65,,1,1,26800
107,77,573,2,71,69,1,3,5800
109,71,573,2,79,71,2,1,9200
65,130,573,2,67,,2,0,37300
120,121,573,2,74,80,4,2,13700
70,76,573,2,75,,0,0,12100
67,79,574,2,133,,1,2,27500
72,129,574,2,155,44,1,1,13200
21,81,574,2,83,,2,0,43900
81,109,576,2,71,50,1,1,
68,67,577,2,161,43,3,1,
121,69,577,2,78,,1,0,
130,21,577,2,81,86,0,0,
74,120,577,2,137,51,0,0,
71,107,577,2,66,,1,1,
77,72,577,2,65,,1,1,
79,129,578,2,77,48,0,3,
66,70,578,2,20,42,2,1,
76,65,578,2,79,,1,2,
107,66,579,2,64,69,1,3,6800
120,68,580,2,136,80,0,3,20700
109,74,580,2,67,,0,4,8300
65,77,580,2,161,,1,1,33200
72,130,580,2,162,44,1,1,14800
69,79,580,2,80,,1,1,15500
70,121,580,2,83,,1,1,14600
21,71,581,2,78,,1,0,38400
67,76,581,2,74,,0,1,27400
129,81,581,2,81,85,0,1,32200
66,72,583,2,77,42,2,0,
76,120,584,2,78,,4,0,
81,69,584,2,161,50,2,0,
130,129,584,2,136,86,1,0,
74,67,584,2,71,51,3,0,
71,70,584,2,137,,5,1,
77,21,584,2,75,,0,1,
79,107,585,2,20,48,4,0,
121,109,585,2,162,,2,0,
68,65,585,2,80,43,4,0,
21,66,671,2,66,,1,0,46100
129,77,671,2,20,85,2,1,20500
67,81,671,2,79,,0,3,28000
107,121,672,2,65,69,1,1,
130,79,672,2,137,86,0,1,14700
72,74,672,2,83,44,0,2,11500
69,76,672,2,67,,3,1,17100
70,120,672,2,81,,0,2,10600
109,68,672,2,64,,2,0,14300
65,71,698,2,133,,1,1,29100
66,129,694,2,74,42,0,1,36600
68,70,673,2,71,43,5,0,45000
74,69,673,2,77,51,2,0,14000
120,67,673,2,162,80,1,0,14700
77,130,673,2,78,,1,1,15600
79,21,674,2,70,48,1,0,18700
121,65,674,2,75,,1,3,13700
71,72,674,2,136,,1,1,11000
81,107,674,2,80,50,1,0,5600
76,109,699,2,20,,1,0,27300
72,76,586,2,75,44,0,1,13200
69,68,587,2,79,,1,3,28200
107,74,587,2,133,69,1,2,6000
109,120,587,2,80,,1,1,8700
130,81,587,2,66,86,0,2,14500
129,71,587,2,65,85,1,2,27200
67,70,587,2,67,,1,0,20500
79,77,588,2,155,48,2,1,22100
21,121,588,2,137,,2,1,37600
65,66,588,2,20,,2,2,34200
81,77,590,2,67,50,1,2,6200
76,129,591,2,64,,2,0,33650
121,72,591,2,80,,0,0,12900
67,109,591,2,70,,3,1,20600
120,107,591,2,79,80,4,1,14500
70,69,591,2,155,,2,1,15000
71,130,591,2,83,,0,0,13100
66,79,592,2,136,42,2,2,38650
74,65,592,2,74,51,2,2,16000
68,21,592,2,77,43,2,2,45000
66,71,700,2,,,2,0,
72,81,596,2,161,44,1,1,15400
107,68,597,2,70,69,1,2,6700
79,71,597,2,66,48,0,1,15000
130,76,597,2,162,86,0,0,13500
65,70,597,2,79,,2,0,36000
69,67,597,2,137,,0,0,13200
77,121,597,2,74,,3,2,13300
129,74,598,2,71,85,1,0,26300
109,66,598,2,78,,1,2,14400
21,120,598,2,65,,1,2,36200
76,21,600,2,136,,2,0,
121,79,601,2,83,,1,0,
74,130,601,2,80,51,2,0,
67,107,601,2,64,,2,0,
69,109,601,2,133,,0,0,
70,72,601,2,77,,0,2,
120,65,602,2,67,80,0,2,17000
71,81,602,2,81,,0,2,16100
68,129,602,2,161,43,5,0,45900
66,77,682,2,75,42,2,1,35700
21,69,604,2,20,,1,1,
130,68,605,2,71,86,1,1,
107,70,605,2,66,69,1,1,
72,67,605,2,133,44,3,1,
79,80,700,2,,,1,1,
129,120,605,2,155,85,0,0,
77,74,605,2,162,,1,1,
65,109,606,2,81,,3,0,
79,76,606,2,70,48,2,0,
81,66,606,2,74,50,2,0,
71,121,683,2,,,1,3,
68,79,608,2,81,43,2,0,
74,81,609,2,137,51,2,2,14000
121,130,609,2,70,,3,2,12200
109,107,609,2,161,,1,1,10100
120,72,609,2,75,80,2,4,13800
76,77,609,2,64,,3,0,19800
70,129,609,2,67,,1,0,12200
67,21,610,2,83,,1,0,21900
69,65,610,2,78,,2,0,20500
66,71,610,2,71,42,2,2,34600
71,76,612,2,80,,0,0,
66,121,613,2,133,42,3,0,
107,69,613,2,136,69,3,1,
130,120,613,2,161,86,1,2,
21,70,613,2,162,,2,0,
72,109,613,2,155,44,1,1,
77,67,613,2,20,,2,1,
129,65,614,2,70,85,1,2,35350
81,68,614,2,79,50,1,1,16400
79,74,701,2,66,48,3,2,12500
68,77,616,2,137,43,3,0,
121,81,617,2,20,,0,2,
74,71,617,2,65,51,1,3,
67,129,617,2,71,,0,0,
120,79,617,2,64,80,1,0,
69,72,617,2,81,,2,2,
70,130,617,2,78,,1,0,
65,107,618,2,75,,3,1,
109,21,618,2,66,,2,2,
76,66,618,2,77,,1,1,
81,120,620,2,80,50,3,2,
66,74,621,2,161,42,1,0,
121,76,621,2,79,,0,2,
79,109,621,2,136,48,2,1,
130,67,621,2,155,86,1,0,
72,107,621,2,83,44,2,0,
77,70,621,2,77,,2,2,
71,68,622,2,70,,2,4,22000
129,69,622,2,74,85,0,3,34000
21,65,622,2,133,,0,0,43000
109,129,624,2,75,,2,0,
76,81,625,2,74,,2,0,
74,121,625,2,81,51,1,1,
67,71,625,2,78,,0,2,
120,77,625,2,71,80,3,1,
69,130,625,2,65,,0,2,
70,79,625,2,137,,2,0,
107,21,626,2,67,69,2,3,5600
65,72,626,2,64,,0,0,35600
68,66,626,2,20,43,2,0,45000
66,67,702,2,66,42,0,1,
121,68,627,2,136,,0,3,
130,109,627,2,133,86,0,1,
81,70,627,2,155,50,2,1,
129,107,627,2,79,85,2,2,
71,120,627,2,137,,3,2,
77,69,627,2,83,,2,1,
21,72,628,2,161,,2,0,40000
74,76,628,2,70,51,1,0,15000
79,65,628,2,80,48,1,2,17600
120,66,630,2,136,80,1,1,
21,129,631,2,78,,0,0,
107,130,631,2,20,69,1,2,
109,77,631,2,67,,0,1,
67,121,631,2,75,,2,0,
69,71,631,2,162,,2,3,
70,74,631,2,71,,2,0,
72,79,632,2,65,44,1,1,14000
65,81,632,2,77,,2,3,35000
68,76,632,2,64,43,2,0,45000
74,68,634,2,136,80,0,1,20000
66,69,635,2,77,42,0,1,
121,120,635,2,155,,2,0,
79,67,635,2,83,48,1,1,
129,72,635,2,137,85,2,1,
71,109,635,2,80,,1,1,
77,107,635,2,66,,2,3,
76,70,636,2,133,,3,1,
130,65,636,2,66,86,0,1,
81,21,636,2,70,50,1,1,
67,68,695,2,71,,0,1,35000
70,66,641,2,75,,1,1,
107,71,641,2,70,69,2,2,
109,81,641,2,64,,1,0,
72,77,641,2,78,44,0,0,
129,79,641,2,81,85,0,0,
120,74,641,2,67,80,1,1,
69,121,642,2,79,,3,0,18000
21,130,642,2,83,,1,0,39000
65,76,642,2,20,,1,2,36000
66,107,644,2,79,42,3,1,
68,120,645,2,66,43,3,0,
121,70,645,2,161,,2,2,
65,72,700,2,,,5,1,
79,69,645,2,155,48,2,2,
130,72,645,2,136,86,1,2,
74,109,645,2,162,51,1,1,
71,21,645,2,77,,1,2,
76,67,646,2,80,,1,1,
77,65,646,2,74,,1,2,
81,129,646,2,133,50,3,1,
72,66,648,2,83,44,2,3,
21,77,649,2,71,,1,0,
107,79,649,2,137,69,1,1,
109,121,649,2,78,,2,1,
67,74,649,2,133,,1,2,
69,81,649,2,20,,0,1,
70,71,649,2,65,,2,0,
129,130,650,2,67,85,1,0,
120,76,650,2,75,80,2,2,
65,68,650,2,74,,1,0,
76,69,652,2,136,,0,0,31000
81,67,654,2,66,50,1,0,
121,107,654,2,64,,2,1,
79,130,654,2,78,48,5,1,
74,72,654,2,77,51,4,4,
120,70,654,2,162,80,0,1,
77,129,654,2,65,,2,6,
66,21,654,2,81,42,0,0,
68,109,703,2,155,43,1,0,44000
71,65,703,2,161,,0,0,12000
129,66,657,2,136,85,1,1,
107,81,658,2,71,69,1,4,
109,76,658,2,70,,1,2,
130,77,658,2,20,86,1,0,
72,71,658,2,81,44,2,1,
67,120,658,2,83,,1,0,
69,74,658,2,75,,1,1,
70,68,659,2,137,,1,1,
65,121,659,2,133,,4,1,
21,79,659,2,74,,2,1,
121,21,661,2,66,,1,1,
76,72,663,2,161,,2,0,
74,107,663,2,65,51,1,0,
120,109,663,2,71,80,1,0,
70,67,663,2,77,,2,0,
71,129,663,2,155,,1,1,
77,79,663,2,162,,0,1,
66,65,663,2,64,42,4,2,
81,130,656,2,,50,1,1,
68,69,656,2,,43,1,2,
107,120,665,2,78,69,2,1,
79,66,665,2,133,48,1,1,
109,67,665,2,136,,2,0,
130,71,665,2,74,86,2,0,
21,68,665,2,20,,1,3,
65,74,665,2,80,,0,1,
72,121,665,2,137,44,0,2,
129,76,665,2,67,85,1,3,
69,70,665,2,70,,1,2,
77,81,665,2,75,,1,2,
121,129,668,2,83,,0,0,14900
74,21,668,2,70,51,1,4,16000
66,130,668,2,161,42,1,0,37800
81,79,668,2,81,50,1,1,7800
67,65,668,2,71,,0,1,28000
68,72,668,2,66,43,4,0,46000
120,69,668,2,162,80,1,3,15000
76,107,668,2,79,,3,1,37000
70,109,668,2,74,,0,3,19000
71,77,668,2,65,,3,1,20000
131,85,540,3,127,53,2,1,9300
87,24,540,3,98,,0,1,10300
23,95,541,3,115,,2,0,
91,111,541,3,139,75,2,1,
97,82,541,3,21,,2,1,
132,22,541,3,121,87,0,2,
98,90,541,3,112,62,3,0,
86,84,541,3,113,54,0,0,
123,133,541,3,111,,2,0,
89,94,542,3,117,56,2,1,
84,98,544,3,105,53,2,4,11000
24,97,544,3,23,,4,1,38000
22,131,545,3,123,,3,0,
111,123,545,3,99,73,2,0,
90,87,545,3,109,57,2,2,
94,23,545,3,102,60,0,3,
95,89,545,3,107,,2,5,
85,91,545,3,101,,3,1,
133,132,545,3,114,88,1,4,
82,86,545,3,122,,3,1,
23,24,546,3,111,,1,1,79300
98,111,546,3,96,62,2,0,38800
123,85,546,3,121,,2,2,25000
89,91,547,3,112,56,1,1,31700
131,133,547,3,139,53,2,0,18400
97,84,547,3,127,,3,0,31000
132,94,547,3,21,87,2,0,11000
82,90,547,3,117,,1,1,15000
87,95,547,3,113,,0,3,
86,22,548,3,115,54,1,3,
91,87,550,3,140,75,2,2,2000
84,82,550,3,109,53,2,1,8000
95,132,550,3,123,,0,0,18500
133,23,551,3,101,89,0,7,22000
111,89,551,3,102,73,0,2,13400
90,123,551,3,100,57,1,2,17000
94,86,551,3,114,60,0,0,15000
24,131,551,3,99,,2,1,39000
22,97,551,3,96,,2,0,45300
85,98,551,3,98,,1,2,
82,95,553,3,111,,1,0,
90,85,554,3,23,57,3,3,20000
84,24,554,3,112,53,1,2,25000
97,94,554,3,139,,3,1,27100
132,91,554,3,163,87,1,1,16000
98,133,554,3,117,62,1,1,60000
86,111,554,3,21,54,4,3,12700
87,22,554,3,127,,0,2,22800
123,131,554,3,113,,2,2,20000
23,89,555,3,105,,2,1,
95,98,557,3,102,,0,2,21000
85,87,557,3,100,,1,0,36300
123,24,527,3,114,,0,1,24000
111,82,527,3,123,73,2,0,15000
91,23,527,3,96,75,1,1,7500
94,84,527,3,115,60,2,0,14000
131,132,527,3,109,53,2,1,17700
133,97,527,3,98,,2,2,15000
89,86,558,3,121,56,2,2,
84,111,560,3,117,53,0,1,11000
23,22,560,3,23,,0,3,60300
86,133,561,3,112,54,3,1,10700
90,131,561,3,105,57,1,4,20000
94,95,561,3,127,60,1,1,14000
98,132,561,3,99,62,4,0,46500
87,123,561,3,21,,2,2,24000
82,91,561,3,100,,2,0,13000
24,85,561,3,96,,3,2,
97,89,561,3,111,,0,0,
22,98,693,3,111,,2,0,45900
91,94,562,3,123,58,2,1,5000
85,82,562,3,115,,1,0,33200
111,97,563,3,101,73,2,1,12100
89,24,563,3,113,56,4,2,36000
95,84,563,3,114,,2,1,18000
131,86,563,3,,53,3,2,19000
132,87,563,3,107,87,1,2,10000
133,90,563,3,102,89,2,1,12500
123,23,563,3,117,,3,3,22000
87,111,566,3,139,,1,0,20600
23,131,566,3,107,,4,2,43100
98,123,567,3,112,62,2,0,42200
90,132,567,3,23,57,1,0,22000
94,133,567,3,109,60,0,0,12600
84,89,567,3,98,53,1,2,12000
24,95,567,3,117,,2,0,38000
86,85,567,3,105,54,3,2,16800
82,22,567,3,99,,0,1,18000
97,91,567,3,121,,2,0,
111,23,569,3,113,73,1,1,18000
91,90,570,3,111,75,0,3,5000
89,98,570,3,127,56,1,2,34500
95,86,570,3,101,,1,0,18000
131,87,570,3,123,53,2,0,19400
24,94,570,3,115,,4,0,37500
132,123,570,3,105,87,3,3,9400
85,97,570,3,102,,1,1,30100
133,82,570,3,119,88,1,2,9300
22,84,571,3,100,,1,0,44200
86,24,573,3,107,54,0,1,17700
85,89,573,3,114,,0,2,44200
98,94,573,3,139,62,2,1,47600
132,111,574,3,101,87,1,0,8700
131,91,574,3,21,53,2,1,18600
97,95,574,3,109,,0,2,30000
87,133,574,3,23,,3,4,22000
82,23,574,3,121,,0,3,18500
123,22,574,3,98,,1,1,35000
90,84,575,3,99,57,0,0,
94,82,577,3,112,60,1,0,13000
23,132,577,3,100,,2,0,39800
95,131,578,3,127,,2,0,21700
111,90,578,3,117,73,2,1,12500
91,123,578,3,127,58,2,1,4500
84,85,578,3,111,53,0,0,15000
86,97,578,3,113,54,1,1,11100
22,133,578,3,123,,1,1,46100
89,87,578,3,102,56,2,1,28300
24,98,578,3,96,,3,0,45000
131,84,580,3,115,53,0,1,24200
85,95,580,3,21,,1,1,34800
98,86,580,3,164,62,0,1,36400
132,24,581,3,121,87,0,2,18700
87,97,581,3,111,,1,1,20400
133,111,581,3,105,88,2,0,10000
123,94,581,3,109,,4,1,13900
82,89,581,3,23,,1,0,14300
90,23,581,3,98,57,1,1,23200
22,91,582,3,107,,0,0,38800
86,90,584,3,139,54,1,1,12000
95,123,584,3,100,,1,1,20000
94,85,585,3,113,60,1,3,17400
24,133,588,3,99,,4,0,36900
111,22,585,3,102,73,1,1,15000
91,133,585,3,165,58,2,2,6500
84,132,585,3,96,53,3,0,8000
23,87,585,3,101,,1,1,43700
24,82,585,3,127,,1,0,5000
89,131,704,3,117,56,4,3,34000
97,98,704,3,99,,2,4,30000
90,24,694,3,114,57,0,2,30500
132,85,673,3,115,87,2,2,15700
98,82,673,3,21,62,3,3,34700
22,89,674,3,111,,2,1,48300
91,95,674,3,123,58,2,1,4500
131,111,674,3,112,53,2,1,17800
87,94,674,3,107,,2,0,20100
133,84,674,3,121,88,0,1,11200
123,97,674,3,23,,1,0,14200
23,86,674,3,105,,3,3,33700
94,131,587,3,102,60,0,0,15900
84,87,588,3,113,53,0,1,8000
89,90,588,3,101,56,3,0,29600
95,111,588,3,98,,1,1,18100
97,132,588,3,100,,2,0,27600
86,91,588,3,109,54,0,0,12700
82,123,588,3,139,,0,2,13100
71,64,705,2,,,0,2,
98,23,588,3,23,62,4,2,42600
85,22,589,3,96,,2,2,38000
132,82,591,3,117,87,1,2,14000
91,98,591,3,105,,1,1,5000
90,95,592,3,121,57,1,0,16500
111,24,592,3,107,73,1,4,15000
131,97,592,3,127,53,4,1,17500
22,94,592,3,21,,4,0,40600
87,86,592,3,140,,1,1,20700
133,89,592,3,115,89,0,1,12000
123,84,592,3,112,,4,1,18500
23,85,592,3,114,,1,0,69300
84,91,594,3,99,53,0,0,9000
89,132,594,3,23,56,1,0,32100
24,22,594,3,113,,3,0,45000
98,87,595,3,98,62,2,0,48000
94,90,595,3,111,60,2,0,20000
95,133,595,3,96,,2,0,18000
85,111,595,3,100,,3,0,35000
86,123,595,3,101,54,3,1,10000
82,131,595,3,128,,1,3,18000
97,23,595,3,102,,1,0,35000
132,86,597,3,139,87,0,3,9000
90,97,597,3,107,57,0,0,16200
123,89,598,3,105,,0,0,16000
111,94,598,3,121,73,2,1,15800
91,24,598,3,115,75,1,4,4800
131,98,598,3,117,53,0,3,22800
22,95,598,3,127,,4,0,37900
133,85,598,3,112,89,4,3,18000
87,82,599,3,114,,3,0,20000
23,84,599,3,109,,1,1,20000
22,132,601,3,101,,3,0,35000
24,87,601,3,21,,4,2,38000
82,97,602,3,96,,2,3,13000
111,91,602,3,166,73,1,0,14000
94,89,602,3,98,60,0,3,14000
95,23,602,3,113,,1,0,19000
90,98,602,3,102,57,2,2,23600
84,86,602,3,111,53,1,2,8000
133,123,602,3,123,89,0,2,12000
85,131,602,3,99,,1,0,30600
98,84,605,3,139,62,1,1,39200
97,24,605,3,121,,1,1,44000
131,22,606,3,114,53,1,3,23900
123,111,606,3,23,,1,0,24000
87,90,606,3,115,,1,1,20500
23,94,606,3,112,,0,0,35000
91,85,606,3,117,75,1,2,5000
132,133,606,3,107,87,3,1,10000
86,82,606,3,100,54,1,0,12000
89,95,606,3,109,56,3,3,25000
91,89,609,3,114,58,1,0,8000
90,82,609,3,127,57,0,2,15200
85,123,609,3,102,,1,1,35200
133,131,610,3,21,,1,2,11000
84,97,610,3,101,53,0,2,7000
94,132,610,3,99,60,3,3,15000
111,98,610,3,113,73,3,0,13500
24,23,610,3,96,,3,1,39000
95,87,611,3,105,,0,1,29900
22,86,706,3,112,,4,2,42000
89,111,613,3,115,56,2,0,28300
82,84,613,3,98,,3,0,11000
98,85,613,3,121,62,3,1,38600
123,90,614,3,139,,1,2,20000
87,91,614,3,167,,1,0,20500
86,94,614,3,123,54,0,0,10800
132,95,614,3,21,87,0,1,9500
131,24,614,3,117,53,2,2,25100
97,22,614,3,111,,0,0,50000
23,133,614,3,100,,1,0,
85,90,616,3,99,,1,0,29600
89,23,617,3,102,56,1,2,35600
67,69,707,2,,,1,2,
94,97,618,3,114,60,3,1,12500
24,84,618,3,105,,3,1,39300
91,132,618,3,112,58,1,2,5000
133,98,618,3,127,,0,2,12000
111,86,618,3,109,73,0,4,14000
95,82,618,3,23,,3,3,18000
22,87,618,3,107,,3,0,15000
131,123,619,3,96,53,1,3,21000
90,22,621,3,121,57,0,1,22800
132,131,622,3,100,87,2,3,10000
82,111,622,3,140,,1,1,11500
23,91,622,3,101,,1,1,37900
84,94,622,3,111,53,2,0,5000
87,85,622,3,117,,0,2,23300
24,123,622,3,113,,1,0,40300
97,133,622,3,123,,3,2,41000
86,89,623,3,21,54,2,2,14000
98,95,623,3,98,62,1,1,30400
22,23,625,3,99,,0,0,37500
91,82,626,3,105,58,3,0,4800
131,90,626,3,109,53,0,0,20000
95,94,626,3,139,,2,0,21000
111,84,626,3,107,73,2,1,14000
133,86,626,3,23,,0,1,11000
123,87,626,3,102,,0,2,16100
132,98,626,3,114,87,1,1,11800
85,24,626,3,115,,0,2,75600
89,97,626,3,98,56,0,1,28500
82,85,627,3,101,,1,0,20000
94,91,627,3,113,60,1,1,14700
24,89,628,3,111,,1,0,37500
97,111,628,3,100,,0,1,29000
84,95,628,3,21,53,2,1,10800
86,131,628,3,112,54,2,0,12500
87,132,628,3,123,,4,2,21000
90,133,628,3,115,57,0,0,21700
23,123,628,3,127,,1,0,43500
98,22,628,3,96,62,1,0,38000
131,23,631,3,98,53,0,2,24000
111,87,632,3,128,73,3,0,14000
132,90,632,3,99,87,2,1,10000
133,94,632,3,105,,3,1,11000
91,97,632,3,139,58,0,2,4200
85,86,632,3,107,,2,4,39200
89,84,632,3,121,56,3,1,31700
95,24,632,3,114,,0,1,36000
123,98,633,3,117,,0,1,20000
22,82,633,3,23,,3,2,34300
123,132,635,3,101,,3,1,13300
72,129,708,2,,,4,0,
84,22,635,3,114,53,0,2,13000
86,95,636,3,109,54,1,1,12700
23,111,636,3,123,,1,2,39100
90,91,636,3,21,57,1,0,16000
87,131,636,3,127,,5,0,20000
82,133,636,3,100,,1,0,11000
98,89,636,3,23,62,0,1,46500
94,24,636,3,102,60,0,1,19900
97,85,636,3,96,,1,1,25000
22,123,638,3,99,,2,1,32000
84,90,639,3,96,53,3,0,
91,131,639,3,119,58,1,0,
95,97,639,3,100,,2,0,
111,132,639,3,112,73,2,0,
89,85,639,3,111,56,0,2,
94,98,639,3,121,60,2,4,
24,86,639,3,98,,2,1,
133,87,639,3,139,,1,2,
23,82,640,3,21,,0,0,36800
90,111,641,3,105,57,0,2,16000
85,84,641,3,123,,3,0,35000
133,22,642,3,113,,0,2,12000
123,91,642,3,109,,2,1,20600
87,89,642,3,101,,0,0,21700
131,95,642,3,107,53,3,0,20100
97,86,642,3,102,,3,2,33000
98,24,642,3,111,62,2,0,45000
82,94,643,3,117,,1,0,15000
132,23,643,3,127,87,2,2,15500
84,131,645,3,23,53,0,1,15000
23,90,645,3,114,,2,2,38800
97,87,646,3,127,,2,0,27300
91,22,646,3,121,58,1,3,4800
111,133,646,3,111,73,0,2,14000
94,123,646,3,96,60,1,2,15500
89,82,646,3,107,56,2,1,31100
86,98,646,3,99,54,1,0,14700
24,132,647,3,21,,2,0,38800
95,85,647,3,98,,1,2,20900
133,91,649,3,101,,1,1,14200
22,111,649,3,115,,3,1,41400
90,86,650,3,117,57,1,1,21400
132,84,650,3,102,87,2,4,12000
131,89,650,3,100,53,3,5,23800
123,95,650,3,166,,2,1,20000
87,23,650,3,105,,0,4,24100
98,97,650,3,98,62,4,2,44000
85,94,650,3,112,,1,0,33000
82,24,651,3,113,,0,2,22300
95,91,653,3,107,,1,2,18300
111,131,653,3,168,73,1,2,13500
86,23,653,3,96,54,0,2,16300
85,132,653,3,139,,3,0,38900
82,98,653,3,127,,1,1,16200
94,87,653,3,109,60,2,1,18600
84,133,653,3,99,53,0,1,10000
97,123,653,3,115,,3,3,29100
24,90,653,3,123,,1,0,39100
89,22,653,3,114,56,0,1,34600
22,85,657,3,23,,2,0,49800
90,89,658,3,121,57,0,3,23900
23,98,658,3,113,,0,0,47100
131,94,659,3,101,53,4,0,19900
87,84,659,3,111,,2,1,22500
132,97,659,3,112,87,0,2,12000
91,86,659,3,21,58,1,0,4500
123,82,659,3,105,,2,0,17000
111,95,659,3,100,73,1,1,12100
133,24,660,3,102,,1,3,21000
95,90,663,3,115,,0,0,18600
82,132,663,3,96,,5,3,13200
94,22,663,3,98,60,4,1,19000
86,87,663,3,123,54,2,0,17100
84,123,663,3,107,53,0,1,10000
85,23,663,3,99,,1,0,73900
97,131,664,3,114,,3,3,
24,111,664,3,112,,1,0,38900
89,133,687,3,23,56,3,4,25000
98,91,687,3,169,62,3,0,43000
131,82,665,3,109,53,2,2,22100
23,97,665,3,121,,4,1,70700
111,85,666,3,113,73,2,1,16000
90,94,666,3,96,57,1,2,30000
91,84,666,3,117,58,0,1,6000
132,89,666,3,123,87,0,1,15000
133,95,666,3,21,,4,2,15000
87,98,666,3,170,,2,5,26000
123,86,666,3,102,,1,1,28000
22,24,666,3,101,,0,1,60000
82,87,668,3,171,,3,3,14900
94,111,669,3,172,60,2,1,12400
24,91,669,3,99,,3,0,39400
95,22,669,3,139,,1,0,20000
97,90,669,3,173,,1,0,6000
98,131,669,3,163,62,5,1,42000
84,23,669,3,174,53,2,1,10000
86,132,669,3,112,54,2,0,16800
85,133,669,3,105,,2,1,39000
89,123,669,3,113,56,2,2,31000
100,113,709,1,18,,1,0,11300
2,14,710,1,14,2,1,0,24000
19,12,710,1,131,11,1,1,29400
101,6,710,1,175,64,2,1,14800
20,4,710,1,144,,1,1,9900
134,5,711,1,7,,1,0,5200
11,124,711,1,6,,3,0,68100
113,15,711,1,176,,3,1,20400
3,18,711,1,8,3,0,2,19000
13,135,712,1,145,9,2,0,70400
100,10,712,1,,,0,0,11100
15,20,713,1,177,,1,0,6000
12,2,713,1,13,8,3,0,41600
135,113,714,1,6,90,1,1,15900
14,3,714,1,132,10,3,0,48300
10,134,714,1,158,7,2,1,48000
4,19,714,1,12,,1,2,16500
18,11,715,1,19,,0,1,21200
5,13,715,1,157,4,4,2,27900
6,100,715,1,18,5,2,2,18100
124,101,715,1,178,81,1,1,20000
20,135,716,1,6,,1,1,14500
11,14,717,1,8,,2,0,80200
2,3,717,1,145,2,0,0,19200
13,10,717,1,14,9,1,2,85300
113,5,717,1,144,,2,2,19400
100,124,718,1,175,,2,3,9500
12,4,718,1,,8,3,1,38500
19,15,718,1,7,11,2,0,34600
101,18,718,1,131,64,0,0,21000
134,6,719,1,176,,0,1,4500
124,134,720,1,177,81,0,2,22500
6,13,721,1,132,5,2,8,27700
14,101,721,1,6,10,0,1,33000
10,113,721,1,157,7,2,2,47000
4,2,721,1,17,,2,2,12600
5,20,722,1,13,4,1,2,18000
18,100,722,1,158,,4,2,15100
135,19,722,1,19,90,1,3,17000
3,11,722,1,18,3,0,5,22200
15,12,723,1,12,,0,3,6000
13,124,724,1,,9,5,1,63600
113,6,724,1,131,,2,1,23800
20,10,425,1,145,,0,1,11900
134,18,425,1,6,,1,1,4200
100,14,425,1,176,,2,1,11000
19,5,425,1,14,11,1,0,29500
109,71,725,2,,,1,0,
101,3,425,1,7,64,0,1,15700
2,11,425,1,144,2,0,0,24800
4,15,726,1,8,,2,0,15000
12,135,726,1,175,8,3,0,36000
124,113,727,1,132,81,0,1,20900
18,13,728,1,12,,0,2,22100
11,101,728,1,157,,6,0,72600
10,19,728,1,18,7,4,0,54000
14,134,728,1,19,10,0,0,45000
3,100,728,1,13,3,0,2,12100
15,2,729,1,158,,1,0,5500
6,20,729,1,6,5,0,1,23300
5,12,729,1,17,4,1,1,18000
135,4,729,1,177,90,0,0,15900
15,135,730,1,157,,1,1,9000
12,10,731,1,6,8,3,1,44000
100,11,731,1,14,,0,2,14100
134,3,731,1,12,,3,3,4300
20,124,731,1,131,,2,2,9800
2,101,731,1,10,2,2,1,20700
19,6,732,1,145,11,4,1,33400
113,18,732,1,7,,1,3,22200
4,5,732,1,176,,2,0,18300
13,14,732,1,144,9,5,0,78000
101,100,733,1,177,64,0,1,16400
3,13,456,1,17,3,0,5,23500
14,113,456,1,8,10,1,1,35600
11,134,456,1,6,,3,0,75500
135,2,456,1,18,90,1,2,16600
10,4,700,1,175,7,2,0,54100
6,12,700,1,13,5,3,0,21900
124,19,700,1,158,81,0,2,26100
18,20,700,1,,,2,0,19000
5,15,734,1,132,4,1,2,19100
113,3,705,1,6,,3,0,19200
20,14,735,1,157,,0,1,12000
13,11,735,1,145,9,3,1,85500
12,124,735,1,12,8,3,1,42800
135,5,735,1,131,90,1,1,15700
134,101,735,1,14,,1,1,4800
2,100,736,1,7,2,4,0,21800
4,6,736,1,19,,0,0,21000
19,18,736,1,144,11,2,1,34300
15,10,736,1,176,91,0,1,9300
6,15,737,1,144,5,1,2,20200
101,13,738,1,18,64,0,4,21800
10,135,738,1,,7,4,2,48600
11,113,738,1,179,,0,1,71500
5,2,738,1,177,4,0,1,21100
14,19,739,1,13,10,1,0,42000
18,12,739,1,132,,1,3,23000
3,20,739,1,158,3,2,1,16000
124,4,739,1,6,81,2,1,21500
100,134,740,1,17,,2,3,1100
135,6,741,1,14,90,0,0,15600
20,11,742,1,12,,1,2,12600
15,124,742,1,8,91,0,0,6000
13,100,742,1,132,9,5,1,76800
113,101,742,1,13,,0,0,17000
2,134,742,1,157,2,2,1,22600
19,3,743,1,19,11,1,1,28500
4,18,743,1,145,,1,1,22000
12,14,743,1,131,8,0,0,39600
5,10,743,1,7,4,2,1,22800
14,4,744,1,176,10,3,1,28000
10,2,745,1,6,7,3,1,44200
134,13,745,1,8,,0,4,5900
11,19,745,1,157,,5,1,78300
6,5,745,1,158,5,0,0,18500
3,12,709,1,175,3,2,1,22000
124,135,709,1,144,81,2,2,22600
18,15,709,1,177,,2,1,19500
101,20,746,1,17,64,0,0,17000
5,124,747,1,10,4,3,0,17000
15,14,748,1,7,91,1,2,8100
4,3,748,1,131,,2,1,12700
2,13,748,1,175,2,1,2,29000
113,134,748,1,132,,0,1,16800
10,6,749,1,6,7,2,0,45000
19,101,749,1,158,11,5,1,30300
135,18,749,1,13,90,0,2,16000
12,11,749,1,8,8,0,1,51200
20,100,750,1,14,,0,1,8500
124,10,751,1,175,81,0,2,18300
14,135,751,1,177,10,0,1,38500
13,113,751,1,12,9,3,0,80300
6,2,751,1,145,5,0,1,17700
100,19,752,1,7,,0,1,11600
11,4,752,1,17,,5,1,76100
18,5,752,1,6,,4,0,16000
101,12,752,1,144,64,1,1,15600
134,20,753,1,18,,5,2,4200
3,15,753,1,176,3,1,1,13600
20,13,754,1,7,,1,4,14000
15,11,755,1,175,91,0,0,9500
12,100,755,1,6,8,3,0,36800
135,3,755,1,158,90,0,0,18600
2,113,755,1,131,2,1,0,23700
4,101,756,1,177,,2,1,18400
19,134,756,1,13,11,0,0,20000
10,18,756,1,132,7,0,1,37000
5,14,756,1,8,4,1,1,26700
6,124,757,1,176,5,1,0,14200
113,20,758,1,145,,0,1,14400
11,135,759,1,14,,5,0,60100
3,5,759,1,177,3,1,1,16800
134,12,759,1,10,,0,1,4800
100,4,759,1,157,,1,3,7800
18,6,760,1,18,,3,0,15800
101,15,760,1,6,64,1,1,19600
124,2,760,1,12,81,1,2,24100
14,10,760,1,144,10,1,4,46500
13,19,761,1,17,9,2,1,67100
10,3,762,1,7,7,3,1,52200
19,113,762,1,19,11,1,0,31300
124,18,762,1,,81,2,2,18300
6,14,762,1,12,5,1,0,16200
2,20,762,1,6,2,1,2,19500
15,100,763,1,144,91,1,2,
12,13,763,1,145,8,2,1,52000
4,134,763,1,14,,1,2,19100
5,11,763,1,131,4,1,0,
135,101,764,1,175,90,2,0,13100
3,6,765,1,132,3,0,0,17000
13,4,766,1,8,9,3,0,69600
2,18,766,1,177,2,1,1,22100
113,12,766,1,18,,1,1,19100
134,15,766,1,,,2,1,4100
20,19,767,1,158,,0,2,12700
14,124,767,1,17,10,1,2,42000
101,5,767,1,157,64,1,1,14600
11,10,767,1,12,,3,1,81700
100,135,768,1,13,,0,1,10800
135,134,769,1,6,90,1,1,16100
5,100,770,1,176,4,0,1,21500
12,20,770,1,175,8,3,2,45800
18,14,770,1,13,,2,0,
4,113,770,1,158,,1,0,
65,139,725,2,,,2,0,
15,13,771,1,132,91,0,3,11500
10,101,771,1,17,7,2,0,42000
6,11,771,1,157,5,0,4,25200
124,3,771,1,10,81,1,0,14700
19,2,771,1,6,11,2,0,24000
135,13,708,1,144,90,1,2,21800
124,11,708,1,,81,0,6,28200
10,100,708,1,175,7,3,1,37200
5,134,708,1,18,4,1,0,
18,3,708,1,8,,1,0,
6,101,725,1,131,5,2,2,18800
14,2,725,1,7,10,1,1,41200
4,20,725,1,12,,3,0,16800
12,19,725,1,177,8,3,1,46700
15,113,772,1,14,91,2,1,4600
100,6,773,1,158,,1,2,10700
13,5,774,1,7,9,4,1,71700
134,10,774,1,132,,1,3,4200
101,124,774,1,145,64,1,0,
113,135,774,1,6,,1,0,
3,14,775,1,144,3,0,2,16100
20,15,775,1,17,,1,0,8600
19,4,775,1,18,11,3,2,28000
11,18,775,1,175,,3,2,60000
2,12,776,1,,2,1,0,20200
6,134,777,1,19,5,2,0,16900
10,13,778,1,8,7,4,0,54900
18,101,778,1,12,,2,0,12400
3,2,778,1,131,3,4,1,10600
5,113,778,1,177,4,1,1,14800
135,20,779,1,157,90,1,2,17100
15,19,779,1,13,91,2,1,6000
4,12,779,1,176,,1,2,18800
14,11,779,1,14,10,2,5,43800
124,100,780,1,6,81,2,0,14200
20,5,781,1,19,,2,2,8900
19,135,782,1,175,11,3,0,29900
13,6,782,1,13,9,2,0,73700
101,14,782,1,,64,0,0,14900
2,4,782,1,145,2,0,2,16200
12,15,783,1,18,8,1,0,48200
11,3,783,1,176,,5,0,75000
100,18,783,1,132,,2,0,10900
113,10,783,1,157,,2,0,22100
134,124,784,1,158,,0,1,4100
15,4,785,1,177,91,2,1,9600
120,64,725,2,,,0,0,
11,2,786,1,157,,0,1,78300
135,12,786,1,12,90,1,2,17000
10,20,786,1,14,7,3,0,44000
6,113,786,1,132,5,0,2,30300
5,19,787,1,6,4,4,3,21400
14,100,787,1,8,10,1,0,40000
18,134,787,1,176,,1,0,
124,13,787,1,17,81,0,2,31500
3,101,788,1,7,3,2,1,13700
4,135,789,1,131,,1,0,17100
101,11,790,1,177,64,1,3,18100
100,3,790,1,175,,4,2,10500
20,6,790,1,145,,0,0,
2,15,790,1,158,2,3,2,
12,5,791,1,13,8,2,0,47000
134,14,791,1,6,,0,1,5200
19,10,791,1,,11,0,0,36000
13,18,791,1,18,9,1,1,75100
113,124,792,1,10,,1,1,14400
3,134,793,1,8,3,2,1,16900
6,19,794,1,6,5,3,4,21600
14,13,794,1,12,10,1,0,52600
124,20,794,1,131,81,1,0,23100
101,2,794,1,14,64,1,0,
11,100,795,1,145,,6,1,87200
5,4,795,1,158,4,1,0,23300
18,113,795,1,,,4,1,21500
10,12,795,1,177,7,1,1,49500
135,15,796,1,7,90,1,2,15200
12,6,797,1,7,8,2,0,47200
4,10,798,1,175,,0,0,22500
134,11,798,1,131,,0,2,5400
100,101,798,1,144,,3,1,11000
113,14,798,1,14,,1,2,18300
20,18,799,1,12,,0,0,9500
2,135,799,1,18,2,2,0,24500
19,124,799,1,13,11,3,0,31400
13,3,799,1,132,9,2,0,65000
15,5,800,1,176,91,0,1,9000
124,12,801,1,8,81,0,4,26500
10,15,802,1,157,7,2,0,38700
100,2,802,1,177,,1,0,9100
3,113,802,1,6,3,0,1,11500
14,20,802,1,158,10,2,1,35400
101,134,802,1,12,64,0,0,15200
6,4,803,1,6,5,0,0,20000
69,80,725,2,,,1,4,
18,19,803,1,144,,0,2,9800
5,135,803,1,10,4,3,1,21200
11,13,803,1,14,,2,1,98800
134,100,804,1,17,,1,2,
19,14,805,1,7,11,2,0,27800
135,10,805,1,13,90,0,2,17700
20,3,805,1,18,,1,4,9600
2,5,805,1,131,2,1,1,27000
13,101,806,1,145,9,9,1,71900
12,18,806,1,176,8,0,0,49500
15,6,806,1,,91,2,1,6300
113,11,806,1,175,,0,1,23700
4,124,807,1,132,,1,1,13900
10,5,808,1,12,7,2,0,40200
3,19,808,1,19,3,1,2,13000
134,2,808,1,145,,1,0,4000
6,135,809,1,158,5,1,1,17600
11,20,809,1,144,,4,0,73800
101,113,809,1,7,64,1,1,14400
100,13,809,1,176,,0,2,13000
14,12,810,1,6,10,1,1,43000
124,15,810,1,18,81,0,1,18100
18,4,810,1,131,,0,3,13100
13,134,811,1,144,9,3,0,74000
2,10,811,1,14,2,2,2,
19,11,811,1,157,11,2,2,40400
20,101,811,1,177,,3,0,14000
113,100,811,1,,,6,1,21000
15,18,812,1,6,91,1,1,6700
4,14,812,1,8,,1,0,19100
5,6,812,1,132,4,2,2,21900
135,124,812,1,175,90,0,2,14200
12,3,813,1,17,8,3,0,47000
3,4,814,1,176,3,2,2,17100
11,12,815,1,18,,2,0,92900
6,10,815,1,8,5,1,2,
13,2,815,1,175,9,3,1,78400
14,15,815,1,14,10,4,0,37200
100,20,816,1,145,,2,0,10200
101,19,816,1,13,64,1,1,18200
18,135,816,1,17,,0,0,23000
134,113,816,1,19,,0,1,4500
124,5,817,1,158,81,1,0,19100
135,14,818,1,6,90,0,1,16200
4,11,819,1,14,,0,2,30300
10,124,819,1,,7,3,0,47500
15,3,819,1,7,91,0,1,6000
38,36,710,4,37,22,2,2,39500
5,18,819,1,145,4,0,0,17100
2,6,820,1,13,2,1,1,23900
20,134,820,1,131,,2,0,10700
19,100,820,1,177,11,2,0,28500
113,13,820,1,132,,2,4,25100
12,101,821,1,12,8,4,0,43800
11,15,822,1,8,,6,0,65400
14,5,822,1,157,10,1,1,42300
3,135,822,1,145,3,1,0,14100
134,19,823,1,158,,1,3,5500
13,20,823,1,17,9,3,0,63800
113,2,823,1,144,,1,0,17200
124,6,823,1,7,81,4,0,19300
18,10,823,1,18,,0,1,18700
100,12,824,1,175,,1,1,10000
101,4,824,1,10,64,1,2,15100
5,3,825,1,131,4,3,0,18800
135,11,826,1,,90,0,8,13800
10,14,826,1,177,7,0,0,48500
19,13,826,1,18,11,2,3,39700
6,18,826,1,18,5,1,1,20800
4,100,827,1,6,,1,1,16500
15,101,827,1,158,91,1,2,6000
126,39,711,4,41,,1,1,24300
12,134,827,1,13,8,3,1,47000
2,124,827,1,12,2,1,2,18700
20,113,828,1,6,,2,2,10900
134,4,829,1,6,,0,2,5600
101,135,830,1,6,64,2,0,19300
11,5,830,1,17,,2,0,86000
13,12,830,1,,9,2,2,79000
14,6,830,1,145,10,1,1,39700
3,10,831,1,144,3,2,2,19300
18,124,831,1,131,,1,0,13600
20,2,831,1,158,,1,2,10700
113,19,831,1,10,,1,1,19000
100,15,832,1,132,,2,0,
18,2,833,1,19,,2,1,19000
124,14,833,1,144,81,2,3,22700
6,3,833,1,180,5,2,0,30300
10,11,833,1,12,7,0,1,53300
5,101,833,1,13,4,0,3,20600
135,100,833,1,14,90,1,2,7600
15,134,833,1,,91,1,1,8800
4,13,833,1,157,,1,4,30200
12,113,833,1,145,8,1,1,44500
19,20,833,1,175,11,2,1,32500
3,124,834,1,176,3,0,0,11800
14,18,834,1,158,10,4,0,43300
11,6,834,1,,,2,2,93700
101,10,834,1,180,64,0,0,20800
100,5,834,1,6,,2,4,9500
134,135,834,1,7,,3,0,6100
113,4,834,1,131,,3,2,18400
20,12,834,1,144,,2,3,11100
2,19,834,1,17,2,2,3,23100
13,15,834,1,6,9,7,3,63800
35,103,835,4,26,20,1,2,75300
136,38,835,4,34,92,2,2,31600
102,126,835,4,159,65,0,1,17600
39,27,835,4,29,,0,1,27500
40,31,835,4,40,23,2,2,25500
41,26,835,4,33,24,0,1,35000
36,125,835,4,41,21,2,1,60000
34,116,836,4,31,19,2,1,44700
42,25,836,4,32,25,0,2,50800
137,33,837,4,35,93,1,3,20700
27,42,710,4,26,13,0,0,30300
33,136,710,4,36,18,2,0,41600
125,41,710,4,31,83,1,3,24200
116,40,710,4,147,78,0,0,27600
103,137,710,4,159,,1,0,20600
26,102,711,4,29,12,4,0,36100
31,35,711,4,32,16,1,1,43200
25,34,712,4,35,66,3,1,45500
137,35,714,4,33,93,0,0,21100
25,39,714,4,36,66,0,1,45600
42,125,714,4,34,25,3,3,49200
102,31,714,4,160,65,1,0,17900
103,40,714,4,181,,3,0,20300
41,116,714,4,26,24,1,3,34900
38,33,714,4,41,22,3,6,39400
27,126,715,4,31,13,2,1,28300
26,34,715,4,24,12,0,3,36100
136,36,715,4,29,92,1,1,31500
36,25,717,4,31,21,2,2,60000
33,103,717,4,37,18,4,2,41400
125,137,717,4,26,83,0,0,23800
116,42,717,4,33,78,4,0,29700
39,136,717,4,35,,0,1,27500
31,26,717,4,159,13,2,2,40800
40,38,717,4,29,23,0,2,23600
34,27,717,4,36,19,0,1,44700
35,102,718,4,24,20,4,0,75400
126,41,719,4,32,,2,2,21300
102,39,721,4,32,65,2,2,16200
27,36,721,4,34,13,0,3,40000
137,31,721,4,29,93,0,0,20000
42,126,721,4,40,25,2,2,49100
103,116,721,4,41,,0,1,20600
41,34,721,4,159,24,3,1,35000
136,35,722,4,31,92,5,3,31800
26,40,722,4,37,12,0,1,35900
38,125,722,4,35,22,2,3,37600
25,33,722,4,26,66,1,1,45600
34,38,728,4,32,19,1,1,44500
33,27,728,4,24,18,3,0,41600
125,136,728,4,182,83,2,0,24300
126,25,728,4,29,,2,4,22900
35,41,728,4,36,20,2,1,75300
116,102,728,4,31,78,2,1,30500
31,103,728,4,33,16,0,0,41300
36,26,728,4,35,21,1,1,59900
40,137,729,4,41,23,4,0,24300
39,42,838,4,159,,1,0,26300
126,125,731,4,26,,2,0,24300
136,137,731,4,24,92,2,2,31400
34,40,731,4,35,19,2,1,44700
31,39,731,4,40,16,3,1,42700
103,42,731,4,36,,2,2,20600
21,139,839,2,,,0,0,
27,25,731,4,33,13,0,2,33000
35,38,732,4,37,20,2,1,75300
33,36,732,4,32,18,2,0,41600
26,116,732,4,34,12,1,0,35600
41,102,732,4,29,24,2,0,34900
25,26,456,4,41,66,4,1,45500
36,126,456,4,147,21,2,2,60000
137,41,456,4,37,93,1,3,18900
125,33,456,4,159,83,1,2,24500
38,27,456,4,29,22,3,0,39500
116,31,456,4,25,78,8,0,29600
42,136,456,4,32,25,1,0,51900
102,34,700,4,24,65,2,3,18100
39,103,700,4,35,,2,1,27000
40,35,734,4,26,23,2,2,25800
41,25,735,4,32,24,2,1,35000
34,126,735,4,40,19,0,0,44600
116,39,735,4,41,78,1,0,30000
31,36,735,4,37,16,0,2,44400
40,125,735,4,31,23,2,2,24700
103,136,735,4,34,,2,0,20300
137,38,736,4,25,93,1,3,19900
26,42,736,4,29,12,1,2,35700
35,33,736,4,24,20,1,1,75300
102,27,840,4,36,65,2,0,18000
42,34,738,4,25,25,1,0,52200
36,137,738,4,159,21,3,0,60000
33,102,738,4,34,18,2,1,41500
38,103,738,4,37,22,0,0,39100
126,116,738,4,32,,0,1,22800
136,40,738,4,28,92,0,1,31800
39,41,738,4,33,,2,2,27200
25,35,739,4,35,66,1,0,45400
27,26,739,4,40,13,1,2,32000
125,31,740,4,24,83,1,3,23200
34,33,742,4,29,19,1,2,44700
137,126,742,4,31,93,1,0,17000
35,125,742,4,33,20,1,0,75300
116,136,742,4,35,78,2,0,31300
41,27,742,4,41,24,0,0,34900
102,25,742,4,26,65,2,2,18000
31,38,743,4,36,16,1,1,43500
26,39,743,4,34,12,1,2,35700
40,42,743,4,159,23,0,2,26500
103,36,743,4,24,,2,1,20800
33,40,745,4,36,18,2,0,41600
38,41,745,4,31,22,2,1,39200
136,31,745,4,160,92,0,0,31800
25,103,745,4,40,66,2,1,45400
42,102,745,4,33,25,1,0,51900
39,137,745,4,32,,1,2,27000
36,35,745,4,26,21,1,2,60100
125,34,709,4,41,83,3,1,24900
126,26,709,4,159,,1,2,
27,116,746,4,24,13,1,1,25300
40,36,748,4,33,23,0,1,24200
137,27,748,4,183,93,1,1,19900
34,39,748,4,159,19,1,0,44700
35,126,748,4,29,20,3,0,75300
102,136,748,4,147,65,3,2,18100
103,125,748,4,32,,1,1,20200
41,42,748,4,26,24,1,0,35000
31,33,748,4,37,16,0,0,45200
116,25,749,4,34,78,0,3,30900
26,38,749,4,35,12,2,1,35900
137,42,841,4,24,93,1,1,18800
136,34,841,4,36,92,1,3,32000
35,39,841,4,41,20,2,1,75400
103,102,841,4,37,,2,0,20100
125,27,841,4,35,83,0,1,23900
40,41,841,4,34,23,1,2,24000
36,116,707,4,25,21,1,0,60000
72,79,839,2,,,0,1,
33,26,707,4,26,18,3,0,41500
38,126,707,4,160,22,1,1,34600
31,25,707,4,159,16,1,4,41200
42,33,751,4,32,25,2,1,52000
126,40,751,4,35,,0,0,23300
34,31,751,4,40,19,0,0,44700
102,137,751,4,41,65,2,0,17800
39,36,751,4,29,,3,2,27400
26,125,751,4,36,12,0,0,35900
25,38,751,4,25,66,1,0,45600
41,103,752,4,33,24,3,1,34100
27,136,752,4,159,13,2,1,27700
116,35,753,4,37,78,1,2,31400
137,116,755,4,31,93,1,0,17300
33,126,755,4,33,18,2,0,41600
125,39,755,4,37,83,1,1,23000
136,25,755,4,41,92,0,1,31600
31,41,755,4,24,16,1,1,41700
40,27,755,4,26,23,1,0,24700
36,42,755,4,36,21,4,1,59900
35,34,756,4,32,20,3,0,75300
103,26,756,4,160,,1,2,20700
38,102,757,4,40,22,3,1,34000
25,125,759,4,24,66,3,0,45300
27,35,759,4,36,13,1,1,41300
126,103,759,4,31,,0,1,21900
102,40,759,4,159,65,3,2,17600
116,38,759,4,41,78,3,0,31500
26,137,759,4,34,12,2,1,35700
41,136,759,4,32,24,2,0,35000
42,31,760,4,29,25,0,1,52300
34,36,760,4,35,19,2,2,44700
39,33,842,4,40,,0,2,27600
33,41,843,4,35,18,2,0,41600
137,34,843,4,29,93,0,1,21300
125,116,843,4,26,83,1,3,24600
38,39,843,4,36,22,0,1,39200
136,26,843,4,40,92,1,2,31900
35,42,843,4,34,20,3,1,75300
31,126,843,4,25,16,1,3,44800
103,27,843,4,147,,1,0,20700
40,25,843,4,31,23,1,3,26000
36,102,843,4,32,21,2,1,59900
26,35,844,4,41,12,0,0,35700
116,33,844,4,29,78,1,1,31600
27,31,844,4,32,13,0,0,35400
126,136,844,4,24,,0,1,23800
25,137,844,4,37,66,2,2,45600
102,125,844,4,34,65,0,0,18000
39,40,844,4,147,,2,0,27100
41,36,844,4,40,24,1,2,35000
42,38,844,4,159,25,3,2,52300
34,103,845,4,25,19,4,1,44700
39,35,846,4,35,,1,1,27200
27,125,846,4,160,13,0,0,29000
126,38,846,4,37,,2,0,23900
34,136,846,4,34,19,2,2,44700
25,31,846,4,147,66,3,2,45400
42,137,846,4,26,25,3,3,51800
102,103,846,4,29,65,1,1,17700
116,36,846,4,159,78,2,0,31500
41,40,846,4,41,24,1,1,34900
26,33,846,4,24,12,5,3,35900
31,34,766,4,159,16,0,1,45400
137,102,766,4,25,93,2,1,17500
33,42,766,4,147,18,2,0,41600
38,25,766,4,32,22,1,1,39500
136,27,766,4,35,92,1,0,31700
103,41,766,4,26,,1,1,20700
40,126,766,4,40,23,1,0,24800
125,26,766,4,29,83,2,1,24200
36,39,767,4,41,21,3,0,60000
129,64,839,2,,,1,0,
35,116,767,4,24,20,0,1,75400
27,34,770,4,31,13,0,2,39800
137,125,770,4,24,93,2,3,17800
136,39,770,4,25,92,0,1,31800
102,35,770,4,40,65,0,2,18100
103,33,770,4,41,,0,5,20800
26,31,770,4,33,12,2,1,36000
42,116,770,4,160,25,1,2,49300
41,126,771,4,32,24,3,0,34900
25,36,771,4,26,66,0,2,45600
38,40,847,4,35,22,0,0,34700
126,42,774,4,24,,0,3,23900
125,38,774,4,147,83,0,1,25200
34,41,774,4,25,19,2,0,44700
35,136,774,4,32,20,3,1,75300
39,102,774,4,26,,3,1,27500
31,137,774,4,36,16,2,0,44000
40,26,774,4,37,23,0,3,25100
33,25,774,4,31,18,1,1,41600
36,27,775,4,29,21,5,0,60000
116,103,775,4,35,78,0,1,30900
26,36,778,4,32,12,2,1,35700
27,33,778,4,40,13,1,2,36000
136,125,778,4,36,92,0,1,31700
25,126,778,4,41,66,1,1,45200
102,116,778,4,147,65,0,1,18100
103,31,778,4,24,,1,1,20400
38,34,778,4,29,22,0,0,39600
137,40,779,4,26,93,2,2,16900
42,39,779,4,33,25,1,1,47800
41,35,779,4,31,24,1,1,34500
36,136,848,4,34,21,2,1,60000
126,27,848,4,35,,2,0,21500
31,102,848,4,32,16,0,2,39100
34,26,848,4,24,19,3,2,44600
35,137,849,4,37,20,3,1,75400
116,41,849,4,159,78,0,0,31200
33,38,849,4,41,18,1,0,41600
39,25,849,4,36,,1,4,27000
125,42,849,4,25,83,1,1,25100
40,103,849,4,160,23,2,0,23500
27,39,786,4,147,13,1,2,31900
33,137,786,4,32,18,1,1,41600
125,36,786,4,31,83,1,2,24700
126,102,786,4,29,,2,1,24500
31,40,786,4,34,16,0,0,40900
103,35,786,4,40,,2,1,20800
25,42,786,4,33,66,5,0,45600
26,41,787,4,41,12,2,2,35800
38,136,787,4,24,22,2,2,38900
116,34,787,4,37,78,0,2,31700
41,125,790,4,26,24,1,3,34900
137,103,790,4,41,93,0,1,17400
35,31,790,4,147,20,2,0,75300
42,27,790,4,36,25,1,0,51600
39,126,790,4,33,,1,0,26500
40,116,790,4,24,23,1,0,25300
34,25,791,4,31,19,2,1,44600
36,38,791,4,25,21,2,0,59900
102,26,794,4,159,65,1,2,18000
136,33,823,4,31,92,1,3,32000
27,40,850,4,41,13,2,1,31300
126,31,850,4,26,,1,1,23000
116,125,850,4,32,78,1,0,28400
102,36,851,4,37,65,1,2,18000
41,33,851,4,25,24,0,1,34900
25,136,851,4,160,66,2,0,45000
42,35,851,4,29,25,0,1,49800
39,38,851,4,31,,2,0,26400
26,103,851,4,35,12,3,2,34000
34,137,851,4,36,19,2,0,44700
125,102,798,4,36,83,3,1,24900
36,41,798,4,29,21,3,0,60000
136,126,798,4,41,92,0,0,31500
31,27,798,4,40,16,0,4,45700
40,39,798,4,37,23,1,0,24300
137,25,798,4,25,93,1,0,21200
33,116,799,4,26,18,1,1,41600
38,42,799,4,32,22,3,0,38800
35,26,799,4,31,20,3,0,75100
103,34,800,4,147,,0,1,
25,40,802,4,40,66,3,0,45000
27,103,802,4,160,13,0,1,
42,36,802,4,34,25,1,2,50500
116,137,802,4,147,78,2,0,30900
39,125,802,4,25,,1,2,27500
26,136,802,4,26,12,4,3,36000
41,31,802,4,36,24,1,0,34900
34,35,803,4,32,19,1,2,44400
126,33,803,4,35,,2,3,24600
102,38,803,4,41,65,1,2,17700
36,34,805,4,29,21,4,1,60100
38,116,805,4,36,22,1,0,39400
136,41,805,4,31,92,2,1,31900
35,27,805,4,147,20,3,1,75400
103,126,805,4,25,,3,1,
40,102,805,4,30,23,1,4,25700
67,71,839,2,,,3,2,
33,39,805,4,41,18,2,1,41100
137,26,806,4,32,93,0,0,18800
31,42,806,4,26,16,1,0,47600
125,25,807,4,35,83,2,1,24700
103,38,811,4,35,,1,1,20500
116,126,811,4,37,78,2,0,30400
31,125,811,4,29,16,1,4,42100
26,27,811,4,30,12,0,1,35700
40,136,811,4,32,23,2,3,
41,39,811,4,147,24,1,1,34900
137,36,811,4,26,93,0,1,20600
102,33,812,4,25,65,0,1,17900
35,25,812,4,31,20,4,2,75300
34,42,813,4,36,19,2,0,44600
27,102,808,4,159,13,3,3,33700
125,40,815,4,41,83,0,2,24800
38,137,815,4,34,22,1,0,39500
136,103,815,4,30,92,2,0,31100
39,116,815,4,31,,2,1,26500
33,35,815,4,26,18,1,0,41400
25,41,816,4,29,66,2,0,45000
42,26,816,4,37,25,1,3,47400
126,34,822,4,30,,1,0,24800
36,31,852,4,29,21,0,0,60000
116,26,819,4,41,78,2,2,31600
137,136,819,4,29,93,0,1,19600
125,126,819,4,31,83,0,2,23900
42,103,819,4,40,25,2,3,46900
102,41,819,4,34,65,0,0,18000
39,31,819,4,32,,1,1,26700
40,34,819,4,147,23,0,0,26700
25,27,819,4,26,66,3,2,45000
38,35,820,4,25,22,3,0,39500
36,33,820,4,35,21,0,0,60100
136,42,826,4,26,92,3,0,31600
27,38,826,4,31,13,3,2,37900
34,102,826,4,32,19,2,1,44700
31,116,826,4,34,16,2,1,39600
103,39,826,4,159,,2,0,20700
41,137,826,4,41,24,1,0,34900
35,40,826,4,29,20,0,1,75500
33,125,827,4,37,18,1,0,41600
26,25,827,4,25,12,0,1,35800
126,36,828,4,36,,1,3,23600
38,31,830,4,30,22,0,2,38200
27,41,830,4,36,13,1,0,39300
126,137,830,4,32,,0,1,24900
136,116,830,4,147,92,2,0,31900
65,69,344,2,,,2,0,
42,40,830,4,33,25,1,1,47900
39,26,830,4,31,,3,0,27100
125,35,830,4,35,83,1,2,25000
25,102,831,4,26,66,6,0,44600
33,34,831,4,25,18,1,1,41500
36,103,832,4,37,21,0,1,60000
116,27,853,4,160,78,6,1,31600
137,39,853,4,35,93,0,0,
102,42,853,4,30,65,2,1,17600
31,136,853,4,32,16,0,0,46700
26,126,853,4,29,12,2,0,35900
41,38,853,4,37,24,1,2,
34,125,853,4,41,19,1,3,44700
103,25,833,4,31,,2,4,20700
35,36,833,4,26,20,1,1,75300
40,33,854,4,34,23,3,0,24800
36,40,855,4,31,21,4,1,60000
27,137,855,4,34,13,0,1,40800
33,31,855,4,36,18,3,1,41600
125,103,855,4,159,83,1,0,25100
38,26,855,4,41,22,0,1,39400
126,35,855,4,30,,0,0,24700
136,102,855,4,35,92,5,1,31500
25,116,855,4,33,66,2,0,45900
42,41,855,4,32,25,2,0,52100
39,34,855,4,29,,6,1,27600
45,57,856,5,54,,2,1,71137
48,51,710,5,48,,0,0,49959
58,49,710,5,50,36,1,0,46200
106,56,710,5,148,68,2,2,59762
50,55,710,5,44,30,2,1,49000
46,105,710,5,149,28,2,0,23792
53,61,710,5,47,31,0,2,80667
138,52,711,5,53,94,2,2,14824
47,62,711,5,58,29,1,1,50203
105,53,713,5,57,,2,3,30660
51,138,714,5,153,,0,3,54553
62,48,714,5,45,38,0,2,55000
56,46,714,5,62,34,1,1,38900
57,58,714,5,151,35,2,2,27528
61,106,714,5,149,39,4,2,27819
55,45,714,5,52,33,1,1,61973
52,50,715,5,184,,0,0,27647
49,47,715,5,44,,0,0,24000
61,56,716,5,58,39,3,3,30210
138,48,717,5,44,94,0,0,15000
106,52,717,5,152,68,1,3,42069
46,57,717,5,48,28,1,1,23813
53,49,717,5,153,31,3,1,80200
45,62,717,5,148,,2,0,71000
47,55,717,5,45,29,4,1,54010
58,105,718,5,49,36,0,1,43500
50,51,718,5,51,30,2,0,49000
49,106,720,5,50,,2,2,23600
138,50,721,5,57,94,2,0,15000
51,45,721,5,58,,0,0,57000
62,46,721,5,53,38,0,2,44000
105,56,721,5,52,,4,2,29044
55,58,721,5,51,33,2,2,61798
52,53,721,5,151,,2,0,34000
57,61,722,5,47,35,4,1,27811
48,47,722,5,54,,0,0,50000
58,52,724,5,45,36,2,2,44100
56,55,724,5,48,34,0,3,40139
46,49,724,5,148,28,3,3,24872
45,138,724,5,184,,4,0,71137
106,57,425,5,62,68,1,0,35847
50,48,425,5,149,30,1,0,39400
47,51,425,5,47,29,1,0,44175
61,105,425,5,152,39,1,0,23081
53,62,425,5,49,31,2,2,79500
52,46,727,5,54,,0,0,28729
138,47,728,5,52,94,1,2,15000
48,45,728,5,57,,0,2,50000
62,50,728,5,151,38,1,0,40500
49,61,728,5,45,,0,0,23500
55,53,728,5,44,33,2,1,61973
57,56,728,5,53,35,2,1,29117
105,106,729,5,153,,1,0,28532
51,58,729,5,50,,1,2,47643
106,62,730,5,47,68,3,2,46312
56,49,731,5,57,34,1,1,40029
46,55,731,5,50,28,2,1,30000
61,138,731,5,151,39,2,2,30210
53,51,731,5,54,31,0,1,80667
45,50,731,5,150,,4,0,71000
58,48,731,5,48,36,3,2,51500
57,105,732,5,51,35,1,0,25734
47,52,732,5,49,29,1,1,50383
48,53,456,5,52,,2,1,49959
62,61,456,5,54,38,3,3,40900
49,57,456,5,58,95,1,2,23500
50,47,456,5,148,30,0,3,49000
52,105,456,5,149,,2,1,27687
45,56,456,5,153,,6,0,71000
55,106,456,5,57,33,2,0,61973
51,46,700,5,53,,1,1,49003
138,58,700,5,47,94,3,1,15000
56,48,705,5,45,34,0,1,42100
58,62,735,5,58,36,4,5,49700
106,51,735,5,148,68,3,0,58768
46,138,735,5,62,28,1,0,25712
105,49,735,5,52,,2,0,28324
53,50,735,5,149,31,0,1,80667
61,55,735,5,49,39,1,0,30210
57,52,736,5,152,35,3,0,26238
47,45,736,5,54,29,0,0,54010
55,105,737,5,58,33,1,0,60000
51,61,738,5,50,,1,0,52990
62,57,738,5,153,38,0,4,50050
50,58,738,5,184,30,1,0,42200
52,56,738,5,48,,1,2,31017
45,53,738,5,49,,2,1,71137
47,46,739,5,47,29,3,1,52409
138,106,739,5,46,94,3,1,14630
48,49,739,5,44,,0,1,49500
106,50,741,5,53,68,0,2,39710
49,55,742,5,54,95,2,0,24000
58,45,742,5,50,36,0,4,51500
46,48,742,5,151,28,3,4,30150
105,138,742,5,150,,3,0,27755
61,52,742,5,51,39,0,0,29714
56,62,742,5,152,34,2,0,40284
57,51,743,5,57,35,2,0,30000
53,47,743,5,45,31,1,0,80667
138,53,745,5,48,94,2,2,15000
50,61,745,5,52,30,1,3,40800
52,49,745,5,150,,2,2,27000
47,58,745,5,153,29,1,3,54010
55,57,745,5,62,33,3,2,60989
45,46,745,5,44,,4,0,71000
48,106,745,5,149,,1,2,49200
51,56,709,5,54,,2,0,57000
62,105,709,5,148,38,0,1,48200
49,62,747,5,49,95,1,4,24000
56,138,748,5,57,34,4,0,41800
106,45,748,5,58,68,0,1,76196
105,51,748,5,46,,3,1,30321
61,48,748,5,148,39,5,1,30210
55,52,748,5,151,33,4,1,60000
46,50,748,5,45,28,4,3,22716
57,47,749,5,48,35,1,0,30000
58,53,749,5,44,36,2,0,51500
53,46,857,5,54,31,1,0,80667
138,49,751,5,53,94,1,1,14738
48,105,751,5,55,,1,2,48500
62,55,751,5,50,38,0,4,45000
50,57,751,5,51,30,1,3,41400
47,106,751,5,52,29,3,2,50190
45,61,751,5,57,,1,0,71000
51,52,752,5,184,,2,1,45968
58,56,752,5,58,36,5,2,46800
46,58,754,5,46,28,3,2,28000
49,51,755,5,48,95,0,0,24000
56,50,755,5,55,34,3,3,40932
106,53,755,5,151,68,1,0,75254
105,45,755,5,149,,0,4,30660
55,48,755,5,45,33,1,2,61516
52,62,755,5,153,,1,1,29279
61,47,756,5,44,39,1,1,30210
57,138,756,5,49,35,1,1,26044
48,52,858,5,50,,0,0,50000
51,62,858,5,45,,0,1,48223
50,105,858,5,58,30,2,0,38000
45,49,858,5,46,,2,0,71000
138,55,859,5,52,94,1,2,15000
58,106,859,5,152,36,4,4,40200
46,61,859,5,150,28,0,1,24731
47,56,859,5,62,29,4,1,44513
53,57,859,5,55,31,2,2,80667
52,45,758,5,54,,1,2,34000
62,138,759,5,149,38,0,0,55000
56,53,759,5,49,34,2,1,42100
105,47,759,5,153,,2,1,30660
61,58,759,5,48,39,1,1,30210
55,51,759,5,51,33,0,0,61973
57,48,759,5,44,35,2,1,26824
106,46,760,5,53,68,0,5,39604
49,50,760,5,151,95,2,2,23550
57,45,773,5,55,35,4,1,30000
51,48,774,5,48,,0,2,56053
62,47,774,5,58,38,0,1,46200
49,58,774,5,54,95,4,1,24000
52,138,774,5,62,,5,0,27100
55,50,774,5,184,33,1,0,61600
61,53,774,5,57,39,0,0,30210
56,106,775,5,45,34,2,0,40187
105,46,775,5,50,,3,1,27090
58,57,860,5,151,36,1,1,34400
50,52,860,5,148,30,1,1,30500
47,49,860,5,51,29,1,0,37091
45,55,860,5,153,,1,1,75000
138,51,761,5,44,94,0,3,15000
48,62,761,5,149,,0,0,48400
106,61,761,5,46,68,0,1,34636
46,56,761,5,152,28,1,2,23631
53,105,761,5,52,31,0,1,80667
55,47,777,5,48,33,1,0,61973
48,138,778,5,58,,0,0,49500
62,45,778,5,50,38,0,2,60000
49,53,778,5,45,95,0,3,24000
52,106,778,5,47,,0,2,26756
57,46,778,5,46,35,3,0,26356
51,50,778,5,49,,2,1,51779
56,61,779,5,53,34,2,1,39653
105,58,779,5,57,,2,2,27122
53,52,781,5,149,31,4,2,80200
56,105,782,5,58,34,3,2,39746
46,62,782,5,55,28,2,1,29309
47,48,782,5,47,29,1,0,54010
61,57,782,5,153,39,4,5,29227
45,51,782,5,60,,8,0,75000
58,55,782,5,52,36,1,0,50400
106,49,783,5,148,68,0,2,38000
50,138,783,5,46,30,1,2,38300
62,53,785,5,47,38,2,3,60000
138,45,786,5,153,94,0,6,15000
49,46,786,5,44,95,1,1,23800
105,61,786,5,55,,2,2,28154
52,58,786,5,45,,3,1,33237
55,56,786,5,49,33,1,1,61973
48,50,786,5,151,,1,1,47300
51,47,787,5,54,,1,1,52105
57,106,787,5,152,35,2,1,27683
45,48,789,5,150,,4,1,75000
106,105,790,5,149,68,1,0,36015
50,62,790,5,48,30,1,1,40200
46,52,790,5,53,28,2,0,24310
61,49,790,5,62,39,1,0,28624
53,55,790,5,54,31,3,0,79500
58,51,790,5,50,36,2,1,50500
47,138,791,5,60,29,2,0,53152
56,57,791,5,52,34,3,5,40126
62,106,793,5,45,38,0,0,45420
51,53,794,5,44,,0,0,57000
49,56,794,5,47,95,0,1,24000
50,45,794,5,55,30,1,3,49000
105,57,794,5,49,,1,0,28721
55,46,794,5,153,33,3,1,60607
52,47,794,5,52,,2,2,34000
48,58,795,5,57,,4,2,50000
138,61,795,5,150,94,0,3,14905
61,62,797,5,149,,4,0,29384
58,138,798,5,152,36,4,0,46000
56,45,798,5,148,34,0,4,42100
106,55,798,5,60,68,2,2,59156
46,51,798,5,151,28,3,0,30150
105,52,798,5,57,,0,2,28359
53,48,798,5,51,31,0,0,80667
57,49,799,5,184,35,3,0,26538
47,50,799,5,46,29,2,0,49134
51,106,801,5,58,,0,1,53640
138,46,802,5,51,94,0,0,14401
48,56,802,5,62,,1,1,49968
62,58,802,5,46,38,3,1,48500
49,105,802,5,54,95,2,0,23700
50,53,802,5,45,30,2,3,49000
55,61,802,5,44,33,0,1,61973
52,57,803,5,48,,1,1,32236
45,47,803,5,50,,0,2,75024
49,48,805,5,153,95,1,0,23800
58,50,805,5,47,36,2,2,49600
56,52,805,5,60,34,0,0,41000
46,47,805,5,148,28,1,4,30150
57,62,805,5,55,35,3,1,30000
61,51,805,5,49,39,4,0,30210
53,45,805,5,57,31,0,1,80667
105,55,806,5,50,,0,0,30660
106,138,806,5,53,68,2,0,44031
50,106,861,5,52,30,1,1,46000
138,105,811,5,149,94,2,1,14446
52,61,811,5,152,,2,3,31578
47,53,811,5,49,29,3,1,54010
55,49,811,5,46,33,0,0,61471
45,58,811,5,51,,3,0,75024
51,57,811,5,54,,0,2,57000
48,46,812,5,53,,3,2,45000
62,56,812,5,151,38,3,2,51330
58,47,814,5,52,36,0,0,51500
49,52,815,5,184,95,2,3,24000
106,48,815,5,57,68,0,0,51203
46,45,815,5,149,28,0,2,30150
61,50,815,5,150,39,4,0,29482
53,138,815,5,45,31,3,0,80667
105,62,815,5,148,,2,1,30660
56,51,816,5,48,34,1,0,42100
57,55,816,5,58,35,1,1,30000
52,55,818,5,62,,2,0,34000
48,61,819,5,47,,1,1,45600
51,105,819,5,55,,3,2,51321
62,49,819,5,48,38,2,2,58000
50,46,819,5,151,30,1,2,46200
53,58,819,5,60,31,2,0,80667
45,106,819,5,152,,1,0,75024
138,56,820,5,50,94,2,2,15000
47,57,820,5,153,29,1,0,52147
49,138,826,5,49,95,1,2,24000
56,58,826,5,62,34,1,0,42100
46,53,826,5,46,28,1,1,30150
105,48,826,5,52,,0,0,29158
57,50,826,5,45,35,2,2,29514
55,62,826,5,54,33,3,2,61973
61,45,826,5,58,39,2,0,30210
52,51,827,5,53,,1,2,34000
106,47,827,5,148,68,1,2,56881
51,49,829,5,57,,1,1,57000
58,46,830,5,150,36,3,1,50600
50,56,830,5,47,30,1,1,49000
47,61,830,5,44,29,3,0,53761
53,106,830,5,149,31,2,0,80667
45,105,830,5,184,,0,1,75000
62,52,830,5,60,38,2,0,54300
138,57,831,5,51,94,1,3,14659
48,55,831,5,48,,2,0,46500
62,51,853,5,49,38,2,1,60449
49,45,853,5,55,95,2,1,24000
56,47,853,5,58,34,0,2,42100
106,58,853,5,50,68,0,0,60168
105,50,853,5,54,,1,2,29899
52,48,853,5,151,,2,0,33702
57,53,853,5,52,35,2,1,30000
61,46,853,5,62,39,2,0,29072
55,138,853,5,153,33,1,0,61973
138,62,834,5,47,94,1,2,15000
48,57,834,5,44,,2,2,49200
51,55,834,5,55,,2,0,57000
58,61,834,5,152,36,2,1,51500
50,49,834,5,48,30,2,1,49000
46,106,834,5,57,28,2,1,30150
47,105,834,5,60,29,1,3,54010
53,56,834,5,49,31,3,2,80667
45,52,834,5,148,,2,0,75000
120,68,862,2,,,2,2,
121,66,839,2,,,3,3,
109,80,839,2,,,0,3,
130,76,839,2,,,0,2,
68,121,835,2,,,2,0,
64,130,835,2,,,0,1,
74,67,835,2,,,0,0,
139,129,835,2,,,1,1,
69,109,835,2,,,6,2,
71,65,835,2,,,2,1,
66,72,836,2,,,0,2,
76,120,836,2,,,3,1,
79,81,836,2,,,4,1,
109,68,856,2,,,0,0,
130,66,710,2,,,0,1,
121,71,710,2,,,1,0,
21,74,710,2,,,2,0,
72,139,710,2,,,2,0,
67,79,710,2,,,1,3,
120,80,710,2,,,0,2,
65,64,711,2,,,0,1,
76,69,711,2,,,0,0,
129,81,711,2,,,0,1,
66,67,713,2,,,4,0,
81,21,714,2,,,1,1,
80,69,714,2,,,0,1,
64,120,714,2,,,4,2,
74,130,714,2,,,4,0,
129,72,714,2,,,1,0,
71,109,714,2,,,1,0,
79,121,715,2,,,1,1,
139,65,715,2,,,2,1,
68,76,715,2,,,5,0,
65,81,716,2,,,2,1,
69,68,717,2,,,1,1,
121,64,717,2,,,1,1,
72,74,717,2,,,1,0,
67,139,717,2,,,1,0,
120,71,717,2,,,2,0,
76,80,717,2,,,1,0,
21,129,718,2,,,2,0,
130,79,718,2,,,2,1,
109,66,718,2,,,1,3,
79,109,720,2,,,2,1,
66,69,721,2,,,3,0,
74,120,721,2,,,0,1,
139,121,721,2,,,3,1,
129,67,721,2,,,2,1,
71,80,721,2,,,3,3,
21,72,722,2,,,0,0,
64,76,722,2,,,0,1,
81,130,722,2,,,1,0,
68,65,722,2,,,1,1,
120,66,724,2,,,0,5,
69,71,724,2,,,0,3,
121,129,425,2,,,0,0,
109,64,425,2,,,2,1,
130,139,425,2,,,0,1,
65,74,425,2,,,4,0,
72,81,425,2,,,0,1,
80,68,425,2,,,0,2,
76,79,726,2,,,1,1,
81,67,728,2,,,0,1,
71,68,728,2,,,1,1,
21,121,728,2,,,1,0,
74,109,728,2,,,0,2,
139,120,728,2,,,3,0,
72,130,728,2,,,2,1,
79,69,729,2,,,2,1,
64,80,729,2,,,0,0,
129,65,729,2,,,1,1,
66,76,729,2,,,2,1,
120,79,730,2,,,1,0,
80,66,731,2,,,1,2,
121,74,731,2,,,0,2,
109,139,731,2,,,3,0,
67,72,731,2,,,1,1,
69,64,731,2,,,2,0,
76,71,732,2,,,0,1,
130,129,732,2,,,0,1,
65,21,732,2,,,3,0,
68,81,732,2,,,1,1,
64,68,733,2,,,1,3,
74,76,456,2,,,0,1,
21,130,456,2,,,1,2,
139,69,456,2,,,0,0,
81,109,456,2,,,2,0,
129,120,456,2,,,1,1,
68,79,735,2,,,3,0,
121,81,735,2,,,1,3,
80,74,735,2,,,2,1,
109,129,735,2,,,0,2,
120,72,735,2,,,1,0,
69,21,736,2,,,2,0,
130,67,736,2,,,2,7,
76,139,736,2,,,1,0,
65,66,736,2,,,1,0,
81,120,737,2,,,1,1,
74,68,738,2,,,1,2,
130,121,738,2,,,1,0,
21,76,738,2,,,1,1,
139,80,738,2,,,3,2,
72,109,738,2,,,2,0,
67,65,738,2,,,1,3,
129,69,739,2,,,1,1,
79,71,739,2,,,2,1,
66,64,739,2,,,2,1,
69,74,741,2,,,1,0,
64,79,742,2,,,1,2,
121,72,742,2,,,2,0,
80,129,742,2,,,1,2,
109,67,742,2,,,1,0,
71,139,742,2,,,3,0,
65,130,743,2,,,3,1,
120,21,743,2,,,2,0,
76,81,743,2,,,1,1,
68,66,743,2,,,2,0,
139,68,744,2,,,2,3,
121,65,745,2,,,0,0,
130,69,745,2,,,0,1,
74,64,745,2,,,1,0,
81,80,745,2,,,2,2,
67,120,745,2,,,0,0,
129,76,709,2,,,0,0,
72,71,709,2,,,2,0,
66,79,709,2,,,3,1,
21,109,863,2,,,1,0,
66,129,747,2,,,2,0,
68,67,748,2,,,1,0,
80,72,748,2,,,1,1,
64,139,748,2,,,2,0,
120,121,748,2,,,2,1,
69,81,748,2,,,2,0,
71,74,748,2,,,2,3,
79,21,749,2,,,1,0,
109,130,749,2,,,2,0,
76,65,749,2,,,3,0,
74,66,841,2,,,1,1,
129,71,841,2,,,1,2,
81,64,841,2,,,2,0,
121,109,707,2,,,1,2,
130,80,707,2,,,5,1,
139,79,707,2,,,0,0,
72,76,707,2,,,0,2,
21,68,707,2,,,1,1,
65,120,864,2,,,2,1,
71,81,857,2,,,0,2,
68,129,751,2,,,2,1,
79,74,751,2,,,3,2,
80,67,751,2,,,2,3,
69,72,751,2,,,0,4,
76,121,751,2,,,1,0,
109,65,752,2,,,2,3,
64,21,752,2,,,1,1,
120,130,752,2,,,2,3,
66,139,752,2,,,3,1,
65,80,754,2,,,3,0,
129,79,755,2,,,2,1,
121,69,755,2,,,2,0,
74,139,755,2,,,3,1,
72,64,755,2,,,3,3,
120,109,755,2,,,3,2,
67,76,756,2,,,0,0,
130,68,756,2,,,1,0,
21,71,756,2,,,3,0,
81,66,756,2,,,1,0,
64,67,758,2,,,2,0,
68,72,759,2,,,0,0,
80,121,759,2,,,1,1,
74,129,759,2,,,1,2,
139,81,759,2,,,0,1,
69,120,759,2,,,1,3,
71,130,759,2,,,1,1,
66,21,760,2,,,2,1,
76,109,760,2,,,3,0,
79,65,760,2,,,0,5,
72,66,765,2,,,2,1,
121,68,766,2,,,4,2,
109,69,766,2,,,1,1,
130,64,766,2,,,2,0,
21,80,766,2,,,1,0,
67,74,766,2,,,3,1,
120,76,766,2,,,1,2,
65,71,767,2,,,3,0,
129,139,767,2,,,0,0,
81,79,767,2,,,0,0,
79,67,769,2,,,1,2,
64,65,770,2,,,0,2,
80,120,770,2,,,4,1,
74,21,770,2,,,1,0,
139,72,770,2,,,2,3,
81,129,770,2,,,1,0,
71,121,770,2,,,1,1,
68,109,771,2,,,4,2,
69,76,771,2,,,0,0,
66,130,771,2,,,2,1,
67,66,865,2,,,2,1,
21,81,708,2,,,0,1,
121,79,708,2,,,0,0,
130,74,708,2,,,3,2,
76,68,725,2,,,0,1,
68,69,773,2,,,1,0,
66,109,774,2,,,1,0,
64,121,774,2,,,1,1,
74,72,774,2,,,0,0,
139,67,774,2,,,0,0,
129,21,774,2,,,1,1,
71,120,774,2,,,1,0,
80,76,775,2,,,1,0,
79,130,775,2,,,1,1,
81,65,775,2,,,0,0,
76,64,777,2,,,3,3,
69,66,778,2,,,1,1,
121,139,778,2,,,2,0,
80,71,778,2,,,2,0,
109,79,778,2,,,0,1,
72,21,778,2,,,1,2,
120,74,778,2,,,1,3,
130,81,779,2,,,1,0,
67,129,779,2,,,0,0,
65,68,779,2,,,1,1,
66,120,781,2,,,2,2,
68,80,782,2,,,2,2,
64,109,782,2,,,0,2,
21,67,782,2,,,0,0,
129,121,782,2,,,0,2,
71,69,782,2,,,2,1,
79,76,783,2,,,1,0,
139,130,783,2,,,0,2,
74,65,783,2,,,1,1,
81,72,808,2,,,0,0,
67,81,785,2,,,0,1,
68,71,786,2,,,3,1,
121,21,786,2,,,2,1,
80,64,786,2,,,4,1,
69,79,786,2,,,1,1,
130,72,787,2,,,0,2,
65,129,787,2,,,1,0,
120,139,787,2,,,0,0,
76,66,787,2,,,2,2,
109,74,851,2,,,1,0,
66,80,789,2,,,2,3,
21,65,790,2,,,2,1,
79,120,790,2,,,1,1,
64,69,790,2,,,0,1,
74,121,790,2,,,2,0,
139,109,790,2,,,1,2,
71,76,790,2,,,1,1,
129,130,791,2,,,1,0,
72,67,791,2,,,2,1,
81,68,791,2,,,0,0,
71,66,793,2,,,1,6,
68,64,794,2,,,4,1,
121,67,794,2,,,2,1,
80,79,794,2,,,1,2,
109,81,794,2,,,1,3,
120,129,794,2,,,3,1,
69,139,794,2,,,1,0,
76,74,795,2,,,2,0,
130,21,795,2,,,0,1,
72,65,795,2,,44,1,5,
81,121,797,2,,,3,0,
67,130,797,2,,,1,2,
139,76,798,2,,,2,3,
64,71,798,2,,,1,0,
74,80,798,2,,,2,1,
72,120,798,2,,,3,1,
129,109,798,2,,,2,1,
21,69,799,2,,,3,0,
79,68,799,2,,,3,2,
66,65,799,2,,,0,0,
68,74,801,2,,,3,1,
65,67,802,2,,,1,2,
121,130,802,2,,,0,0,
80,139,802,2,,,0,0,
109,72,802,2,,,1,0,
69,129,802,2,,,0,0,
71,79,802,2,,,2,1,
76,21,803,2,,,2,0,
120,81,803,2,,,1,3,
64,66,803,2,,,0,4,
81,76,804,2,,,1,1,
130,65,805,2,,,1,3,
21,120,805,2,,,3,1,
74,69,805,2,,,0,3,
139,71,805,2,,,3,2,
72,121,805,2,,,3,1,
67,109,805,2,,,2,2,
79,64,806,2,,,2,1,
129,80,806,2,,,1,2,
66,68,806,2,,,2,3,
80,81,861,2,,,0,3,
76,129,812,2,,,1,0,
109,21,812,2,,,0,1,
64,74,812,2,,,0,0,
120,67,812,2,,,0,1,
69,130,812,2,,,1,0,
71,72,812,2,,,1,0,
79,66,812,2,,,1,0,
65,121,866,2,,,2,0,
68,139,822,2,,,3,1,
129,66,814,2,,,1,0,
67,68,815,2,,,1,3,
121,120,815,2,,,1,2,
130,109,815,2,,,1,1,
74,71,815,2,,,0,1,
139,64,815,2,,,3,1,
81,69,815,2,,,1,1,
21,79,816,2,,,2,0,
72,80,816,2,,,1,0,
65,76,816,2,,,2,2,
66,74,818,2,,,3,5,
68,21,819,2,,,6,1,
79,139,819,2,,,1,1,
80,130,819,2,,,0,2,
109,121,819,2,,,1,2,
69,67,819,2,,,2,1,
71,129,819,2,,,1,1,
76,72,820,2,,,1,0,
64,81,820,2,,,0,3,
120,65,820,2,,,2,4,
139,66,825,2,,,0,2,
65,109,826,2,,,2,0,
121,76,826,2,,,1,0,
130,120,826,2,,,2,0,
74,79,826,2,,,0,0,
72,69,826,2,,,0,0,
67,80,826,2,,,1,1,
21,64,827,2,,,3,1,
81,71,827,2,,,4,1,
129,68,827,2,,,0,2,
68,130,829,2,,,6,0,
80,65,830,2,,,3,0,
79,129,830,2,,,2,1,
109,120,830,2,,,2,3,
139,74,830,2,,,0,4,
69,121,830,2,,,0,1,
71,21,830,2,,,3,2,
64,72,831,2,,,0,1,
76,67,831,2,,,5,0,
66,81,831,2,,,2,1,
121,80,853,2,,,1,1,
109,76,853,2,,,1,2,
130,71,853,2,,,2,1,
21,66,853,2,,,0,4,
65,79,853,2,,,1,1,
81,139,853,2,,,2,0,
72,68,853,2,,,1,2,
129,74,853,2,,,1,1,
67,64,853,2,,,2,1,
120,69,853,2,,,1,0,
79,72,834,2,,,2,1,
80,109,834,2,,,3,2,
64,129,834,2,,,1,0,
74,81,834,2,,,0,1,
66,121,834,2,,,3,0,
139,21,834,2,,,1,4,
68,120,834,2,,,3,2,
69,65,834,2,,,0,1,
76,130,834,2,,,2,1,
71,67,834,2,,,2,3,
84,24,714,3,101,53,0,1,25000
22,89,714,3,115,,2,0,44500
85,97,715,3,23,,3,1,36700
111,131,715,3,113,73,0,0,14900
92,86,715,3,100,,1,0,14400
95,98,715,3,98,,1,2,21900
88,87,715,3,109,55,1,1,17100
133,91,715,3,105,89,1,1,11300
123,23,715,3,117,,0,0,25800
82,140,715,3,140,,2,0,7900
140,22,717,3,21,96,0,1,11100
24,82,717,3,102,,2,0,38200
87,123,718,3,114,,2,0,21200
91,111,718,3,128,58,1,2,5000
89,95,718,3,111,56,0,0,28000
23,133,718,3,127,,7,0,34500
97,92,718,3,139,,3,0,28000
98,84,718,3,123,62,0,1,35000
86,85,718,3,121,54,4,5,15000
131,88,719,3,96,53,2,1,18300
92,140,721,3,123,,2,2,14100
85,24,721,3,113,,0,1,78700
84,86,722,3,102,53,2,3,
95,97,722,3,115,,1,0,18000
22,91,722,3,100,,2,0,43000
133,87,722,3,140,89,0,0,12000
111,89,722,3,101,73,0,1,15000
82,98,722,3,23,,1,0,8800
88,23,722,3,105,55,1,1,18300
123,131,722,3,98,,0,1,13400
15,11,867,1,,,0,2,
140,85,724,3,127,96,2,2,12600
91,123,425,3,139,58,1,2,
89,133,425,3,127,56,0,0,
131,95,425,3,109,53,2,2,
23,111,425,3,21,,2,0,29500
24,92,425,3,123,,3,0,
87,84,425,3,165,,2,1,
98,88,425,3,117,62,3,3,
86,22,425,3,114,54,1,2,
97,82,726,3,96,,0,1,
22,131,728,3,101,,2,0,40400
111,24,728,3,111,73,0,3,22000
133,98,729,3,100,89,0,1,18500
92,85,729,3,115,,1,1,20400
84,140,729,3,121,53,1,1,13900
23,91,729,3,98,,1,4,29600
123,89,729,3,105,,1,1,21300
95,87,729,3,102,,0,1,29800
82,86,838,3,127,,4,2,
88,97,838,3,140,55,0,4,
131,91,731,3,123,53,1,0,17800
85,84,731,3,114,,2,0,34600
140,88,732,3,113,96,3,0,10000
97,133,732,3,109,,3,2,32000
86,95,732,3,117,54,1,2,11000
87,111,732,3,139,,1,0,20100
82,92,732,3,166,,1,1,9000
24,22,732,3,96,,3,2,39100
89,23,732,3,23,56,3,0,34300
98,123,732,3,121,62,2,1,23600
22,84,456,3,127,,3,0,41500
133,24,456,3,98,89,1,1,21600
89,97,700,3,100,56,0,2,31000
111,86,700,3,115,73,1,0,19000
91,87,700,3,21,58,2,2,5000
131,85,700,3,105,53,1,3,27100
88,92,700,3,102,55,2,1,14800
123,82,700,3,101,,1,0,20000
23,98,700,3,111,,2,2,40400
95,140,734,3,128,,1,1,17800
140,91,735,3,163,96,0,4,8100
86,133,735,3,23,54,1,3,11400
87,22,735,3,113,,0,0,23500
84,95,736,3,140,53,1,2,
24,88,736,3,127,,2,0,36200
82,111,736,3,109,,2,0,12000
92,23,736,3,114,,0,1,23000
97,123,736,3,123,,2,1,34000
98,131,736,3,21,62,6,2,25000
85,89,736,3,98,,1,1,38400
133,140,868,3,111,89,3,1,10500
111,98,869,3,102,73,1,1,10000
91,85,869,3,117,58,1,1,16000
89,82,869,3,185,56,3,0,27000
95,24,869,3,114,,1,0,30500
23,87,869,3,101,,1,0,35000
88,84,869,3,100,55,1,0,22600
22,92,869,3,109,,2,0,34000
123,86,869,3,96,,1,0,12600
131,97,870,3,139,53,1,1,17800
98,22,738,3,23,62,2,0,
140,24,738,3,105,96,0,2,16000
86,23,738,3,113,54,2,0,13500
84,133,739,3,115,53,0,0,10000
87,89,739,3,123,,3,1,20800
123,111,739,3,128,,0,0,20000
82,95,739,3,139,,2,4,13500
85,88,739,3,21,,0,2,
92,131,740,3,127,,1,1,
97,91,740,3,140,,4,2,
133,111,742,3,186,89,0,0,10800
87,85,742,3,111,,2,2,23900
91,95,743,3,100,58,1,1,8000
84,92,743,3,23,53,2,1,9000
87,98,750,3,96,,1,1,21000
140,97,743,3,114,96,2,1,10000
24,86,743,3,101,,7,0,39100
88,82,743,3,117,55,1,1,15700
89,98,743,3,105,56,0,1,32000
23,131,743,3,96,,2,2,27300
22,123,743,3,98,,3,0,35800
111,22,745,3,185,73,1,2,17300
97,24,745,3,102,,0,3,55000
123,133,709,3,113,,0,1,13500
92,87,709,3,21,,1,1,15000
131,89,709,3,140,53,1,2,21600
98,91,709,3,109,62,3,3,45000
86,140,709,3,123,54,0,2,10900
82,84,709,3,128,,1,1,10000
85,23,709,3,115,,1,1,
95,88,746,3,165,,1,1,18600
133,131,748,3,117,89,2,1,10000
84,97,748,3,98,53,0,0,6000
92,95,749,3,101,,0,3,18000
140,111,749,3,100,96,0,0,10000
85,82,749,3,105,,2,0,36200
88,86,749,3,139,55,2,1,14400
91,89,749,3,127,58,0,4,13000
24,123,749,3,111,,2,1,41000
22,23,749,3,114,,4,2,36000
89,24,857,3,113,56,0,0,38200
22,133,751,3,139,,2,2,38800
123,88,751,3,123,,2,2,14000
98,140,752,3,128,62,2,2,30000
111,92,752,3,140,73,3,2,7000
95,85,752,3,23,,1,0,
86,97,752,3,115,54,1,2,11100
23,82,752,3,21,,1,2,34900
91,84,753,3,166,58,0,2,16000
131,87,753,3,109,53,1,3,18400
88,133,755,3,173,55,2,1,21100
97,111,755,3,96,,3,0,21200
24,87,756,3,117,,1,1,40500
95,22,756,3,98,,0,1,20100
86,91,756,3,105,54,0,0,10700
82,131,756,3,100,,1,2,10000
92,89,756,3,111,,1,4,16300
85,98,756,3,102,,2,0,35900
140,123,757,3,127,96,0,0,8500
84,23,757,3,185,53,0,2,12300
91,24,871,3,114,58,1,3,16100
98,86,871,3,140,62,2,0,20800
133,92,759,3,128,89,1,1,10100
22,85,759,3,113,,0,0,46600
87,23,803,3,105,,1,0,
131,84,760,3,21,53,0,1,22900
111,88,760,3,111,73,3,3,
89,140,760,3,101,56,1,1,34200
87,82,760,3,139,,2,2,25000
123,95,760,3,109,,2,1,22000
23,97,760,3,23,,2,2,36300
97,87,764,3,127,,3,0,27000
82,22,872,3,115,,0,1,12000
84,123,872,3,187,53,0,0,8000
140,131,872,3,123,96,0,0,11600
95,111,872,3,139,,2,2,22000
85,133,872,3,140,,1,2,35000
88,91,872,3,100,55,5,0,22500
86,89,872,3,102,54,1,0,14800
92,98,872,3,185,,1,4,19900
24,23,872,3,98,,1,1,42000
133,82,766,3,185,89,1,1,18000
123,85,766,3,96,,1,1,14400
23,95,767,3,101,,3,1,37500
111,84,767,3,105,73,1,1,15000
91,92,767,3,113,58,2,1,9600
89,88,767,3,114,56,4,3,28500
131,86,767,3,188,53,3,1,22900
22,97,767,3,111,,2,2,55000
92,22,803,3,102,,0,1,
87,140,767,3,109,,1,0,23000
98,24,767,3,23,62,1,3,50000
140,23,770,3,117,96,0,0,
88,22,770,3,102,55,1,1,
97,98,771,3,113,,0,1,27500
92,123,771,3,115,,2,3,14900
84,89,771,3,128,53,1,2,17800
95,133,771,3,123,,3,3,18000
85,111,771,3,101,,0,1,47300
86,87,771,3,21,54,0,2,17500
82,91,771,3,140,,2,2,8000
24,131,771,3,139,,4,0,30000
91,133,708,3,96,58,2,1,
97,85,708,3,114,,3,1,
131,111,725,3,117,53,1,0,20600
86,92,725,3,23,54,1,2,9500
24,84,725,3,185,,2,0,36000
87,88,725,3,128,,1,1,11500
23,123,725,3,139,,0,1,34200
89,22,725,3,98,56,1,1,28900
140,82,772,3,169,96,1,2,
98,95,772,3,127,62,2,1,25000
95,89,774,3,113,,1,1,18800
22,140,774,3,101,,1,1,33600
133,23,775,3,105,89,3,1,18400
111,91,775,3,111,73,2,1,12400
88,131,775,3,109,55,2,1,14100
82,24,775,3,21,,0,0,11200
92,97,775,3,100,,2,1,14800
84,98,775,3,98,53,1,2,7500
123,87,775,3,123,,5,1,4200
85,86,775,3,117,,3,1,24400
131,123,778,3,165,53,1,3,17000
24,85,778,3,102,,3,1,40100
89,111,779,3,109,56,3,2,27000
140,92,779,3,111,96,2,0,10600
91,22,779,3,23,58,1,2,10000
87,133,779,3,139,,1,1,20000
98,82,779,3,114,62,3,1,30000
23,88,779,3,115,,3,0,30100
97,95,780,3,21,,0,1,29000
86,84,849,3,96,54,0,1,10300
133,89,782,3,117,89,1,3,12800
88,98,782,3,114,55,3,1,12800
85,140,783,3,105,,1,1,27200
123,91,783,3,127,,1,1,13000
95,131,783,3,102,,5,2,17000
111,23,783,3,98,73,1,4,20000
82,97,783,3,185,,0,1,10000
6,10,873,1,,,1,1,
22,86,783,3,123,,0,0,40000
84,87,783,3,100,53,2,1,10000
92,24,783,3,101,,2,2,
24,111,785,3,139,,2,1,
85,92,787,3,109,,2,0,28000
140,84,787,3,23,96,3,0,5000
97,88,787,3,140,,2,1,25000
131,22,787,3,21,53,1,1,18000
89,123,787,3,115,56,1,1,
98,133,788,3,185,62,2,0,33000
91,23,788,3,114,58,1,2,14000
87,95,874,3,96,,1,1,30600
86,82,809,3,128,54,1,0,
84,85,790,3,127,53,0,0,
91,131,791,3,105,58,1,2,13000
88,140,791,3,128,55,0,0,22400
133,97,791,3,101,89,0,3,10000
111,87,791,3,102,73,1,2,19000
92,82,791,3,117,,1,0,18000
23,89,791,3,185,,0,1,39300
123,98,791,3,139,,1,0,15100
22,24,792,3,111,,1,1,55700
95,86,866,3,188,,2,0,
87,91,794,3,109,,2,0,21100
85,131,794,3,123,,2,2,
92,88,795,3,98,,0,0,15100
86,111,795,3,140,54,0,0,8500
140,95,795,3,189,96,1,1,16000
84,22,795,3,114,53,0,0,10000
82,123,795,3,113,,3,2,12000
98,23,795,3,96,62,2,2,
97,89,796,3,23,,4,0,30000
24,133,796,3,100,,1,0,37600
88,24,798,3,115,55,0,1,29800
91,140,798,3,113,58,1,1,
95,84,799,3,117,,0,2,16500
133,86,799,3,128,89,4,1,13000
111,82,799,3,96,73,0,0,14000
131,98,799,3,98,53,2,0,
23,92,799,3,21,,1,1,24600
123,97,800,3,111,,0,2,16000
89,85,800,3,101,56,2,1,31400
22,87,800,3,127,,0,2,33300
84,88,802,3,123,53,1,0,14000
85,91,802,3,23,,3,1,30700
140,133,803,3,109,96,3,1,8000
24,95,803,3,140,,1,0,39900
98,111,803,3,127,62,1,1,
82,89,803,3,139,,2,2,
97,131,803,3,185,,2,0,
86,123,803,3,166,54,0,2,
22,98,805,3,113,,1,0,34400
131,92,805,3,111,53,3,3,17600
133,84,805,3,163,89,1,0,10000
91,97,805,3,96,58,1,3,8000
88,85,805,3,117,55,1,2,15100
23,86,805,3,100,,1,1,33200
111,123,805,3,115,73,1,2,12500
95,82,805,3,114,,1,1,18100
89,87,805,3,98,56,2,0,31000
24,140,805,3,123,,2,0,40000
95,91,811,3,101,,2,0,
86,24,811,3,21,54,1,0,
131,23,811,3,23,53,0,3,20600
92,84,812,3,105,,0,1,10000
97,140,812,3,100,,4,0,50000
98,89,812,3,102,62,3,0,20000
82,88,812,3,109,,1,3,6500
123,22,812,3,139,,1,1,20000
111,133,812,3,117,73,2,1,18000
85,87,812,3,96,,1,1,
87,92,815,3,123,,0,0,
24,97,815,3,113,,2,0,
133,123,816,3,127,,1,1,14000
22,111,816,3,21,,1,1,35100
88,95,816,3,128,55,2,1,15500
140,86,816,3,186,96,2,2,7500
84,82,816,3,185,53,1,1,9000
91,98,816,3,105,58,0,3,10000
23,85,816,3,98,,0,0,74000
89,131,817,3,114,56,0,1,27100
82,85,819,3,102,,2,1,
23,22,819,3,111,,2,1,37700
111,140,820,3,128,73,2,2,13700
95,92,820,3,100,,3,1,19700
97,84,820,3,109,,1,1,48000
123,24,820,3,23,,2,1,27500
86,88,820,3,140,54,1,0,10900
131,133,820,3,170,53,3,2,17000
89,91,820,3,115,56,1,3,30000
98,87,820,3,117,62,4,2,18000
82,23,822,3,96,,1,2,10900
92,111,823,3,113,,2,2,16000
84,91,823,3,140,53,1,0,10000
24,89,823,3,98,,3,2,39600
85,95,823,3,123,,1,3,25000
87,131,823,3,139,,1,1,18000
97,86,823,3,127,,4,0,45000
133,22,823,3,114,89,0,3,10000
88,123,823,3,21,55,2,2,15200
140,98,824,3,185,96,4,2,10100
87,24,826,3,105,,0,1,
133,88,826,3,100,89,0,0,8000
22,95,827,3,102,,2,0,37100
89,92,827,3,117,56,3,1,28700
23,84,827,3,115,,0,0,38000
111,97,827,3,111,73,1,1,15500
131,82,827,3,128,53,0,1,17400
98,85,827,3,114,62,3,0,22000
91,86,828,3,139,58,4,0,10000
123,140,875,3,109,,0,1,
24,91,830,3,190,,1,1,38900
85,22,830,3,23,,2,1,35000
84,131,831,3,113,53,2,2,20000
88,111,831,3,127,55,2,3,13800
82,87,831,3,140,,1,4,8900
92,133,831,3,98,,2,3,13700
140,89,831,3,21,96,2,3,9900
86,98,831,3,123,54,2,2,13200
97,23,831,3,185,,1,2,37400
95,123,832,3,111,,5,1,20000
23,24,853,3,117,,1,2,60400
87,97,853,3,114,,0,1,21800
133,85,833,3,115,89,3,2,13700
123,84,833,3,96,,2,0,19500
131,140,833,3,110,53,2,1,10000
111,95,833,3,21,73,1,4,18000
91,88,833,3,128,58,0,1,5500
22,82,833,3,98,,2,1,63400
89,86,854,3,109,56,3,0,27200
98,92,854,3,139,62,3,2,37600
24,98,834,3,98,,3,1,40500
95,23,834,3,23,,3,2,20800
140,87,855,3,127,96,1,1,7500
84,111,855,3,191,53,1,1,9500
92,91,855,3,192,,0,1,10000
88,89,855,3,123,55,2,3,27400
86,131,855,3,168,54,2,2,12100
82,133,855,3,193,,0,1,20100
85,123,855,3,105,,3,0,33800
97,22,876,3,113,,1,2,
131,24,877,3,140,53,2,2,35000
111,85,877,3,119,73,1,3,18400
91,82,878,3,174,58,4,3,5100
123,92,878,3,194,,5,0,21000
89,84,878,3,105,56,3,0,33000
23,140,878,3,102,,4,3,32000
133,95,878,3,128,89,3,1,20000
98,97,878,3,96,62,2,4,50000
22,88,878,3,126,,1,2,44800
87,86,878,3,185,,2,2,20900
2,19,879,1,7,2,0,0,23600
6,5,880,1,14,5,0,0,23600
4,15,880,1,145,,1,0,14600
10,141,880,1,158,7,1,0,39700
100,12,880,1,12,,0,0,9400
14,11,881,1,131,10,0,1,44800
16,13,881,1,13,,0,0,27700
3,113,881,1,195,3,1,2,10300
99,18,881,1,175,63,1,1,38000
101,134,882,1,17,64,1,3,14800
18,4,883,1,19,,3,1,16700
5,16,884,1,196,4,0,0,22500
11,2,884,1,177,97,1,0,80800
113,100,884,1,157,,3,0,16300
13,99,884,1,144,9,5,0,66000
134,14,885,1,8,,2,0,5500
12,6,885,1,180,8,1,1,40700
19,10,885,1,,11,0,3,39000
15,101,885,1,158,91,1,2,4500
141,3,885,1,132,98,0,0,18800
3,19,886,1,17,3,1,1,16200
13,141,867,1,,,3,1,
4,13,887,1,175,,0,6,32200
16,12,887,1,131,,0,1,23200
10,11,887,1,14,,1,2,53500
99,5,887,1,7,63,1,0,38800
101,18,888,1,145,64,1,3,14000
14,15,888,1,132,10,3,1,39000
113,141,888,1,13,,3,3,19000
2,134,888,1,12,2,0,0,19800
100,6,889,1,195,,1,3,11800
15,2,890,1,196,91,1,0,5800
13,101,891,1,157,9,1,0,71800
12,99,891,1,19,8,0,0,40600
134,10,891,1,144,,0,2,5100
5,4,891,1,132,4,2,3,17500
19,113,892,1,177,11,1,2,35700
6,16,892,1,158,5,2,3,25800
18,14,892,1,,,3,1,19800
11,3,892,1,8,97,4,1,76000
141,100,892,1,180,98,0,1,19300
4,12,893,1,17,,1,0,18200
10,15,893,1,7,7,2,0,41200
101,5,893,1,13,64,0,3,12700
100,16,894,1,175,,2,1,11100
12,3,867,1,,,3,0,
3,134,894,1,19,3,2,2,12000
113,11,894,1,12,,4,1,23300
14,13,894,1,14,10,1,2,43400
2,18,894,1,195,2,0,1,18600
141,19,894,1,131,98,2,0,19700
99,6,895,1,145,63,1,2,37100
12,101,896,1,,8,1,0,41100
11,141,897,1,195,97,2,1,74900
13,2,897,1,180,9,0,0,75400
18,10,897,1,8,,1,0,20100
19,100,897,1,144,11,3,2,33700
134,113,897,1,132,,1,1,4900
16,99,898,1,157,,1,2,23300
6,4,898,1,196,5,3,0,21800
15,3,898,1,177,91,3,0,5900
5,14,898,1,19,4,0,0,26300
113,15,899,1,158,,0,0,18200
19,11,900,1,145,11,2,1,39400
101,6,900,1,175,64,1,1,14200
4,16,900,1,,,1,2,16900
141,134,900,1,14,98,0,2,18600
2,5,900,1,131,2,3,1,17200
100,99,901,1,17,,0,2,11800
18,19,867,1,,,2,1,
14,12,901,1,13,10,3,1,41400
3,18,901,1,7,3,1,0,20000
10,13,901,1,12,7,1,1,53100
13,3,902,1,196,9,3,0,63500
134,19,902,1,157,,1,1,5500
11,100,902,1,132,97,5,2,73800
12,2,902,1,144,8,3,0,35800
99,4,902,1,195,63,1,3,30200
18,113,903,1,180,,1,2,17400
5,10,903,1,17,4,0,2,25500
15,141,903,1,8,91,4,0,5800
6,14,903,1,177,5,2,2,25200
16,101,904,1,7,,3,3,19700
100,4,905,1,158,,3,0,10400
113,13,906,1,,,1,3,24500
101,99,906,1,14,64,1,1,18300
19,15,906,1,175,11,5,0,34700
2,6,906,1,19,2,2,0,20700
3,5,907,1,12,3,0,4,14200
141,18,907,1,13,98,0,0,18300
11,134,907,1,131,97,3,1,76600
10,12,907,1,145,7,2,1,47100
14,16,908,1,17,10,3,0,41000
5,113,867,1,,,2,3,
134,100,909,1,,,1,0,
4,101,909,1,,,1,1,
16,2,909,1,,,1,0,
99,14,909,1,,,1,3,
141,5,910,1,,,2,0,
113,12,911,1,,,1,5,
3,6,911,1,,,1,1,
100,101,911,1,,,2,1,
134,15,911,1,,,3,1,
2,99,911,1,,,0,1,
14,4,912,1,,,2,1,
11,18,912,1,,,3,0,
10,16,912,1,,,1,0,
19,13,912,1,,,3,2,
5,19,913,1,,,2,0,
13,11,913,1,,,0,4,
4,2,913,1,,,2,0,
12,141,913,1,,,1,1,
6,113,913,1,,,2,0,
16,3,914,1,,,0,3,
18,134,914,1,,,1,1,
101,14,914,1,,,2,0,
99,10,914,1,,,0,1,
15,100,915,1,,,1,1,
3,99,916,1,,,0,1,
11,5,917,1,,,4,0,
10,4,917,1,,,1,0,
2,101,917,1,,,2,2,
141,6,917,1,,,0,2,
113,16,917,1,,,2,1,
15,18,918,1,,,2,0,
134,13,918,1,,,0,2,
100,14,918,1,,,0,3,
19,12,918,1,,,1,0,
13,15,919,1,,,4,1,
101,10,919,1,,,0,2,
12,11,919,1,,,1,1,
6,19,919,1,,,1,1,
99,113,919,1,,,1,1,
5,134,920,1,,,2,1,
18,100,920,1,,,2,1,
16,141,920,1,,,3,1,
14,2,920,1,,,0,0,
4,3,921,1,,,1,1,
15,5,922,1,,,1,1,
11,6,923,1,,,2,2,
3,101,923,1,,,1,2,
113,4,923,1,,,1,0,
19,16,923,1,,,2,0,
141,99,923,1,,,1,0,
100,2,924,1,,,1,2,
134,12,924,1,,,1,1,
10,14,924,1,,,2,1,
18,13,924,1,,,1,0,
12,15,925,1,,,2,2,
4,141,925,1,,,1,0,
99,19,925,1,,,0,0,
6,134,925,1,,,2,0,
13,100,926,1,,,10,2,
16,11,926,1,,,1,3,
14,3,926,1,,,2,0,
101,113,926,1,,,0,2,
5,18,926,1,,,0,2,
2,10,926,1,,,1,0,
3,2,927,1,,,0,1,
13,5,927,1,,,3,1,
100,10,927,1,,,0,2,
19,4,927,1,,,2,0,
134,16,927,1,,,2,0,
113,14,927,1,,,0,1,
11,99,927,1,,,4,0,
15,6,927,1,,,0,0,
141,101,927,1,,,4,1,
18,12,928,1,,,1,0,
4,11,929,1,,,0,0,
10,3,929,1,,,1,0,
2,113,929,1,,,2,0,
100,5,930,1,,,2,2,
101,19,930,1,,,2,1,
99,134,930,1,,,0,4,
14,141,930,1,,,2,2,
6,18,930,1,,,1,2,
12,13,930,1,,,2,2,
16,15,931,1,,,1,2,
11,101,932,1,,,4,0,
19,14,932,1,,,2,0,
15,99,932,1,,,1,0,
13,6,932,1,,,5,0,
3,100,932,1,,,2,1,
18,16,933,1,,,2,0,
5,12,933,1,,,2,0,
141,2,933,1,,,1,1,
134,4,933,1,,,2,1,
113,10,933,1,,,0,2,
19,2,934,1,,,2,1,
113,3,934,1,,,4,3,
18,99,934,1,,,0,0,
5,6,934,1,,,1,1,
12,100,935,1,,,2,2,
13,16,935,1,,,5,1,
141,10,935,1,,,0,3,
15,4,935,1,,,3,1,
11,14,935,1,,,6,0,
134,101,936,1,,,5,1,
16,5,937,1,,,5,1,
2,11,938,1,,,1,2,
4,18,938,1,,,2,2,
101,15,938,1,,,3,2,
100,113,938,1,,,3,0,
14,134,939,1,,,5,2,
10,19,939,1,,,0,0,
6,12,939,1,,,1,1,
99,13,939,1,,,1,1,
3,141,940,1,,,3,2,
11,10,941,1,,,2,1,
15,14,941,1,,,0,1,
134,2,941,1,,,1,2,
18,101,941,1,,,1,0,
5,99,941,1,,,2,1,
19,3,942,1,,,3,1,
12,16,942,1,,,0,1,
141,113,942,1,,,2,1,
13,4,942,1,,,6,0,
6,100,943,1,,,2,2,
2,15,944,1,,,3,0,
10,134,945,1,,,3,1,
100,141,945,1,,,2,0,
14,18,945,1,,,0,0,
16,6,945,1,,,1,1,
3,11,946,1,,,0,2,
99,12,946,1,,,1,0,
113,19,946,1,,,1,1,
101,13,946,1,,,1,2,
4,5,947,1,,,0,5,
16,100,948,1,,,2,2,
13,14,949,1,,,4,2,
18,2,949,1,,,1,0,
12,4,949,1,,,2,1,
6,99,949,1,,,2,2,
5,101,950,1,,,3,0,
19,141,950,1,,,2,0,
15,10,950,1,,,0,1,
134,3,950,1,,,2,0,
11,113,950,1,,,6,1,
3,15,951,1,,,3,0,
141,11,952,1,,,1,2,
4,6,952,1,,,1,0,
99,16,952,1,,,1,1,
113,134,952,1,,,3,2,
100,19,953,1,,,2,2,
2,13,953,1,,,1,1,
101,12,953,1,,,1,2,
14,5,953,1,,,0,1,
10,18,953,1,,,0,0,
134,141,954,1,197,,0,1,5112
13,10,955,1,197,9,0,1,79436
16,4,955,1,197,,2,4,22555
15,113,955,1,197,91,0,1,5652
99,100,955,1,197,63,2,2,35666
5,2,955,1,197,4,1,1,12783
18,3,956,1,197,,3,0,16619
12,14,956,1,197,8,0,3,36576
6,101,956,1,197,5,0,1,23616
11,19,956,1,197,,2,1,79684
10,5,957,1,197,7,3,0,35623
141,15,957,1,197,98,4,0,15819
14,6,958,1,,10,4,1,37292
2,12,958,1,,2,1,2,20556
113,18,958,1,,,0,0,15372
19,134,958,1,,11,1,0,29627
3,13,958,1,,3,1,3,19725
101,16,959,1,197,64,2,0,15761
4,99,959,1,197,,0,3,23714
100,11,959,1,197,,1,5,14430
13,113,960,1,197,9,7,1,68467
18,141,960,1,197,,0,1,15790
15,19,960,1,197,91,1,1,6754
6,2,960,1,197,5,3,3,18446
99,101,961,1,197,63,2,0,43174
134,11,961,1,197,,0,4,6100
5,3,961,1,,,1,1,
16,14,961,1,,,0,2,
12,10,961,1,,,1,3,
4,100,962,1,197,,2,1,22638
2,16,963,1,197,2,1,0,19297
11,15,964,1,197,97,6,0,87533
113,5,964,1,197,,1,0,17767
10,6,964,1,197,7,3,0,44122
100,134,964,1,197,,1,1,13462
3,12,965,1,197,3,1,0,18191
19,18,965,1,197,11,4,2,35069
14,99,965,1,197,10,3,1,42437
141,13,965,1,197,98,1,2,25846
101,4,966,1,197,64,1,1,16231
15,134,967,1,197,91,1,1,6557
16,10,968,1,197,,2,1,24860
101,100,968,1,197,64,2,2,18848
5,141,968,1,197,4,0,1,18952
6,3,968,1,197,5,2,1,24920
99,2,968,1,197,63,0,1,31371
4,14,969,1,197,,2,1,20253
18,11,969,1,197,,2,2,24398
12,113,969,1,197,8,0,2,32864
13,19,969,1,197,9,4,0,72976
100,15,970,1,197,,2,0,12715
10,99,971,1,197,7,5,1,50121
141,12,971,1,197,98,2,1,27041
11,13,971,1,197,97,1,2,99264
113,6,971,1,197,,1,1,21253
14,101,972,1,197,10,1,1,40497
2,4,972,1,197,2,1,1,24234
134,18,972,1,197,,1,2,5176
19,5,972,1,197,11,1,2,32127
3,16,973,1,197,3,0,0,11302
101,2,974,1,197,64,0,0,18979
13,134,975,1,197,9,4,0,70689
4,10,975,1,197,,1,3,26338
5,11,975,1,197,4,1,0,27895
99,3,975,1,197,63,1,0,37091
16,113,976,1,197,,0,1,24163
12,19,976,1,197,8,2,1,41569
18,15,976,1,197,,2,0,16550
14,100,976,1,197,10,1,0,37597
6,141,977,1,197,5,1,3,21686
3,4,978,1,197,3,2,1,16192
15,13,979,1,197,91,1,5,11401
141,16,979,1,197,98,1,1,25052
134,5,979,1,197,,2,1,5801
113,99,979,1,197,,1,1,14934
2,14,980,1,197,2,0,1,25052
19,6,980,1,197,11,1,1,30390
10,101,980,1,197,7,3,0,51136
100,18,980,1,197,,2,1,12628
11,12,980,1,197,97,1,2,88667
4,113,981,1,197,,1,1,14227
99,141,981,1,197,63,1,0,30634
6,11,982,1,197,5,0,8,28956
2,100,982,1,197,2,1,1,13759
14,10,982,1,197,10,0,1,44474
16,19,982,1,197,,2,1,22985
12,134,982,1,197,8,4,0,34309
13,18,982,1,197,9,3,0,62678
5,15,983,1,197,,1,2,14334
101,3,983,1,197,64,5,1,21131
141,4,984,1,197,98,4,0,19358
100,13,985,1,197,,2,3,13314
10,2,985,1,197,7,1,0,47621
11,16,985,1,197,97,6,0,77299
134,6,985,1,197,,1,1,4606
3,14,986,1,197,3,2,2,15263
19,99,986,1,197,11,2,0,39523
15,12,986,1,197,91,2,2,11637
18,5,986,1,197,,0,0,17215
113,101,987,1,197,,2,1,18224
16,134,988,1,197,,2,0,26035
5,13,989,1,197,4,0,1,26426
10,100,989,1,197,7,1,0,49263
99,11,989,1,197,63,0,2,44015
101,141,989,1,197,64,3,2,21291
14,113,990,1,197,10,2,1,42362
4,19,990,1,197,,1,0,27654
6,15,990,1,197,5,0,2,25007
12,18,990,1,197,8,0,2,38283
2,3,991,1,197,2,3,1,17562
3,10,992,1,197,3,2,1,12054
113,2,992,1,197,,1,0,21721
141,14,992,1,197,98,0,0,27410
19,101,992,1,197,11,1,4,21915
11,4,992,1,197,97,5,0,91610
134,99,992,1,197,,1,1,5166
15,16,992,1,197,91,1,1,13028
18,6,992,1,197,,0,2,13247
13,12,992,1,197,9,3,2,72987
5,100,992,1,197,4,2,1,18873
12,5,993,1,197,8,0,1,27777
101,11,994,1,197,64,0,3,21692
6,13,994,1,197,,0,2,29017
10,113,994,1,197,7,2,0,42139
14,19,994,1,197,10,3,1,43876
2,141,995,1,197,2,4,1,17913
4,134,995,1,197,,4,2,13501
100,3,995,1,197,,3,1,12547
99,15,995,1,197,63,2,1,40537
16,18,995,1,197,,2,0,27834
35,26,996,4,41,20,1,0,75300
142,27,996,4,31,99,0,1,11200
38,143,996,4,34,22,2,2,39100
136,31,996,4,36,92,4,2,32200
104,125,996,4,198,67,1,3,27000
33,103,996,4,35,18,2,2,41200
36,41,997,4,32,21,0,2,60000
42,116,997,4,159,25,2,2,49000
39,34,997,4,29,,0,1,27700
40,25,998,4,26,23,0,3,24600
27,35,999,4,26,13,0,1,42200
116,38,1000,4,35,78,0,3,31000
31,104,1000,4,37,16,1,3,41400
103,42,1000,4,34,,2,0,20700
26,39,1000,4,160,12,2,2,36000
143,40,1000,4,181,100,0,0,20000
41,136,1000,4,29,24,1,2,34900
125,36,1001,4,36,83,1,2,24700
25,33,1001,4,32,66,3,0,54300
34,142,1002,4,159,19,1,0,44100
35,42,880,4,159,20,0,0,75400
125,27,880,4,182,83,2,1,25300
136,26,880,4,32,92,1,1,32000
104,39,880,4,26,67,1,1,26800
31,103,880,4,40,16,1,1,39200
41,142,880,4,41,24,3,4,35000
40,33,881,4,31,23,2,3,23300
38,25,881,4,29,22,0,2,38500
143,116,881,4,25,100,0,0,20200
36,34,882,4,35,21,0,0,60100
42,36,884,4,25,25,0,1,50400
27,31,884,4,160,13,2,2,35400
142,136,884,4,40,99,1,1,11200
33,125,884,4,159,18,1,2,41600
34,41,884,4,37,19,0,3,43700
25,143,884,4,31,66,2,0,53200
39,40,884,4,35,,0,1,26700
26,38,884,4,34,12,0,0,35900
116,104,885,4,41,78,3,0,29600
103,35,885,4,32,,2,1,20800
38,33,887,4,25,22,3,1,38300
36,39,887,4,41,21,2,0,60000
125,25,887,4,34,83,0,1,25200
104,142,887,4,32,67,3,1,27000
143,103,887,4,160,100,1,0,20100
40,116,887,4,28,23,0,0,24300
35,34,887,4,35,,3,1,75300
31,26,888,4,159,16,0,1,40300
136,27,888,4,26,92,3,2,31700
41,42,889,4,29,24,2,0,34900
33,36,891,4,26,18,2,0,41600
27,40,891,4,32,13,0,1,36300
142,31,891,4,37,99,2,0,11300
42,143,891,4,147,25,1,2,47800
39,136,891,4,25,,2,2,27600
103,38,891,4,28,,0,0,20800
25,41,891,4,160,66,1,2,53500
26,125,892,4,35,12,1,0,35700
34,104,892,4,29,19,1,1,44100
116,35,892,4,31,78,2,3,31600
26,25,897,4,31,,4,1,35900
136,36,897,4,159,92,2,5,32000
34,27,897,4,41,19,3,2,44200
35,31,897,4,34,20,3,0,75300
116,103,897,4,147,78,3,1,30700
39,142,897,4,36,,2,1,27700
41,104,897,4,26,24,2,2,34900
42,33,897,4,32,25,2,2,48700
143,125,898,4,29,100,0,1,20200
40,38,1003,4,160,23,2,3,24200
125,40,900,4,41,83,2,0,24000
27,39,900,4,34,13,0,1,33200
142,143,900,4,35,99,1,1,11200
25,42,900,4,37,66,6,1,53900
104,136,900,4,31,67,1,2,27100
31,41,900,4,40,16,2,2,42900
33,116,900,4,160,18,1,3,41600
38,34,901,4,32,22,1,1,39600
36,35,901,4,29,21,3,0,60100
103,26,901,4,26,,2,2,20800
26,34,902,4,159,12,0,0,35900
33,27,902,4,147,18,2,0,41600
125,41,902,4,31,83,1,3,24800
38,35,902,4,41,22,0,3,39600
25,142,902,4,26,66,5,1,54500
116,136,902,4,181,78,2,2,31000
40,31,902,4,32,23,1,0,24200
143,36,902,4,34,100,0,3,20700
42,104,903,4,29,25,6,2,47000
103,39,904,4,160,,0,1,20000
27,103,906,4,40,13,1,2,33300
136,125,906,4,26,92,1,0,31800
104,40,906,4,37,67,0,1,27000
39,143,906,4,32,,0,2,27600
41,33,906,4,41,24,2,1,35000
36,38,906,4,36,21,2,1,60000
31,42,907,4,160,16,3,0,47700
142,26,907,4,147,99,1,5,11300
35,25,907,4,31,20,0,0,75300
34,116,907,4,25,19,1,1,44200
33,34,867,4,,,1,3,
125,35,867,4,,,0,0,
25,104,867,4,,,2,1,
42,39,867,4,,,0,0,
103,36,867,4,,,0,3,
143,41,867,4,,,2,0,
40,136,867,4,,,2,3,
38,31,909,4,,,6,2,
116,142,909,4,,,2,0,
26,27,1004,4,,,3,1,
142,42,911,4,,,0,1,
136,143,911,4,,,2,1,
35,40,911,4,,,2,0,
104,103,911,4,,,1,0,
31,116,911,4,,,0,1,
41,38,911,4,,,1,1,
39,33,911,4,,,1,0,
27,25,912,4,,,0,0,
36,26,912,4,,,1,1,
34,125,912,4,,,1,2,
143,35,913,4,,,1,2,
33,104,913,4,,,1,0,
38,27,913,4,,,4,0,
42,136,913,4,,,0,3,
116,39,913,4,,,0,1,
103,142,913,4,,,2,2,
40,36,913,4,,,2,1,
25,34,913,4,,,1,4,
26,41,914,4,,,4,1,
125,31,915,4,,,0,1,
27,143,917,4,,,2,3,
142,38,917,4,,,3,3,
125,42,917,4,,,5,1,
25,116,917,4,,,3,1,
31,39,917,4,,,2,0,
136,35,917,4,,,1,1,
26,33,918,4,,,0,0,
41,40,918,4,,,1,1,
104,36,918,4,,,1,1,
34,103,918,4,,,1,0,
39,25,919,4,,,2,0,
36,31,919,4,,,3,1,
35,41,919,4,,,0,0,
116,27,919,4,,,1,1,
103,136,919,4,,,0,3,
143,104,919,4,,,2,0,
40,26,919,4,,,1,1,
33,142,919,4,,,0,1,
42,34,920,4,,,2,0,
38,125,921,4,,,1,1,
104,38,923,4,,,1,1,
125,116,923,4,,,1,0,
25,103,923,4,,,2,1,
31,143,923,4,,,0,1,
41,39,923,4,,,0,0,
142,35,923,4,,,2,1,
27,36,924,4,,,0,2,
26,42,924,4,,,1,2,
34,40,924,4,,,2,2,
136,33,1005,4,,,2,1,
33,31,925,4,,,3,1,
38,136,925,4,,,2,3,
35,104,925,4,,,1,2,
116,26,925,4,,,0,2,
39,125,925,4,,,1,2,
40,142,925,4,,,1,2,
42,27,925,4,,,1,1,
143,34,926,4,,,3,0,
103,41,926,4,,,0,0,
36,25,1006,4,,,2,1,
39,35,1007,4,,,2,0,
27,41,1007,4,,,1,1,
142,125,1007,4,,,0,0,
33,143,1007,4,,,2,2,
25,31,1007,4,,,4,1,
103,40,1007,4,,,1,0,
26,104,1007,4,,,3,0,
34,136,1007,4,,,1,0,
42,38,1007,4,,,0,1,
116,36,1007,4,,,4,0,
125,103,1008,4,,,0,0,
38,39,1008,4,,,3,4,
104,27,1008,4,,,2,0,
40,42,1008,4,,,1,0,
143,26,1008,4,29,,1,2,20700
36,142,1008,4,,,2,0,
35,33,1008,4,,,0,0,
41,116,1008,4,,,2,1,
136,25,1009,4,,,0,0,
31,34,927,4,,,0,1,
41,34,929,4,,,2,0,
36,42,929,4,,,1,0,
136,142,929,4,,,0,0,
35,103,929,4,,,2,1,
104,116,929,4,,,1,0,
31,27,929,4,,,3,1,
40,39,929,4,,,2,1,
143,25,929,4,,,1,2,
125,33,930,4,,,0,3,
38,26,930,4,,,1,1,
27,125,1010,4,,,1,0,
142,41,1010,4,,,1,3,
42,35,1010,4,,,3,3,
103,31,1011,4,,,2,4,
33,40,1011,4,,,2,2,
25,38,1011,4,,,0,0,
116,143,1011,4,,,2,0,
39,104,1011,4,,,3,1,
26,136,1011,4,,,0,1,
34,36,1011,4,,,3,3,
26,31,934,4,,,4,1,
142,104,934,4,,,3,0,
33,38,934,4,,,3,3,
25,125,934,4,,,4,0,
42,41,934,4,,,2,1,
116,40,934,4,,,3,0,
27,136,934,4,,,1,1,
34,35,935,4,,,0,1,
39,36,935,4,,,0,0,
103,143,936,4,,,1,0,
104,34,938,4,,,4,5,
125,26,938,4,,,1,3,
136,39,938,4,,,3,0,
35,116,938,4,,,0,1,
31,142,938,4,,,1,1,
143,42,938,4,,,2,1,
40,27,938,4,,,0,0,
41,25,938,4,159,,2,2,35000
38,103,939,4,,,1,2,
36,33,939,4,,,0,1,
36,116,1012,4,,,0,0,
104,26,1012,4,,,0,3,
31,25,1012,4,,,0,1,
41,27,1012,4,,,2,0,
136,34,1012,4,,,2,0,
125,142,1012,4,,,1,2,
35,39,1012,4,,,3,0,
40,103,1012,4,,,1,1,
143,33,1013,4,,,0,0,
38,42,1013,4,,,3,0,
25,136,945,4,,,1,3,
27,104,945,4,,,2,0,
42,40,945,4,,,1,0,
39,38,945,4,,,0,3,
103,125,945,4,,,1,1,
26,143,945,4,,,1,0,
34,31,945,4,,,2,2,
116,41,945,4,,,1,0,
142,36,946,4,,,0,2,
33,35,946,4,,,1,1,
31,35,949,4,,,2,1,
142,39,949,4,,,1,3,
125,143,949,4,,,1,2,
38,40,949,4,,,0,1,
104,41,949,4,,,2,2,
103,116,949,4,,,0,1,
33,42,949,4,,,5,1,
36,136,950,4,,,2,1,
27,34,950,4,,,0,6,
25,26,950,4,,,1,2,
41,31,955,4,197,24,1,0,34946
136,104,955,4,197,92,1,0,32114
42,25,955,4,,,1,1,
116,33,955,4,197,78,1,2,31688
39,27,955,4,197,,2,1,27703
143,142,955,4,197,100,0,0,20831
34,38,955,4,,,4,0,
40,125,955,4,41,,3,2,24800
35,36,956,4,197,20,3,2,75329
26,103,956,4,197,12,2,1,35922
27,38,957,4,197,13,1,3,29755
142,116,957,4,197,99,2,0,11033
136,40,957,4,197,92,2,2,32018
104,33,957,4,197,67,1,2,27091
31,125,957,4,197,16,2,2,39795
36,103,958,4,,21,1,2,59905
41,26,958,4,,24,1,0,34977
39,42,958,4,,,1,0,27331
35,143,958,4,,20,1,0,75272
34,25,958,4,197,19,3,0,43597
26,36,960,4,197,12,2,2,35762
33,39,960,4,197,18,1,1,41381
38,41,960,4,197,22,2,3,39000
25,27,960,4,197,66,4,0,53892
42,142,960,4,197,,1,3,52107
116,31,960,4,197,78,1,1,31458
103,104,960,4,197,,1,0,20929
143,136,960,4,197,100,0,1,20884
125,34,961,4,197,83,1,2,24709
40,35,961,4,,,1,0,
104,25,964,4,197,67,0,0,26323
142,103,964,4,197,99,3,2,11179
35,125,964,4,,,2,0,
39,116,964,4,197,,1,2,27833
31,38,964,4,,,3,0,
41,143,964,4,,,3,1,
36,40,964,4,,,2,0,
27,26,965,4,197,13,0,2,32393
34,33,965,4,,,1,1,
136,42,966,4,197,92,1,0,31824
38,36,968,4,197,22,0,2,39270
33,41,968,4,197,18,2,2,41623
125,136,968,4,197,83,0,1,25041
143,39,968,4,197,100,1,2,20759
40,104,968,4,197,23,0,1,25039
103,27,968,4,197,,1,0,20454
42,31,969,4,197,,1,1,52311
116,34,969,4,197,78,3,2,31596
25,35,969,4,197,66,0,1,54557
26,142,969,4,197,12,3,0,36084
27,33,971,4,197,13,0,4,31120
36,143,971,4,197,21,4,0,59981
142,25,971,4,197,99,0,4,11192
104,42,971,4,197,67,3,2,27137
39,103,971,4,197,,2,2,27649
31,40,971,4,197,16,0,0,45144
41,125,971,4,197,24,2,2,34857
34,26,971,4,197,19,1,1,44062
136,116,972,4,197,92,1,0,32071
35,38,972,4,197,20,1,0,75341
41,36,975,4,197,24,3,3,34977
27,142,975,4,197,13,1,2,31057
125,104,975,4,197,83,1,0,24900
116,42,975,4,197,78,3,1,31542
103,33,975,4,197,,1,0,20966
143,38,975,4,197,100,1,1,20663
25,40,975,4,197,66,2,1,53920
31,136,976,4,197,16,0,2,46531
34,39,976,4,197,19,4,1,43688
26,35,976,4,197,12,3,0,35761
104,31,979,4,197,67,0,3,27117
38,116,979,4,197,22,1,1,36761
35,27,979,4,197,20,1,0,75411
42,103,979,4,197,,3,0,48949
40,143,979,4,197,23,0,1,25515
33,25,979,4,197,18,0,3,41212
136,41,980,4,197,92,2,2,32104
142,34,980,4,197,99,1,2,11386
36,125,980,4,197,21,1,1,59961
39,26,1014,4,197,,0,4,27442
25,39,985,4,197,66,4,0,53000
27,116,985,4,197,13,2,4,29729
142,33,985,4,197,99,1,4,11365
125,38,985,4,,,0,0,
34,42,985,4,197,19,2,2,43837
41,35,985,4,,,3,2,
31,36,986,4,197,16,0,0,45420
136,103,986,4,197,92,4,0,31962
26,40,987,4,197,12,1,1,35923
104,143,1015,4,197,67,4,2,26279
38,142,989,4,197,22,2,1,38345
42,125,989,4,197,,1,0,52107
39,31,989,4,197,,1,1,27667
143,27,989,4,197,100,3,2,20653
40,41,989,4,197,23,0,3,25031
36,104,989,4,197,21,1,0,59989
103,34,990,4,197,,3,1,20972
35,136,990,4,197,20,1,1,73257
116,25,990,4,197,78,4,2,31472
33,26,991,4,197,18,2,2,41545
104,35,1016,4,197,67,0,1,27132
27,42,1016,4,197,13,0,0,33055
142,40,1016,4,197,99,1,1,11040
125,39,1016,4,197,83,2,1,23990
31,33,1016,4,197,16,3,2,47050
41,103,1016,4,197,24,1,4,34907
136,38,1016,4,197,92,3,1,32140
26,116,992,4,197,12,1,2,35748
34,143,992,4,197,19,2,0,43341
25,36,992,4,197,66,2,2,54425
36,27,995,4,197,21,4,0,60007
33,136,995,4,197,18,1,1,41494
38,104,995,4,197,22,3,0,36691
35,142,995,4,197,,3,1,74363
42,26,995,4,197,,5,1,52183
116,125,995,4,197,78,4,1,31313
39,41,995,4,197,,2,1,27721
103,25,995,4,197,,1,1,20934
143,31,995,4,197,100,2,2,21012
40,34,995,4,197,23,1,1,26196
45,51,999,5,153,,5,0,75000
61,46,1000,5,62,,2,1,27100
105,106,1000,5,55,,0,1,28100
56,55,1000,5,150,,0,3,42100
52,145,1000,5,,,0,1,
144,50,1000,5,45,,2,2,17000
53,47,1000,5,,,4,0,
57,58,1001,5,58,,2,1,29100
62,48,1001,5,48,,1,3,59500
106,56,879,5,184,,1,1,56400
55,144,880,5,199,,1,1,61600
58,105,880,5,50,,1,1,46000
48,57,880,5,57,,1,1,46000
50,61,880,5,48,,0,1,61600
46,45,880,5,,,1,2,
51,62,880,5,,,3,2,
145,53,881,5,58,,0,4,15000
47,52,881,5,47,,1,2,50200
57,55,883,5,45,,3,0,30000
62,58,884,5,153,,1,4,49300
105,145,884,5,46,,0,1,29000
48,51,884,5,47,,2,1,50000
52,50,884,5,53,,3,0,26872
144,46,884,5,52,101,0,0,17000
45,61,884,5,50,,3,0,75000
53,106,885,5,152,,3,1,80500
56,47,885,5,54,34,2,1,42100
47,51,886,5,55,29,0,3,54010
45,105,887,5,57,,2,1,75000
61,144,887,5,53,39,0,1,29936
50,53,887,5,150,30,2,4,49000
106,62,887,5,149,68,2,1,45994
145,57,887,5,184,102,0,0,14095
58,48,887,5,52,36,6,2,51500
46,56,888,5,46,28,1,3,28312
55,52,888,5,62,33,2,1,60083
52,46,890,5,150,,3,1,28903
57,106,891,5,151,35,2,0,29000
51,58,891,5,48,103,0,0,55322
56,145,891,5,153,34,0,1,40500
48,47,891,5,45,,1,0,47800
144,45,891,5,54,101,0,3,17000
62,55,892,5,49,38,0,1,48510
53,61,892,5,47,31,3,0,81359
105,50,892,5,58,104,2,0,28511
45,57,893,5,149,,5,1,75000
106,48,893,5,50,68,2,0,40181
145,51,893,5,57,102,0,1,15000
144,56,893,5,152,101,2,1,17000
55,58,894,5,54,33,2,0,60104
61,52,894,5,52,39,1,0,24805
47,105,894,5,150,29,4,2,40511
50,62,894,5,184,30,1,3,36800
46,53,894,5,55,28,1,1,29000
48,145,896,5,58,,1,1,47800
57,50,897,5,47,35,1,1,29236
62,47,897,5,151,38,1,3,51020
105,46,897,5,49,104,1,3,27112
56,61,897,5,48,,0,3,40000
52,45,897,5,153,,0,3,34000
51,55,897,5,46,103,0,1,53192
58,106,898,5,199,36,1,1,46000
53,144,898,5,62,31,2,2,81359
144,52,899,5,50,101,2,3,17000
47,57,900,5,54,29,2,0,52581
50,56,900,5,53,30,1,0,49000
106,51,900,5,45,68,3,0,65427
46,62,900,5,47,28,2,2,30150
145,58,900,5,49,102,2,0,15000
55,48,901,5,57,33,0,3,61723
45,53,901,5,52,,5,1,75000
61,105,901,5,149,39,1,1,28475
52,53,1017,5,149,,0,2,34000
55,106,902,5,52,33,2,1,61336
57,46,902,5,45,35,4,2,28148
50,106,910,5,58,,1,3,40200
51,61,902,5,55,103,0,0,54957
105,144,902,5,184,104,0,2,30009
56,45,902,5,58,34,0,1,42100
58,47,902,5,50,36,1,5,51000
48,50,903,5,153,,0,1,48700
62,145,903,5,152,38,1,0,45700
46,51,905,5,150,28,0,1,30000
45,48,906,5,50,,4,0,75000
61,62,906,5,45,39,4,3,30210
50,58,906,5,54,30,1,2,43000
52,56,906,5,62,,1,3,30837
144,57,906,5,151,101,0,1,15800
145,106,906,5,184,102,0,1,15000
53,105,907,5,49,31,5,1,81359
47,55,907,5,48,29,3,1,54010
58,45,873,5,,,0,0,
55,145,867,5,,,1,1,
105,52,867,5,,,3,3,
56,53,867,5,,,1,3,
48,46,867,5,,,0,0,
106,47,867,5,,,1,4,
57,61,867,5,49,35,2,1,28766
62,144,909,5,,,2,0,
51,50,909,5,184,103,1,2,54607
45,62,911,5,153,,4,0,75000
61,48,911,5,54,39,1,2,30210
47,145,911,5,52,29,0,0,52331
46,58,911,5,,,0,0,
52,57,911,5,150,,2,0,26331
144,51,911,5,48,101,1,1,17000
53,55,912,5,45,31,3,2,79956
105,56,912,5,149,,1,2,28122
51,53,1018,5,54,103,3,1,57000
47,50,913,5,45,29,2,1,52214
57,56,913,5,53,35,6,0,30000
58,61,913,5,47,36,1,3,47500
48,52,913,5,48,,0,0,46700
62,105,913,5,184,38,0,4,54925
55,45,913,5,149,33,1,3,62271
106,46,914,5,152,68,1,0,37045
145,144,914,5,57,102,3,1,14551
144,48,916,5,47,101,0,0,17000
45,106,917,5,46,,2,0,75000
56,51,917,5,57,34,1,3,42100
50,145,917,5,149,,4,0,36000
46,47,917,5,60,28,3,3,30150
52,58,917,5,153,,2,1,33098
53,62,918,5,49,31,4,1,81359
61,55,918,5,52,39,1,1,30210
105,57,918,5,58,,0,0,27081
55,50,1019,5,48,33,3,1,61229
47,45,919,5,54,29,3,1,54010
51,52,919,5,199,103,1,3,51698
48,105,919,5,150,,0,1,45500
106,61,919,5,62,68,2,1,41819
145,46,919,5,49,102,1,1,14255
57,53,919,5,149,35,1,2,30000
62,56,920,5,50,38,1,1,46590
58,144,920,5,45,36,0,1,51500
52,62,922,5,54,,0,0,29104
45,145,923,5,60,,2,0,75000
57,51,923,5,48,35,1,1,30000
56,48,923,5,152,34,1,1,40727
46,50,923,5,46,28,1,0,25531
144,106,923,5,151,101,0,4,17000
61,47,923,5,149,39,5,0,30210
105,55,924,5,50,,2,1,28410
53,58,924,5,58,31,4,1,81359
55,46,1020,5,184,33,1,0,60749
51,105,925,5,153,103,0,1,49726
58,56,925,5,48,36,2,1,46000
48,53,925,5,57,,2,1,50000
50,45,925,5,49,,0,1,49000
145,61,925,5,54,102,0,1,15000
62,57,925,5,45,38,3,1,47343
106,52,926,5,53,68,2,0,39835
47,144,926,5,199,29,3,2,53610
51,45,937,5,54,103,1,2,57000
48,62,938,5,49,,1,3,50000
50,144,938,5,47,,1,2,38000
106,105,938,5,149,68,0,0,35196
46,61,938,5,52,28,1,1,24140
145,52,938,5,50,102,1,0,13500
47,53,938,5,45,29,1,3,54010
58,57,939,5,57,36,3,2,36000
55,56,939,5,58,33,1,3,62271
52,47,1021,5,199,,1,0,32015
53,145,941,5,152,31,2,0,81359
61,50,941,5,55,,3,0,28000
105,58,941,5,184,,0,0,28653
56,106,941,5,153,34,3,3,40141
144,55,941,5,150,101,0,2,17000
62,51,941,5,151,38,2,1,46600
57,48,942,5,48,35,1,1,29156
45,46,942,5,46,,2,0,75000
47,56,944,5,184,29,5,1,51569
55,57,945,5,55,33,3,0,61483
58,62,945,5,53,36,2,4,42000
50,52,945,5,62,,0,1,35596
106,53,945,5,52,68,0,0,74244
145,105,945,5,60,102,2,1,15356
61,45,945,5,57,39,0,0,30210
51,48,946,5,45,103,1,1,51999
46,144,946,5,58,28,0,2,26231
52,55,948,5,49,,2,1,32107
53,50,949,5,151,31,1,0,81359
57,145,949,5,200,35,2,0,26884
62,106,949,5,58,38,2,0,45465
56,46,949,5,199,34,1,1,38454
144,61,949,5,46,101,1,2,16800
48,58,949,5,54,,3,1,49200
51,47,950,5,47,103,3,2,56706
105,45,950,5,50,,1,3,30660
58,51,951,5,48,36,0,0,47200
45,144,952,5,60,,3,1,75024
47,48,952,5,57,29,1,0,52226
106,57,952,5,184,68,1,1,40126
46,52,952,5,151,28,3,2,24019
145,56,952,5,55,102,2,0,15000
61,53,953,5,54,39,0,1,30210
55,62,953,5,153,33,1,1,61262
50,105,953,5,150,,0,1,32400
48,106,954,5,197,,0,1,48900
57,45,955,5,49,35,0,2,30000
51,145,955,5,52,103,1,1,50675
62,50,955,5,184,38,1,2,54356
56,144,955,5,62,34,2,2,40396
105,47,956,5,57,,2,2,29665
53,46,956,5,53,31,3,1,81359
52,61,956,5,47,,3,1,26557
58,55,956,5,45,36,0,0,43500
50,57,957,5,153,30,0,4,34500
145,48,957,5,50,102,1,1,14503
45,52,958,5,184,,1,2,75024
55,51,958,5,151,33,3,2,60856
47,62,958,5,55,29,4,0,43627
106,58,958,5,57,68,2,0,36608
46,105,958,5,152,28,2,1,21092
144,53,958,5,,101,0,2,17000
61,56,958,5,52,39,1,4,25506
57,47,960,5,150,35,2,1,29224
62,46,960,5,58,38,5,1,47677
105,61,960,5,51,,3,3,27610
56,50,960,5,54,34,4,1,42100
58,145,960,5,184,36,1,1,40000
48,55,960,5,48,,1,3,49300
53,45,960,5,149,31,0,0,81359
52,144,961,5,199,,0,0,34000
51,106,961,5,45,103,2,0,46136
106,55,963,5,55,68,2,0,51424
47,58,964,5,60,29,3,0,54010
50,48,964,5,53,30,0,2,40600
46,57,964,5,197,28,1,0,25231
145,62,964,5,49,102,3,3,15107
144,105,964,5,153,101,2,2,16000
45,56,964,5,152,,5,0,75000
61,51,965,5,58,39,1,0,30210
53,52,965,5,47,31,2,0,81359
55,47,967,5,52,33,2,1,62271
57,144,968,5,51,35,1,1,26422
51,46,968,5,57,103,1,3,48263
56,52,968,5,49,34,1,1,38416
48,45,968,5,55,,0,1,49600
106,145,968,5,200,68,2,1,40385
58,50,968,5,48,36,1,0,43300
62,61,969,5,150,38,0,2,54522
105,53,969,5,58,,1,3,30660
61,57,970,5,45,39,3,0,29239
45,58,971,5,50,,1,0,75000
50,51,971,5,62,30,0,3,49000
52,105,971,5,200,,4,2,31780
145,55,971,5,150,102,3,0,15200
144,62,971,5,54,101,2,2,17000
53,56,971,5,55,31,3,2,81359
47,106,972,5,184,29,5,0,53114
46,48,972,5,47,28,1,1,30150
106,50,974,5,199,68,2,2,45229
51,144,975,5,53,103,1,2,57000
62,45,975,5,153,38,1,3,60000
56,105,975,5,150,34,1,2,41000
58,46,975,5,45,36,0,2,51000
145,47,975,5,55,102,1,0,15200
57,52,975,5,151,35,1,1,27844
55,53,976,5,54,33,2,2,61670
48,61,976,5,49,,0,2,49968
50,47,978,5,197,,2,0,46196
61,58,979,5,47,39,3,0,30210
105,62,979,5,197,,1,0,30660
56,57,979,5,197,,3,2,40557
46,106,979,5,197,,2,1,27745
144,145,979,5,197,,2,0,15600
45,55,979,5,55,,3,0,75000
53,51,980,5,197,,3,0,81359
52,48,980,5,197,,2,3,33275
51,56,984,5,197,,2,1,57000
57,105,985,5,57,35,0,2,27261
62,53,985,5,197,,0,3,60000
48,144,985,5,197,,4,1,50000
106,45,985,5,197,,0,2,76233
145,50,985,5,197,,2,2,14831
55,61,985,5,197,,2,3,62271
47,46,986,5,197,,3,1,53144
58,52,986,5,197,,2,1,50300
105,48,988,5,197,,0,0,30144
45,47,989,5,197,,1,1,75000
53,57,989,5,197,,5,1,81359
50,55,989,5,197,,1,3,46900
46,145,989,5,197,,2,1,26561
52,51,989,5,197,,0,0,34000
144,58,989,5,49,101,1,2,14800
61,106,989,5,149,39,2,1,30210
56,62,991,5,45,34,6,2,41000
55,105,1016,5,58,33,1,1,62271
47,61,1016,5,153,29,2,1,54010
51,57,1016,5,199,103,0,1,57000
62,52,1016,5,47,38,1,3,57000
76,79,1000,2,,,1,1,
58,53,1016,5,150,36,1,0,51500
48,56,1016,5,54,,0,0,50000
50,46,1016,5,48,30,1,0,38096
106,144,1016,5,45,68,1,2,60280
145,45,1016,5,50,102,1,2,15617
45,50,994,5,57,,3,1,75000
53,48,994,5,60,31,2,2,81359
61,145,994,5,152,39,3,2,29220
57,62,994,5,49,35,3,1,30000
105,51,994,5,50,,1,3,30660
56,58,994,5,47,34,1,0,42100
46,55,994,5,45,28,1,4,30150
52,106,994,5,184,,0,0,33800
144,47,994,5,53,101,0,2,17000
21,68,1022,2,,,0,1,
119,147,996,2,,,0,0,
129,130,996,2,,,1,0,
67,81,996,2,,,1,2,
66,80,996,2,,,0,1,
121,69,996,2,,,2,1,
72,146,996,2,201,,0,2,
79,120,997,2,,,1,2,
71,76,997,2,,,2,1,
65,74,997,2,,,0,0,
81,21,999,2,,,0,0,
146,129,1000,2,,,0,0,
130,65,1000,2,,,0,1,
119,67,1000,2,,,3,3,
80,71,1000,2,,,1,0,
69,72,1000,2,,,1,0,
120,66,1001,2,,,1,0,
74,121,1001,2,201,,1,1,
68,147,1001,2,,,2,0,
72,68,879,2,,,0,1,
65,69,880,2,,,1,2,
129,120,880,2,,,1,0,
147,146,880,2,,,0,2,
67,80,880,2,,,2,1,
121,130,880,2,,,3,0,
71,81,880,2,,,1,1,
21,79,881,2,,,0,0,
74,76,881,2,,,0,1,
66,119,881,2,,,6,0,
130,66,883,2,,,2,0,
80,65,884,2,,,0,4,
146,67,884,2,,,1,1,
119,72,884,2,,,0,0,
21,147,884,2,,,1,0,
120,74,884,2,,,4,1,
69,71,884,2,,,3,1,
76,121,885,2,,,2,1,
79,129,885,2,,,2,0,
81,68,885,2,,,0,3,
68,79,886,2,,,2,2,
65,21,887,2,,,0,0,
119,80,887,2,,,1,3,
74,146,887,2,,,3,1,
72,76,887,2,,,1,2,
67,130,887,2,,,0,1,
71,120,887,2,,,2,2,
147,81,888,2,,,0,1,
129,69,888,2,,,0,2,
66,121,888,2,,,4,1,
69,21,890,2,,,1,1,
120,68,891,2,,,1,1,
146,119,891,2,,,1,0,
130,147,891,2,,,2,1,
121,67,891,2,,,1,3,
80,72,891,2,,,2,1,
79,71,892,2,,,1,1,
81,74,892,2,,,2,3,
76,129,892,2,,,2,0,
66,65,892,2,,,1,1,
146,120,893,2,,,0,0,
68,130,893,2,,,3,0,
119,76,894,2,,,0,1,
74,80,894,2,,,2,0,
147,69,894,2,,,1,1,
67,79,894,2,,,6,1,
65,121,894,2,,,2,0,
71,66,894,2,,,1,1,
72,81,895,2,,,2,3,
21,129,1023,2,,,0,1,
120,21,896,2,,,1,0,
129,68,897,2,,,1,4,
79,65,897,2,,,3,1,
121,71,897,2,,,3,0,
80,147,897,2,,,2,0,
69,119,897,2,,,1,1,
66,146,898,2,,,1,2,
130,81,898,2,,,3,3,
72,74,898,2,,,2,1,
76,67,898,2,,,1,4,
21,72,899,2,,,2,0,
65,120,900,2,,,1,0,
146,121,900,2,,,1,0,
119,130,900,2,,,0,1,
147,71,900,2,,,2,2,
81,69,901,2,,,1,1,
74,79,901,2,,,3,2,
80,76,901,2,,,1,0,
68,66,901,2,,,2,1,
67,129,1024,2,,,1,2,
81,65,1017,2,,,1,1,
121,68,902,2,,,0,2,
76,147,902,2,,,2,0,
130,21,902,2,,,1,1,
129,119,902,2,,,3,0,
120,80,902,2,,,0,1,
71,146,902,2,,,1,2,
66,74,903,2,,,1,1,
79,72,903,2,,,0,0,
69,67,903,2,,,1,4,
80,129,905,2,,,0,2,
65,71,905,2,,,3,0,
74,69,906,2,,,1,1,
146,130,906,2,,,0,0,
147,67,906,2,,,3,1,
72,121,906,2,,,2,0,
120,81,907,2,,,0,1,
79,119,907,2,,,1,0,
21,66,907,2,,,1,2,
68,76,907,2,,,4,1,
69,68,873,2,,,0,1,
76,120,867,2,,,3,0,
130,74,867,2,,,2,2,
119,65,867,2,,,0,1,
147,79,867,2,,,2,0,
121,80,867,2,,,1,0,
71,72,867,2,,,1,1,
67,21,909,2,,,0,0,
81,146,909,2,,,1,0,
129,66,909,2,,,0,1,
146,69,910,2,,,0,2,
68,71,911,2,,,5,0,
74,119,911,2,,,4,1,
21,121,911,2,,,1,1,
72,129,911,2,,,2,1,
80,130,911,2,,,2,1,
120,147,911,2,,,1,2,
66,67,912,2,,,0,1,
79,81,912,2,,,3,1,
65,76,912,2,,,3,0,
67,65,1018,2,,,3,0,
74,68,913,2,,,1,2,
81,129,913,2,,,1,0,
130,71,913,2,,,2,0,
119,21,913,2,,,1,1,
72,120,913,2,,,3,1,
121,147,914,2,,,1,2,
80,146,914,2,,,0,0,
69,79,914,2,,,2,2,
76,66,914,2,,,0,2,
65,72,916,2,,,2,4,
68,119,917,2,,,4,1,
146,21,917,2,,,2,0,
129,121,917,2,,,0,0,
147,74,917,2,,,1,1,
120,69,917,2,,,2,2,
71,67,917,2,,,2,0,
76,130,918,2,,,3,0,
79,80,918,2,,,1,4,
66,81,918,2,,,3,3,
146,68,1025,2,,,0,0,
74,67,1025,2,,,0,0,
129,65,1025,2,,,0,0,
81,80,1026,2,,,1,1,
130,120,1026,2,,,1,2,
119,71,1026,2,,,0,3,
72,147,1026,2,,,0,2,
121,79,1026,2,,,1,0,
21,76,1026,2,,,1,0,
69,66,1027,2,,,0,1,
67,68,1019,2,,,0,3,
65,146,919,2,,,0,2,
147,129,919,2,,,1,1,
121,81,919,2,,,1,2,
80,21,919,2,,,1,2,
120,119,919,2,,,1,1,
71,74,919,2,,,2,3,
66,72,920,2,,,2,2,
79,130,920,2,,,1,0,
76,69,920,2,,,1,1,
69,80,922,2,,,1,1,
120,67,923,2,,,1,1,
119,121,923,2,,,1,1,
129,71,923,2,,,1,1,
21,74,923,2,,,3,0,
72,130,923,2,,,2,1,
81,76,924,2,,,1,0,
146,79,924,2,,,1,1,
66,147,924,2,,,1,1,
68,65,924,2,,,5,1,
67,72,1020,2,,,1,0,
80,68,925,2,,,0,3,
130,69,925,2,,,0,2,
119,81,925,2,,,0,0,
74,129,925,2,,,0,0,
121,120,925,2,,,2,0,
71,21,925,2,,,1,1,
76,146,926,2,,,1,0,
147,65,926,2,,,2,1,
79,66,926,2,,,1,1,
68,121,1028,2,,,2,0,
65,119,932,2,,,4,1,
146,80,932,2,,,2,0,
81,147,932,2,,,2,2,
72,79,932,2,,,0,1,
120,71,932,2,,,1,3,
69,74,932,2,,,2,2,
129,76,933,2,,,2,1,
21,67,933,2,,,1,1,
66,130,933,2,,,0,0,
67,146,1029,2,,,2,1,
71,68,934,2,,,0,1,
130,129,934,2,,,2,2,
119,69,934,2,,,2,4,
79,21,934,2,,,1,0,
147,120,934,2,,,2,2,
121,72,934,2,,,1,0,
74,81,935,2,,,0,2,
80,66,935,2,,,1,3,
76,65,935,2,,,1,0,
69,147,937,2,,,1,0,
68,146,938,2,,,5,1,
130,121,938,2,,,1,0,
129,79,938,2,,,2,2,
21,119,938,2,,,1,3,
72,80,938,2,,,1,2,
67,74,938,2,,,2,1,
81,71,939,2,,,4,0,
120,76,939,2,,,1,1,
65,66,939,2,,,1,1,
66,21,1021,2,,,1,1,
146,81,941,2,,,3,0,
119,129,941,2,,,0,1,
74,120,941,2,,,2,0,
147,72,941,2,,,0,4,
121,65,941,2,,,1,0,
71,130,941,2,,,1,2,
80,67,942,2,,,2,0,
79,69,942,2,,,4,0,
76,68,942,2,,,0,2,
81,121,1012,2,,,2,0,
72,66,1012,2,,,0,1,
130,119,1013,2,,,4,0,
129,147,1013,2,,,3,1,
21,80,1013,2,,,1,0,
67,71,1013,2,,,1,0,
65,79,1013,2,,,3,0,
120,146,1013,2,,,2,1,
68,74,1013,2,,,3,1,
69,76,1030,2,,,0,1,
81,67,945,2,,,1,0,
146,65,945,2,,,0,3,
74,72,945,2,,,1,1,
147,130,945,2,,,0,0,
121,119,945,2,,,2,0,
80,120,945,2,,,0,2,
71,129,945,2,,,0,0,
21,69,946,2,,,1,1,
79,76,946,2,,,1,4,
66,68,946,2,,,1,2,
69,146,948,2,,,1,0,
68,21,949,2,,,0,0,
147,119,949,2,,,2,3,
130,79,949,2,,,2,4,
129,74,949,2,,,2,1,
72,71,949,2,,,2,0,
120,121,949,2,,,0,1,
65,80,950,2,,,4,1,
76,81,950,2,,,1,1,
67,66,950,2,,,1,1,
79,67,951,2,,,0,0,
121,129,952,2,,,0,0,
68,120,952,2,,,4,1,
146,72,952,2,,,2,3,
81,119,952,2,,,3,1,
74,130,952,2,,,4,3,
71,147,952,2,,,1,1,
66,76,953,2,,,1,1,
80,69,953,2,,,1,0,
21,65,953,2,,,1,0,
67,121,954,2,197,,0,2,14541
72,21,955,2,197,44,3,0,9576
130,146,955,2,197,86,2,2,13506
119,74,955,2,197,79,0,1,10326
120,79,955,2,197,80,4,1,11286
71,69,955,2,197,,1,2,11627
129,81,956,2,197,85,0,0,25866
76,80,956,2,197,105,1,2,29475
147,66,956,2,197,,1,1,4103
65,68,956,2,197,,2,1,56661
80,81,1031,2,197,49,2,2,17926
68,72,960,2,197,43,0,0,45173
146,76,960,2,197,,0,0,15892
79,147,960,2,197,,1,1,17603
21,120,960,2,197,106,2,0,27904
67,119,960,2,197,,2,1,13160
121,74,960,2,197,,0,0,10586
66,71,961,2,197,42,1,1,41080
69,129,961,2,,,4,1,
65,130,961,2,197,,5,1,
81,120,963,2,197,50,2,2,5738
74,66,964,2,197,,1,1,15599
130,76,964,2,197,86,2,0,13981
147,80,964,2,197,,1,0,3488
72,67,964,2,197,44,0,2,13462
121,21,964,2,197,,1,2,10727
71,79,964,2,197,107,4,0,12292
119,68,965,2,197,79,0,9,19184
129,146,965,2,197,85,2,0,32611
69,65,965,2,197,108,2,2,25830
66,69,967,2,197,42,2,5,40077
76,72,968,2,197,105,3,0,28037
146,74,968,2,197,,5,1,11553
21,71,968,2,197,106,1,0,29736
80,119,968,2,197,49,2,1,17585
120,130,968,2,197,80,0,1,14433
65,129,968,2,197,,2,0,47505
79,121,969,2,197,,1,1,21927
67,147,969,2,197,,3,0,19066
68,81,969,2,197,43,0,2,46569
81,79,970,2,197,50,1,2,6852
68,67,971,2,197,43,4,1,46919
130,72,971,2,197,,2,2,13640
119,146,971,2,197,79,0,1,10472
147,76,971,2,197,,0,2,3665
69,120,971,2,197,108,3,1,24828
71,80,971,2,197,107,2,0,14002
129,21,972,2,197,85,0,3,25518
121,66,972,2,197,,2,1,13141
74,65,972,2,197,,1,3,15132
72,65,974,2,197,44,0,2,15066
130,68,975,2,197,86,0,2,18363
146,147,975,2,197,,0,0,11474
76,119,975,2,197,105,1,0,29824
80,74,975,2,197,49,1,2,17408
120,129,975,2,197,80,2,1,12143
71,121,975,2,197,107,4,0,17407
21,81,976,2,197,,4,1,32125
67,69,976,2,197,,3,0,
66,79,976,2,197,,0,0,43344
65,67,978,2,197,,1,1,55744
68,80,979,2,197,43,6,0,44807
119,120,979,2,197,79,2,1,12650
79,146,979,2,197,,1,3,24611
74,71,979,2,197,,1,1,13212
147,21,979,2,197,,2,4,3605
121,76,979,2,197,,0,1,11631
129,72,980,2,197,85,0,2,21789
69,130,980,2,197,108,0,3,29068
81,66,980,2,197,50,2,1,10056
67,120,984,2,197,,2,0,21913
71,65,985,2,197,107,2,3,24316
66,129,986,2,197,42,1,1,19898
76,74,986,2,197,105,2,0,29550
130,80,986,2,197,86,1,1,16203
147,121,986,2,197,,3,2,4104
72,119,986,2,197,44,4,1,14323
69,81,986,2,197,108,1,1,23251
21,146,1032,2,197,106,0,0,32001
79,68,1015,2,197,,1,1,38026
68,69,988,2,197,43,4,0,45341
129,67,989,2,197,85,1,0,21442
76,71,989,2,197,105,0,0,30578
81,130,989,2,197,50,3,2,6669
119,79,989,2,197,79,2,4,13442
74,21,989,2,197,,0,1,11501
80,121,989,2,197,49,0,0,17016
120,72,989,2,197,80,2,3,19716
65,147,989,2,197,,2,1,50546
146,66,990,2,197,,0,1,16198
79,74,1016,2,197,,3,0,23117
129,80,1016,2,197,85,1,2,30321
147,68,1016,2,197,,0,4,3970
21,130,1016,2,197,106,0,0,30298
72,69,1016,2,197,44,2,0,13004
67,76,1016,2,197,,2,0,35596
66,120,1016,2,197,42,1,0,20767
65,81,1016,2,197,,6,1,56696
121,146,1016,2,197,,1,0,11817
71,119,1016,2,197,107,1,0,29444
146,71,994,2,197,,2,3,15131
81,72,994,2,197,50,2,0,9318
76,21,994,2,197,105,0,1,39550
130,67,994,2,197,86,2,3,17236
119,66,994,2,197,79,1,1,16623
74,147,994,2,197,,1,0,12616
68,129,994,2,197,43,4,0,47844
80,79,994,2,197,49,1,0,19599
120,65,994,2,197,80,4,1,17432
69,121,994,2,197,108,1,2,21429
131,22,880,3,,,1,1,
97,90,880,3,,,2,1,
24,82,881,3,,,0,1,
133,98,881,3,,,2,1,
87,149,881,3,,,5,2,
88,95,881,3,,,1,0,
23,111,881,3,,,1,0,
148,123,881,3,,,1,2,
89,85,881,3,,,2,0,
140,84,881,3,,,1,3,
90,133,884,3,,,0,1,
85,140,884,3,,,2,1,
22,24,885,3,,,2,1,
82,88,885,3,,,0,1,
123,89,885,3,,,3,1,
98,87,885,3,,,2,2,
95,131,885,3,,,2,0,
84,97,885,3,,,4,0,
149,23,885,3,,,1,2,
111,148,885,3,,,2,0,
148,22,887,3,,,0,2,
89,95,887,3,,,1,0,
24,84,887,3,,,1,1,
131,123,888,3,,,2,2,
133,111,888,3,,,2,2,
88,149,888,3,,,2,2,
140,98,888,3,,,2,2,
97,82,888,3,,,2,0,
23,85,888,3,,,1,0,
87,90,889,3,,,2,0,
82,140,891,3,,,1,2,
85,88,891,3,,,3,2,
84,23,892,3,,,0,1,
123,87,892,3,,,2,0,
22,133,892,3,,,2,2,
95,24,892,3,,,0,2,
90,148,892,3,,,1,0,
111,131,892,3,,,1,1,
149,89,892,3,,,0,1,
98,97,892,3,,,5,0,
82,85,893,3,,,2,3,
87,22,894,3,,,2,1,
88,133,894,3,,,0,1,
97,95,894,3,,,2,0,
24,148,894,3,,,1,1,
23,131,894,3,,,1,0,
89,90,894,3,,,2,0,
84,123,894,3,,,1,0,
149,98,894,3,,,0,0,
140,111,895,3,,,0,1,
22,149,897,3,,,5,1,
98,24,897,3,,,2,1,
95,85,898,3,,,1,0,
123,88,898,3,,,2,1,
133,84,898,3,,,1,1,
131,97,898,3,,,1,2,
90,82,898,3,,,1,2,
23,89,898,3,,,1,4,
148,140,1003,3,,,2,0,
111,87,1003,3,,,2,1,
149,123,900,3,,,2,1,
84,131,900,3,,,1,1,
140,133,901,3,,,1,0,
82,95,901,3,,,1,1,
87,23,901,3,,,1,1,
88,22,901,3,,,2,4,
97,148,901,3,,,2,0,
24,90,901,3,,,3,1,
85,98,901,3,,,0,4,
89,111,901,3,,,3,0,
22,140,902,3,,,3,1,
123,85,902,3,,,1,1,
90,88,903,3,,,0,1,
133,97,903,3,,,2,1,
98,89,903,3,,,2,1,
131,82,903,3,,,1,1,
95,84,903,3,,,3,2,
148,87,903,3,,,2,0,
111,149,903,3,,,3,0,
23,24,903,3,,,0,0,
140,95,906,3,,,2,0,
149,90,906,3,,,1,2,
88,23,906,3,,,1,1,
87,131,907,3,,,4,1,
82,148,907,3,,,1,0,
85,133,907,3,,,2,1,
24,111,907,3,,,2,0,
97,123,907,3,,,3,0,
89,22,907,3,,,1,2,
84,98,907,3,,,0,1,
90,23,1033,3,,,0,1,
123,95,1034,3,,,3,3,
133,24,1034,3,,,1,0,
22,82,1034,3,,,3,1,
98,88,1034,3,,,2,0,
85,84,1034,3,,,1,0,
131,89,1034,3,,,0,2,
148,149,1034,3,,,2,1,
111,97,1034,3,,,2,1,
87,140,1035,3,,,1,1,
24,123,867,3,,,2,1,
23,22,867,3,,,1,0,
89,148,909,3,,,4,1,
82,133,909,3,,,0,0,
95,98,909,3,,,0,0,
149,131,909,3,,,0,0,
90,111,909,3,,,3,0,
97,85,909,3,,,1,3,
84,87,1004,3,,,1,1,
88,140,1004,3,,,0,1,
131,90,911,3,,,0,2,
85,111,911,3,,,0,0,
123,23,912,3,,,0,1,
133,149,912,3,,,1,0,
22,97,912,3,,,2,0,
88,84,912,3,,,1,0,
148,95,912,3,,,2,2,
140,24,912,3,,,1,3,
98,82,912,3,,,1,0,
87,89,912,3,,,0,2,
90,22,913,3,,,2,2,
24,85,913,3,,,1,0,
131,98,914,3,,,0,2,
82,87,914,3,,,1,0,
97,88,914,3,,,1,1,
95,133,914,3,,,2,1,
89,140,914,3,,,2,2,
149,84,914,3,,,1,2,
111,123,914,3,,,0,1,
23,148,914,3,,,4,0,
123,90,917,3,,,2,0,
85,87,917,3,,,4,1,
22,111,918,3,,,0,2,
95,149,918,3,,,1,2,
148,131,918,3,,,3,2,
84,82,918,3,,,2,3,
140,97,918,3,,,1,0,
88,24,918,3,,,0,3,
133,89,1036,3,,,1,1,
98,23,1036,3,,,2,1,
97,24,1019,3,,,0,2,
123,22,919,3,,,1,1,
23,95,919,3,,,1,0,
90,98,920,3,,,3,2,
131,140,920,3,,,0,1,
148,84,920,3,,,0,2,
89,82,920,3,,,3,0,
111,88,920,3,,,3,0,
87,133,920,3,,,1,3,
149,85,920,3,,,0,0,
95,90,923,3,,,0,1,
133,123,923,3,,,1,1,
88,148,923,3,,,4,1,
82,23,923,3,,,0,4,
85,131,924,3,,,1,1,
140,149,924,3,,,3,0,
84,111,924,3,,,1,0,
98,22,924,3,,,0,0,
24,89,924,3,,,3,1,
97,87,1005,3,,,1,1,
90,140,925,3,,,2,3,
149,24,926,3,,,2,3,
22,95,926,3,,,2,0,
131,133,926,3,,,1,1,
89,84,926,3,,,2,0,
111,98,926,3,,,1,3,
123,82,926,3,,,0,1,
87,88,926,3,,,2,0,
148,85,926,3,,,2,4,
23,97,926,3,,,1,2,
95,87,1037,3,,,2,3,
82,111,1038,3,,,2,1,
133,148,1038,3,,,2,2,
88,89,1038,3,,,1,3,
85,90,1038,3,,,0,1,
97,149,1038,3,,,0,0,
24,131,1038,3,,,3,0,
84,22,1038,3,,,3,3,
140,23,1038,3,,,0,1,
98,123,1038,3,,,2,1,
149,82,932,3,,,2,1,
89,97,932,3,,,1,3,
22,85,932,3,,,1,1,
23,133,933,3,,,0,1,
123,140,933,3,,,0,1,
131,88,933,3,,,0,1,
148,98,933,3,,,1,5,
90,84,933,3,,,0,1,
111,95,933,3,,,0,2,
87,24,933,3,,,1,2,
111,23,934,3,,,1,1,
123,148,934,3,,,4,2,
98,133,934,3,,,3,1,
95,88,935,3,,,4,0,
149,87,935,3,,,2,1,
90,97,935,3,,,2,2,
82,24,935,3,,,0,4,
22,131,935,3,,,1,1,
84,140,935,3,,,1,1,
85,89,935,3,,,2,0,
148,111,938,3,,,0,0,
140,85,938,3,,,2,2,
89,123,939,3,,,2,0,
88,82,939,3,,,4,1,
87,98,939,3,,,2,4,
131,95,939,3,,,1,1,
97,84,939,3,,,4,1,
23,149,939,3,,,1,1,
133,90,939,3,,,0,2,
24,22,939,3,,,1,0,
149,88,941,3,,,1,1,
111,133,941,3,,,1,1,
22,148,941,3,,,3,1,
84,24,942,3,,,0,4,
90,87,942,3,,,3,2,
82,97,942,3,,,0,0,
123,131,942,3,,,0,0,
95,89,942,3,,,0,0,
98,140,942,3,,,5,1,
85,23,942,3,,,3,0,
133,22,1012,3,,,0,2,
148,90,1013,3,,,1,0,
140,82,1013,3,,,1,1,
87,123,1013,3,,,2,2,
97,98,1013,3,,,0,2,
88,85,1013,3,,,0,2,
24,95,1013,3,,,1,0,
23,84,1013,3,,,1,0,
89,149,1013,3,,,2,1,
131,111,1013,3,,,2,1,
90,89,945,3,,,1,1,
95,97,945,3,,,0,0,
131,23,946,3,,,3,3,
85,82,946,3,,,1,1,
133,88,946,3,,,2,2,
148,24,946,3,,,0,2,
123,84,946,3,,,1,2,
98,149,946,3,,,1,0,
111,140,946,3,,,0,0,
22,87,946,3,,,2,1,
97,131,1039,3,,,5,2,
149,22,948,3,,,1,3,
140,148,949,3,,,1,2,
84,133,949,3,,,1,1,
24,98,949,3,,,1,0,
85,95,950,3,,,2,1,
88,123,950,3,,,1,3,
82,90,950,3,,,0,1,
87,111,950,3,,,0,0,
89,23,950,3,,,2,1,
90,24,951,3,,,0,0,
131,84,952,3,,,3,1,
23,87,952,3,,,3,1,
95,82,953,3,,,2,1,
111,89,953,3,,,2,3,
133,140,953,3,,,3,2,
123,149,953,3,,,0,0,
148,97,953,3,,,0,0,
22,88,953,3,,,5,0,
98,85,1040,3,,,1,1,
140,22,955,3,197,96,1,3,12761
85,123,955,3,197,,1,0,33748
88,90,956,3,197,55,0,0,15566
82,131,956,3,197,,2,0,14000
84,95,956,3,197,53,1,0,10000
87,148,956,3,197,,2,0,25000
149,111,956,3,197,88,1,1,6999
24,23,956,3,197,,2,0,40204
97,133,1041,3,197,109,0,2,3000
89,98,1041,3,197,56,1,1,31469
22,89,1031,3,197,109,4,1,34000
131,87,960,3,197,53,0,3,18153
98,84,960,3,197,62,3,1,35000
123,97,961,3,197,109,1,1,15000
148,82,961,3,197,,2,0,8000
133,85,961,3,197,89,2,0,18000
111,24,961,3,197,73,0,2,19770
95,140,961,3,197,,1,0,21000
90,149,961,3,197,57,0,0,16820
23,88,961,3,,,3,1,
24,133,963,3,197,,1,0,39240
140,87,964,3,197,96,1,1,8752
23,90,964,3,197,,2,1,40267
84,85,965,3,197,53,0,0,25000
95,123,965,3,197,,3,2,21000
82,22,965,3,197,,1,2,12000
89,131,965,3,197,56,1,1,33081
149,148,965,3,197,88,2,1,9000
88,98,965,3,197,55,0,1,14628
97,111,965,3,197,109,2,0,17500
140,88,968,3,197,96,0,0,9000
22,23,968,3,197,109,1,1,40000
111,90,969,3,197,73,2,0,18258
133,82,969,3,197,89,1,1,10000
123,24,969,3,197,109,1,4,25000
148,89,969,3,197,,0,0,10000
87,84,969,3,197,,0,1,20700
131,149,969,3,197,53,1,2,17707
98,95,969,3,197,62,3,1,43917
85,97,969,3,197,,1,1,33481
149,133,971,3,197,88,1,3,7457
24,140,971,3,197,,1,0,39260
82,98,972,3,197,,3,1,20000
89,87,972,3,197,56,1,1,30000
97,22,972,3,197,109,1,4,22000
84,88,972,3,197,53,3,1,8000
111,85,972,3,197,73,2,1,18652
95,148,972,3,197,,4,0,18900
23,123,972,3,197,,1,2,39125
90,131,973,3,197,57,0,1,16600
148,23,975,3,197,,0,1,9000
133,95,975,3,197,89,0,1,11000
84,149,975,3,197,,1,0,13000
85,24,975,3,197,,1,2,75392
140,89,976,3,197,96,2,0,9651
87,82,976,3,197,,2,0,21000
98,131,976,3,197,62,3,0,45000
123,111,976,3,197,109,2,1,17000
88,97,976,3,197,55,0,3,22531
22,90,977,3,197,109,1,1,32835
90,123,979,3,197,57,0,1,20500
149,95,979,3,197,88,4,1,9000
23,98,979,3,197,,2,0,59130
111,22,980,3,197,73,3,3,16000
89,133,980,3,197,56,3,1,28000
24,88,980,3,197,,4,0,38000
131,148,980,3,197,53,1,2,18000
82,84,980,3,197,,0,0,13000
97,140,980,3,197,109,2,0,24000
87,85,980,3,197,,0,1,21700
98,90,981,3,197,62,6,0,20000
133,87,982,3,197,89,0,0,11000
22,123,982,3,197,109,3,2,45000
24,97,982,3,197,,3,0,38655
95,23,982,3,197,,1,0,21000
140,131,982,3,197,96,1,0,9500
84,148,982,3,197,53,5,1,13000
82,89,982,3,197,,2,1,13000
88,111,982,3,197,55,2,2,15000
85,149,983,3,197,,0,0,28801
23,82,985,3,197,,3,1,48012
148,88,986,3,197,,0,2,
123,133,986,3,197,109,1,3,16500
87,97,986,3,197,,2,1,20000
90,95,986,3,197,57,2,0,16000
111,84,986,3,197,73,1,0,15000
89,24,986,3,197,56,1,2,28000
22,98,987,3,197,109,1,0,35273
131,85,987,3,197,53,2,1,18738
149,140,987,3,197,88,1,0,7667
82,123,989,3,197,,1,5,15000
84,89,989,3,197,53,0,0,10000
24,149,990,3,197,,2,0,40316
88,87,990,3,197,55,2,0,6000
133,131,990,3,197,89,1,0,7000
85,148,990,3,197,,3,3,35936
140,90,990,3,197,96,0,0,9727
97,23,990,3,197,109,2,0,21000
95,22,991,3,197,,2,3,20100
98,111,991,3,197,62,2,1,20000
23,140,1016,3,197,,2,1,44348
90,85,1016,3,197,57,0,1,22500
22,84,992,3,197,109,3,0,55508
111,82,992,3,197,73,1,1,16000
148,133,992,3,197,,0,1,9000
89,88,992,3,197,56,0,0,29000
149,97,992,3,197,88,1,3,9000
87,95,992,3,197,,0,3,30000
123,98,992,3,197,109,1,2,18000
131,24,992,3,197,53,2,1,15753
24,87,994,3,197,,5,0,39272
85,22,994,3,197,,1,3,34777
133,23,994,3,197,89,3,1,40322
98,148,994,3,197,62,4,0,60000
140,123,995,3,197,96,2,1,8791
84,90,995,3,197,53,0,0,8000
95,111,995,3,197,,1,2,22000
88,131,995,3,197,55,3,2,33422
97,89,995,3,197,109,2,4,35000
82,149,995,3,197,,1,2,21000
2,7,1042,1,,2,1,1,22199
6,134,1042,1,,5,2,1,22374
11,99,1043,1,,97,6,2,65731
101,18,1043,1,,64,1,1,15101
19,4,1043,1,,11,6,4,29399
16,14,1044,1,,,2,1,25340
5,13,1044,1,,4,0,3,27720
10,151,1044,1,,7,1,1,27720
113,150,1045,1,,,0,1,16578
12,141,1045,1,,8,2,4,37144
99,6,1046,1,,63,0,0,34543
4,2,1046,1,,,2,2,17725
7,5,1047,1,,82,0,2,16610
134,12,1047,1,,,1,0,4419
13,113,1047,1,,9,2,1,65684
150,10,1047,1,,,0,0,10958
151,16,1048,1,,110,0,0,16236
141,101,1048,1,,98,5,1,18837
14,11,1048,1,,10,0,1,46365
18,19,1048,1,,111,0,0,18740
5,4,1049,1,,4,1,1,17739
113,10,1050,1,,,0,4,18064
13,7,1050,1,,9,5,2,69567
19,141,1050,1,,11,2,1,34060
2,18,1050,1,,2,0,2,21800
11,151,1050,1,,97,1,2,74237
16,150,1051,1,,,2,1,22682
12,99,1051,1,,8,2,3,36789
101,134,1051,1,,64,1,2,15883
6,14,1051,1,,5,0,1,23245
99,101,1052,1,,63,2,2,36090
150,11,1053,1,,,1,5,10958
10,16,1053,1,,7,5,0,45821
134,19,1053,1,,,1,1,4265
141,2,1053,1,,98,1,0,18980
7,113,1054,1,,82,0,0,14854
14,12,1054,1,,10,2,1,40907
18,5,1054,1,,111,2,1,18692
4,13,1054,1,,,0,2,30153
151,6,1055,1,,110,0,0,16854
2,134,1056,1,,2,2,1,30370
19,99,1056,1,,11,1,0,39849
113,16,1057,1,,,2,1,14863
13,18,1057,1,,9,1,1,67328
5,141,1057,1,,4,4,1,10974
101,14,1057,1,,64,1,2,14603
11,10,1057,1,,97,1,1,89421
7,4,1058,1,,82,1,2,14631
6,150,1058,1,,5,1,2,19467
12,151,1058,1,,8,2,1,32285
99,2,1059,1,,63,1,0,37038
134,5,1060,1,,,2,0,4798
16,11,1060,1,,,0,5,26098
14,19,1060,1,,10,3,1,42415
141,13,1060,1,,98,2,2,22520
150,12,1061,1,,,1,2,10622
10,6,1061,1,,7,1,0,45653
18,7,1061,1,,111,3,1,18319
4,113,1061,1,,,0,2,17484
151,101,1062,1,,110,3,1,16371
5,99,1063,1,,4,1,0,18310
101,150,1064,1,,64,0,1,15050
19,151,1064,1,,11,2,1,32122
7,141,1064,1,,82,2,2,15415
6,16,1064,1,,5,2,1,24864
12,10,1065,1,,8,0,2,43276
13,134,1065,1,,9,1,1,72103
2,14,1065,1,,2,2,1,23080
4,18,1065,1,,,0,0,20254
113,11,1065,1,,,4,3,20901
141,4,1066,1,,98,0,0,20575
150,19,1067,1,,,2,3,10922
11,6,1067,1,,97,4,0,83553
10,101,1067,1,,7,7,1,48293
99,13,1067,1,,63,1,6,41665
151,2,1068,1,,110,1,1,17068
14,5,1068,1,,10,3,2,47256
16,12,1068,1,,,1,2,25509
18,113,1068,1,,111,5,0,18152
134,7,1069,1,,,2,3,5250
7,99,1070,1,,82,1,2,15044
4,134,1071,1,,,3,3,17330
12,11,1071,1,,8,2,3,46770
5,151,1071,1,,4,3,0,24224
101,16,1071,1,,64,0,0,14622
113,6,1072,1,,,4,1,21024
19,10,1072,1,,11,1,0,34526
2,150,1072,1,,2,4,0,18991
18,141,1072,1,,111,2,1,18312
13,14,1072,1,,9,2,1,72910
150,5,1073,1,,,0,2,10922
16,19,1074,1,,,1,1,22803
151,13,1074,1,,110,1,4,19840
10,2,1074,1,,7,4,2,47471
11,101,1074,1,,97,1,0,82914
134,18,1075,1,,,2,1,4678
14,7,1075,1,,10,1,1,43696
99,4,1075,1,,63,0,1,38282
141,113,1075,1,,98,3,3,21194
6,12,1076,1,,5,1,1,23492
2,16,1077,1,,2,3,2,20316
101,6,1078,1,,64,1,1,13157
5,10,1078,1,,4,2,0,24048
7,151,1078,1,,82,0,1,15853
141,134,1078,1,,98,1,0,19381
13,150,1079,1,,9,3,0,74269
113,12,1079,1,,,2,1,18251
4,14,1079,1,,,0,0,22835
18,99,1079,1,,111,2,0,18826
19,11,1079,1,,11,1,2,40812
99,141,1080,1,,63,2,0,34114
6,19,1081,1,,5,2,3,21096
11,2,1081,1,,97,0,0,83439
134,113,1081,1,,,1,0,5503
10,13,1081,1,,7,0,3,53741
151,4,1082,1,,110,0,1,19550
12,101,1082,1,,8,1,1,34884
16,5,1082,1,,,1,3,23439
14,18,1082,1,,10,1,0,38245
150,7,1083,1,,,2,0,8827
134,99,1084,1,,,3,1,5150
2,6,1085,1,,2,4,3,12679
13,16,1085,1,,9,2,1,67118
4,150,1085,1,,,3,0,17137
19,12,1085,1,,11,2,1,31901
18,151,1086,1,,111,0,2,15629
7,10,1086,1,,82,0,3,16385
113,101,1086,1,,,3,1,15852
5,11,1086,1,,4,1,1,27756
141,14,1087,1,,98,3,1,20717
101,19,1088,1,,64,2,1,15832
11,13,1088,1,,97,1,1,98485
150,18,1088,1,,,0,0,8526
10,4,1088,1,,7,0,0,39707
99,113,1089,1,,63,3,3,27241
14,134,1089,1,,10,3,1,42831
16,7,1089,1,,,3,1,25800
151,141,1089,1,,110,1,1,18724
12,2,1089,1,,8,2,2,23121
6,5,1090,1,,5,5,1,20548
2,101,1091,1,202,2,1,1,20299
7,11,1092,1,203,82,0,3,17349
5,12,1092,1,204,4,3,2,22817
141,150,1092,1,205,98,1,1,19131
13,6,1092,1,206,9,3,2,67174
134,151,1093,1,207,,0,0,5666
113,19,1093,1,12,,0,3,19350
4,16,1093,1,131,,2,1,19353
99,14,1093,1,208,63,1,0,34481
18,10,1094,1,144,111,3,0,19370
151,99,1095,1,209,110,1,0,18067
16,18,1096,1,175,,1,3,
10,141,1096,1,176,7,1,0,39453
101,5,1096,1,210,64,0,2,12746
19,2,1096,1,211,11,4,1,30324
150,134,1097,1,212,,1,1,9231
6,7,1097,1,196,5,2,0,
11,4,1097,1,208,97,4,1,79370
14,113,1098,1,213,10,2,1,35808
12,13,1099,1,195,8,2,1,45833
4,6,1100,1,195,,1,1,16347
13,101,1101,1,175,9,5,0,71184
134,10,1101,1,205,,0,2,5810
141,16,1101,1,214,98,1,0,21710
5,19,1101,1,203,4,0,4,22374
14,151,1102,1,131,10,0,0,42182
99,150,1102,1,204,63,2,0,36328
113,2,1102,1,212,,3,1,17890
18,11,1102,1,209,111,1,1,38144
7,12,1103,1,202,82,3,3,12160
150,14,1104,1,206,,0,0,10922
11,141,1104,1,12,97,5,0,81480
10,99,1104,1,211,7,1,0,46043
6,18,1104,1,210,5,0,0,19807
12,4,1105,1,196,8,2,1,33932
113,151,1105,1,176,,1,0,15723
16,134,1105,1,213,,2,3,20050
101,7,1105,1,207,64,1,1,14328
19,13,1105,1,144,11,2,1,40386
2,5,1106,1,208,2,0,2,18057
141,6,1107,1,213,98,1,1,18051
4,101,1108,1,211,,3,1,15184
13,2,1108,1,205,9,2,1,72687
151,150,1108,1,214,110,2,2,19126
18,12,1108,1,212,111,0,2,17115
7,19,1109,1,204,82,3,4,15211
14,10,1109,1,209,10,2,2,44263
5,113,1109,1,131,4,1,0,19845
99,16,1109,1,12,63,0,0,35097
134,11,1109,1,196,,0,4,6340
7,2,1110,1,195,82,1,1,14262
18,101,1111,1,202,111,2,0,15152
151,10,1111,1,210,110,0,0,19152
134,6,1111,1,203,,3,1,5617
150,113,1111,1,207,,0,2,10123
99,11,1112,1,144,63,1,1,43790
4,19,1112,1,175,,3,1,22974
14,16,1112,1,211,10,2,1,41657
13,5,1112,1,176,9,3,0,66693
141,12,1113,1,206,98,3,1,20427
2,4,1114,1,210,2,0,1,21546
11,14,1114,1,212,97,3,0,83384
10,150,1114,1,196,7,2,0,37421
12,134,1114,1,214,8,0,4,32571
19,18,1115,1,12,11,0,0,33401
16,151,1115,1,205,,2,4,
5,7,1115,1,206,4,3,2,21893
113,13,1115,1,203,,1,4,22838
101,141,1116,1,131,64,1,0,13997
6,99,1117,1,202,5,1,1,21450
4,5,1118,1,213,,1,2,17849
99,12,1119,1,207,63,0,0,30567
151,11,1119,1,211,110,0,6,19840
14,6,1119,1,176,10,2,1,41469
7,13,1119,1,209,82,1,3,17770
18,2,1120,1,175,111,1,1,17120
150,16,1120,1,204,,0,2,9124
141,19,1120,1,195,98,0,1,27843
10,113,1120,1,144,7,3,2,30323
134,101,1121,1,208,,4,0,4875
101,99,1122,1,210,64,4,1,
16,10,1123,1,212,,1,4,24480
13,4,1123,1,12,9,2,0,75606
6,151,1123,1,206,5,0,1,19663
19,134,1123,1,202,11,2,0,33816
5,18,1124,1,144,4,0,1,21691
113,7,1124,1,175,,3,0,15556
2,141,1124,1,196,2,2,1,20345
12,14,1124,1,213,8,2,0,37316
11,150,1124,1,209,97,2,1,63378
141,5,1125,1,203,98,0,1,19085
151,12,1126,1,176,110,2,1,19118
99,19,1126,1,131,63,1,2,41263
150,6,1126,1,214,,4,0,10076
134,2,1126,1,204,,3,0,4953
4,7,1127,1,211,,3,0,19331
10,11,1127,1,208,7,1,2,52573
16,113,1127,1,195,,1,1,24616
14,101,1127,1,207,10,3,1,37430
18,13,1127,1,205,111,2,3,21415
5,134,1128,1,12,4,2,2,20335
2,99,1128,1,144,2,1,2,24285
12,150,1128,1,175,8,1,0,26711
11,16,1129,1,196,97,6,1,55605
7,18,1129,1,212,82,1,4,13409
13,141,1129,1,213,9,3,3,63789
101,151,1129,1,209,64,2,1,14038
113,4,1129,1,206,,2,2,11526
6,10,1130,1,211,5,1,1,19992
19,14,1130,1,210,11,1,0,34012
99,5,1131,1,209,63,2,3,29612
150,101,1132,1,203,,1,0,9472
134,13,1132,1,212,,1,4,67554
18,4,1132,1,195,111,2,0,17315
11,113,1132,1,205,97,5,0,77117
16,6,1133,1,208,,0,1,24307
10,12,1133,1,204,7,3,0,46473
141,7,1133,1,131,98,5,2,19911
14,2,1133,1,202,10,1,0,33438
151,19,1134,1,207,110,1,1,18479
4,141,1135,1,214,,4,3,17669
12,16,1136,1,202,8,1,1,28785
19,150,1136,1,212,11,1,1,31738
2,151,1136,1,12,2,1,2,23716
101,10,1136,1,144,64,0,1,18887
5,14,1137,1,196,4,0,2,
6,11,1137,1,213,5,2,1,28412
113,18,1137,1,176,,0,1,16651
13,99,1137,1,208,9,2,1,73103
7,134,1138,1,206,82,1,1,6641
141,18,1139,1,175,98,1,0,18717
134,4,1140,1,213,,1,1,5340
14,13,1140,1,206,10,1,2,49095
151,5,1140,1,131,110,1,0,
99,7,1140,1,202,63,2,0,32375
150,2,1141,1,208,,0,0,10127
10,19,1141,1,205,7,3,1,49831
16,101,1141,1,204,,3,1,25070
6,113,1141,1,203,5,0,1,30760
11,12,1141,1,144,97,4,2,78675
4,99,1142,1,212,,2,1,21138
18,134,1143,1,210,111,2,3,15832
7,14,1143,1,214,82,1,2,15694
5,150,1143,1,176,4,1,1,18891
2,10,1143,1,207,2,0,2,26912
12,6,1144,1,195,8,3,0,34638
19,16,1144,1,175,11,0,0,
13,151,1144,1,196,9,3,0,76875
113,141,1144,1,211,,3,1,14212
101,11,1144,1,206,64,1,4,18678
14,4,1145,1,203,10,2,0,38262
134,141,1146,1,209,,3,1,5201
11,19,1146,1,211,97,3,0,85511
12,113,1146,1,213,8,3,2,29212
99,18,1146,1,205,63,0,1,25
10,5,1146,1,12,7,1,0,43132
150,13,1146,1,202,,2,4,10922
6,101,1146,1,131,5,0,0,19143
151,7,1146,1,215,110,0,1,18344
16,2,1146,1,196,,0,1,24503
18,14,1147,1,207,111,3,1,18403
4,151,1148,1,176,,1,0,17521
13,10,1148,1,195,9,1,1,80000
19,6,1148,1,206,11,4,2,33022
2,11,1148,1,205,2,2,0,28314
101,12,1149,1,175,64,1,3,15087
113,134,1149,1,214,,0,2,15741
7,150,1149,1,210,82,2,1,14421
141,99,1149,1,196,98,4,1,19769
5,16,1150,1,212,4,3,1,18917
14,141,1151,1,215,10,5,1,36293
6,2,1152,1,12,5,2,0,20300
16,13,1152,1,213,,2,3,23745
10,7,1152,1,176,7,3,0,44
11,5,1152,1,203,97,3,2,81
150,4,1153,1,211,,0,1,9127
12,19,1153,1,212,8,0,0,36748
99,134,1153,1,208,63,2,0,30331
101,113,1153,1,196,64,0,3,13442
151,18,1154,1,202,110,2,1,17831
19,101,1155,1,207,11,2,0,31074
2,12,1156,1,209,2,2,0,23089
18,150,1156,1,206,111,2,1,16829
7,16,1156,1,205,82,2,2,14964
4,10,1156,1,175,,0,1,27777
5,6,1157,1,210,4,1,0,
113,99,1157,1,195,,0,1,15851
141,151,1157,1,214,98,1,1,16007
13,11,1157,1,144,9,2,3,81044
134,14,1158,1,131,,0,1,6597
16,4,1159,1,176,,1,1,20956
101,2,1159,1,211,64,0,2,11894
10,18,1159,1,209,7,0,1,44432
11,7,1160,1,214,97,7,1,63989
12,5,1160,1,131,8,2,3,26101
150,141,1160,1,175,,3,0,9756
6,13,1160,1,196,5,2,6,26735
151,134,1161,1,207,110,0,0,18277
19,113,1161,1,205,11,2,1,25995
14,99,1161,1,212,10,2,1,34074
18,16,1162,1,215,111,3,1,15120
5,101,1163,1,208,4,2,1,18003
13,12,1163,1,205,9,2,1,75180
141,10,1163,1,195,98,0,5,23570
4,11,1163,1,12,,0,3,31708
7,6,1164,1,144,82,2,2,12294
99,151,1164,1,210,63,1,4,22271
134,150,1164,1,202,,2,0,5256
113,14,1164,1,213,,0,3,17230
2,19,1165,1,203,2,4,2,22971
19,5,1166,1,212,11,1,1,28607
16,141,1167,1,206,,1,0,21758
10,134,1167,1,213,7,1,0,46748
11,18,1167,1,196,97,4,1,90463
101,13,1167,1,209,64,0,4,19094
2,13,1168,1,195,2,0,2,27855
151,14,1169,1,203,110,1,0,
12,7,1169,1,211,8,4,1,24752
6,4,1169,1,208,5,1,2,22803
2,113,1169,1,131,2,3,0,20552
150,99,1170,1,207,,4,0,11922
4,12,1171,1,210,,0,1,20111
7,101,1171,1,175,82,2,1,13301
151,113,1172,1,214,110,3,1,17624
18,6,1172,1,205,111,0,0,16437
5,2,1172,1,206,4,2,2,25026
99,10,1172,1,202,63,1,1,27159
14,150,1172,1,213,10,1,1,42049
13,19,1172,1,12,9,4,1,79356
141,11,1172,1,212,98,1,4,22268
134,16,1172,1,203,,0,1,5577
101,4,1173,1,211,64,1,2,10503
16,99,1174,1,209,,2,2,16201
150,151,1174,1,212,,1,1,10922
6,141,1174,1,176,5,3,0,21663
19,7,1174,1,131,11,5,0,26396
10,14,1168,1,215,7,3,1,52314
113,5,1168,1,196,,2,2,14188
12,18,1168,1,213,8,1,3,33587
11,134,1168,1,144,97,4,2,74932
126,136,1175,4,,,2,1,20137
38,26,1175,4,,22,1,1,34494
116,143,1175,4,,78,1,1,31488
125,40,1175,4,,83,0,1,24490
137,103,1175,4,,93,0,1,19126
152,39,1175,4,,112,1,1,32110
25,31,1175,4,,66,2,1,54362
142,35,1176,4,,99,1,3,11355
36,34,1176,4,,21,3,4,60033
33,41,1177,4,,18,2,1,41521
35,116,1042,4,,20,2,0,75326
39,25,1043,4,,113,1,4,27455
137,34,1043,4,,93,2,0,21313
40,38,1043,4,,23,1,2,23654
143,33,1043,4,,100,1,2,20772
26,125,1043,4,,12,1,0,31447
103,126,1043,4,,,0,2,20024
136,36,1043,4,,92,0,0,32008
31,152,1044,4,,16,1,2,43515
41,142,1044,4,,114,1,0,56977
26,34,1047,4,,12,1,1,31211
125,142,1047,4,,83,1,1,23503
143,36,1047,4,,100,1,3,20545
116,31,1047,4,,78,1,1,30152
126,40,1085,4,,,1,1,18086
33,137,1047,4,,18,3,0,41607
38,39,1047,4,,22,1,0,39581
136,103,1047,4,,92,2,1,31727
126,35,1047,4,,,0,1,24560
40,152,1048,4,,23,0,0,23690
25,41,1048,4,,66,3,1,54008
35,25,1050,4,,20,1,2,75272
137,126,1050,4,,93,1,1,18803
36,116,1050,4,,21,2,1,59962
142,40,1050,4,,99,1,0,11184
41,143,1050,4,,114,2,4,56974
39,26,1050,4,,113,0,4,27385
152,125,1050,4,,112,1,2,30551
34,136,1050,4,,19,4,1,51232
103,33,1051,4,,,2,2,20865
31,38,1178,4,,16,0,3,42406
33,34,1052,4,,18,1,2,41514
25,142,1053,4,,66,4,0,54335
40,41,1053,4,,23,4,2,22209
126,36,1053,4,,,1,4,22536
136,137,1053,4,,92,3,0,31916
38,152,1053,4,,22,3,1,39074
143,35,1054,4,,100,3,1,21118
125,39,1054,4,,83,4,1,23781
116,103,1054,4,,78,1,0,29087
26,31,1054,4,,12,1,0,31251
35,136,1060,4,,20,4,1,75256
103,25,1060,4,,,1,3,20786
152,26,1060,4,,112,1,2,32703
39,40,1060,4,,113,1,1,27645
31,125,1060,4,,16,2,3,38941
34,126,1060,4,,19,5,1,53109
142,38,1060,4,,99,1,0,11291
36,33,1060,4,,21,3,0,60028
41,116,1061,4,,114,0,3,56864
137,143,1062,4,,93,2,0,18519
38,125,1063,4,,22,1,1,38758
103,34,1064,4,,,1,2,20862
31,40,1064,4,,16,1,1,40043
126,33,1064,4,,,0,2,21257
41,152,1064,4,,114,1,1,56945
143,142,1064,4,,100,2,2,20575
35,39,1065,4,,20,1,1,75251
136,116,1065,4,,92,0,0,31563
26,25,1065,4,,12,2,0,31793
137,36,1065,4,,93,0,1,20982
33,136,1067,4,,18,3,0,41547
36,103,1067,4,,21,3,2,60007
25,38,1067,4,,66,1,1,54512
142,126,1067,4,,99,6,1,11029
39,31,1067,4,,113,2,0,27701
40,26,1067,4,,23,1,1,24263
125,41,1067,4,,83,0,1,25643
152,143,1068,4,,112,0,1,28131
116,137,1068,4,,78,3,1,29040
34,35,1069,4,,19,0,0,52769
142,26,1071,4,,99,0,0,11201
137,38,1071,4,,93,2,1,21416
103,143,1071,4,,,0,0,20694
36,152,1071,4,,21,0,0,59962
126,39,1071,4,,,0,2,18522
136,125,1071,4,,92,3,1,31969
41,31,1071,4,,114,1,0,56985
34,40,1071,4,,19,2,1,53218
25,116,1072,4,,66,1,1,53731
33,35,1072,4,,18,4,0,41424
31,36,1074,4,,16,1,4,44322
143,126,1074,4,,100,1,0,20022
26,136,1074,4,,12,1,1,31868
35,137,1074,4,,20,0,0,75325
152,142,1074,4,,112,2,0,29600
40,25,1074,4,,23,0,4,22470
125,34,1074,4,,83,2,4,25628
38,41,1075,4,,22,2,0,39574
95,98,1057,3,,,0,0,29500
116,33,1075,4,,78,0,2,31827
39,103,1076,4,,113,3,1,26602
41,39,1078,4,,114,1,1,56970
142,31,1078,4,,99,1,2,11084
25,152,1078,4,,66,1,1,54294
137,125,1078,4,,93,3,2,19196
33,38,1078,4,,18,5,0,41429
36,26,1079,4,,21,1,1,69039
34,143,1079,4,,19,6,1,53163
126,116,1079,4,,,2,1,17768
103,35,1079,4,,,1,3,20938
136,40,1079,4,,92,1,2,31879
35,36,1081,4,,20,1,1,75264
116,34,1081,4,,78,0,0,31848
125,25,1081,4,,83,1,2,25529
38,103,1081,4,,22,1,1,38773
39,142,1081,4,,113,0,1,27815
143,136,1081,4,,100,2,1,20640
31,126,1081,4,,16,3,0,41271
26,41,1081,4,,12,3,2,31212
152,33,1082,4,,112,0,1,32704
40,137,1083,4,,23,4,0,23016
137,25,1085,4,,93,1,2,21794
34,31,1085,4,,19,2,0,53144
103,125,1085,4,,,5,4,20276
136,152,1085,4,,92,2,2,32058
33,26,1085,4,,18,2,1,41513
143,39,1086,4,,100,0,1,20058
36,142,1086,4,,21,3,1,59978
35,41,1086,4,,20,1,1,75313
116,38,1086,4,,78,1,0,31132
25,33,1088,4,,66,1,3,54457
31,136,1088,4,,16,2,1,39725
39,137,1088,4,,113,2,0,27306
26,103,1088,4,,12,5,0,31663
125,116,1088,4,,83,3,0,25393
40,143,1088,4,,23,3,1,22244
41,36,1088,4,,114,1,5,56980
142,34,1089,4,,99,4,3,11183
38,35,1089,4,,22,1,1,39550
152,126,1090,4,,112,1,0,27395
143,38,1092,4,29,100,3,2,
126,125,1092,4,216,,3,3,17403
103,31,1092,4,159,,3,0,
137,142,1092,4,32,93,3,2,
36,39,1092,4,217,21,3,1,
136,25,1092,4,35,92,4,2,
33,40,1093,4,218,18,1,0,
35,26,1093,4,160,20,1,0,
122,95,1124,3,192,,5,0,13000
116,152,1093,4,28,78,1,0,28976
34,41,1093,4,31,19,2,2,53068
38,36,1179,4,31,22,2,1,39510
142,136,1179,4,181,99,1,0,11068
152,34,1180,4,41,112,0,3,32704
31,33,1180,4,40,16,0,1,41008
41,137,1180,4,160,114,1,0,56990
125,35,1180,4,159,83,1,2,25547
40,103,1180,4,35,23,3,1,21467
25,143,1180,4,37,66,2,0,51527
26,126,1180,4,25,12,3,0,31347
39,116,1180,4,29,113,0,0,27002
125,33,1096,4,41,83,0,1,25259
39,136,1096,4,159,113,2,2,27663
152,103,1096,4,40,112,3,0,28302
31,143,1096,4,160,16,1,0,40267
41,126,1096,4,217,114,1,0,56952
40,35,1096,4,29,23,0,2,
142,116,1097,4,31,99,1,3,11113
26,137,1097,4,37,12,2,1,31467
25,36,1097,4,32,66,2,1,54409
38,34,1098,4,218,22,0,1,39590
143,125,1181,4,31,100,1,1,20304
36,40,1181,4,40,21,1,0,59925
35,31,1181,4,32,20,3,1,75325
136,38,1181,4,28,92,0,2,31985
137,152,1181,4,159,93,1,0,21562
33,142,1181,4,216,18,3,0,41384
103,41,1181,4,25,,1,4,20757
126,25,1181,4,160,,0,3,23134
34,39,1182,4,35,19,4,1,53094
116,26,1183,4,218,78,1,4,31853
126,38,1184,4,41,,2,2,20111
136,41,1185,4,29,92,1,0,32060
137,31,1185,4,183,93,4,1,21124
33,39,1185,4,160,18,4,2,41601
116,40,1185,4,216,78,1,2,30975
35,152,1185,4,217,20,2,1,75314
103,142,1185,4,37,,0,3,20316
34,25,1185,4,159,19,1,0,53120
143,26,1186,4,35,100,1,4,20882
36,125,1186,4,25,21,2,0,59975
152,136,1187,4,160,112,0,0,32437
25,137,1187,4,217,66,2,1,54463
38,116,1187,4,37,22,3,0,38891
40,126,1187,4,31,23,3,1,23402
31,34,1187,4,29,16,2,2,46494
41,35,1187,4,218,114,0,2,56996
137,136,1188,4,218,93,1,0,19202
142,36,1189,4,35,99,3,3,11202
39,143,1189,4,40,113,2,0,27010
125,103,1189,4,181,83,1,2,24913
26,33,1190,4,32,12,2,0,31491
26,40,1104,4,29,12,4,0,31613
137,116,1104,4,181,93,1,0,20254
41,125,1104,4,40,114,3,0,56984
126,142,1104,4,32,,3,1,17963
103,36,1104,4,216,,0,4,20875
143,152,1104,4,41,100,0,0,20659
31,39,1104,4,218,16,1,3,42722
136,33,1104,4,25,92,0,3,32066
38,25,1105,4,31,22,4,0,39588
35,34,1105,4,35,20,1,1,75276
34,103,1108,4,37,19,2,3,53169
39,35,1108,4,31,113,1,1,27423
40,31,1108,4,159,23,2,0,24380
125,38,1108,4,29,83,0,1,25594
142,143,1108,4,217,99,2,2,11123
152,41,1108,4,32,112,1,3,30848
25,26,1108,4,25,66,2,2,54402
116,136,1109,4,35,78,3,0,30548
36,137,1109,4,41,21,2,1,59955
33,126,1109,4,40,18,2,0,41605
36,143,1188,4,25,21,1,2,60035
103,116,1188,4,147,,2,1,20359
142,125,1188,4,41,99,0,2,11286
31,26,1188,4,217,16,0,0,40058
152,40,1188,4,28,112,1,1,27316
34,33,1188,4,31,19,1,1,53157
41,25,1191,4,37,114,0,4,56980
35,126,1191,4,216,20,0,0,75297
39,38,1191,4,159,113,1,1,27612
33,36,1114,4,32,18,3,1,41490
38,142,1114,4,216,22,6,3,39026
126,34,1114,4,41,,2,0,24822
125,31,1114,4,25,83,0,4,25310
143,137,1114,4,35,100,2,1,20178
116,41,1114,4,183,78,1,3,31891
40,39,1114,4,37,23,1,0,23921
26,152,1114,4,31,12,1,0,31949
25,103,1115,4,218,66,2,1,54065
136,35,1115,4,29,92,0,3,32072
36,126,1119,4,31,21,2,0,59962
31,116,1119,4,181,16,0,4,39931
41,40,1119,4,35,114,2,2,56983
39,125,1119,4,32,113,1,0,27007
35,143,1119,4,160,20,2,0,75301
152,38,1119,4,218,112,0,0,31496
34,26,1119,4,29,19,2,0,53159
137,33,1120,4,37,93,1,1,21744
103,136,1120,4,41,,2,0,20391
142,25,1121,4,40,99,0,2,11129
38,31,1126,4,28,22,2,0,39595
33,103,1126,4,40,18,3,1,41612
125,152,1126,4,160,83,1,0,25416
126,137,1126,4,32,,1,1,20156
40,142,1126,4,31,23,2,1,24162
116,36,1126,4,41,78,0,2,31474
143,41,1126,4,159,100,1,1,20702
26,39,1127,4,41,12,4,0,31864
25,35,1127,4,32,66,0,0,54176
136,34,1192,4,217,92,3,1,32034
35,142,1132,4,37,20,1,1,75245
136,126,1132,4,218,92,3,1,31971
103,137,1132,4,29,,3,2,20679
39,152,1132,4,159,113,2,0,27644
143,116,1132,4,41,100,3,4,20670
40,125,1132,4,216,23,0,2,24051
34,36,1132,4,160,19,3,1,53146
26,38,1133,4,35,12,3,2,31962
31,25,1133,4,32,16,0,2,41107
41,33,1134,4,25,114,1,2,56984
25,39,1117,4,40,66,0,0,52625
142,41,1136,4,160,99,3,2,11369
38,40,1136,4,183,22,3,0,39592
126,103,1136,4,25,,2,1,19195
152,31,1136,4,218,112,1,0,30742
125,26,1136,4,41,83,0,1,25596
36,136,1136,4,216,21,1,0,59829
116,35,1137,4,218,78,0,0,31425
34,137,1137,4,159,19,2,1,53145
33,143,1138,4,217,18,4,3,41
40,36,1140,4,40,23,3,1,24065
39,33,1140,4,29,113,1,2,27724
38,126,1140,4,181,22,4,0,39248
41,136,1140,4,147,114,2,3,56979
125,143,1140,4,32,83,1,0,25109
31,137,1140,4,160,16,0,0,41518
142,103,1140,4,218,99,2,0,11240
152,35,1141,4,41,112,1,3,32689
26,116,1141,4,25,12,2,1,31697
25,34,1141,4,35,66,1,1,54449
34,38,1143,4,29,19,3,1,52920
33,125,1143,4,159,18,1,2,41489
36,25,1143,4,25,21,2,2,60001
136,39,1143,4,217,92,2,0,31958
35,40,1143,4,218,20,0,0,75397
137,26,1143,4,28,93,0,2,21684
103,152,1143,4,160,,0,0,20354
126,41,1143,4,216,,2,1,20820
143,31,1143,4,30,100,1,0,20805
116,142,1143,4,41,78,0,0,31847
137,39,1145,4,37,93,1,0,19881
143,40,1145,4,181,100,2,0,20090
136,31,1145,4,183,92,2,0,21757
35,38,1145,4,40,20,1,1,75272
36,41,1146,4,32,21,3,0,59961
126,152,1146,4,35,,4,2,20380
103,26,1146,4,41,,1,3,20855
116,125,1146,4,147,78,3,1,29968
34,142,1146,4,217,19,2,2,53292
33,25,1146,4,218,18,2,1,41528
26,143,1148,4,29,12,4,0,31706
152,137,1148,4,32,112,0,0,29547
39,34,1148,4,218,113,1,2,27568
25,126,1148,4,41,66,3,1,54393
41,103,1148,4,37,114,1,0,56973
40,116,1148,4,219,23,0,1,24697
142,33,1148,4,25,99,1,3,11283
31,35,1149,4,159,16,0,3,43779
38,136,1149,4,160,22,4,2,39573
125,36,1150,4,35,83,3,0,25648
26,142,1152,4,35,12,4,0,31943
31,41,1152,4,25,16,2,2,40168
39,126,1152,4,28,113,3,1,27505
125,136,1152,4,218,83,2,2,25
143,103,1152,4,217,100,1,0,20272
38,137,1152,4,31,22,3,1,39328
116,25,1152,4,40,78,0,3,31850
40,34,1153,4,41,23,0,1,25669
35,33,1153,4,160,20,2,0,75272
152,36,1154,4,29,112,1,2,31298
25,40,1156,4,159,66,3,1,53624
36,31,1156,4,147,21,2,0,59500
103,39,1156,4,35,,2,0,20566
142,152,1156,4,183,99,4,0,10890
126,143,1156,4,160,,2,0,20432
41,38,1156,4,147,114,0,0,56971
136,26,1157,4,35,92,1,6,31351
137,35,1157,4,29,93,0,2,21870
33,116,1157,4,217,18,4,2,41168
34,125,1157,4,25,19,1,2,53086
39,41,1163,4,30,113,0,0,27628
116,126,1163,4,218,78,0,0,31120
40,136,1163,4,31,23,0,1,24611
31,142,1163,4,28,16,0,1,38394
125,137,1163,4,160,83,0,2,25013
35,103,1164,4,40,20,1,1,75271
38,33,1164,4,41,22,0,3,39595
152,25,1164,4,37,112,2,2,29763
26,36,1164,4,35,12,2,0,31811
143,34,1165,4,159,100,0,1,20959
41,26,1166,4,29,114,1,0,56992
25,125,1167,4,35,66,5,0,54119
137,40,1167,4,216,93,2,2,20825
142,39,1167,4,181,99,2,2,11046
126,31,1167,4,40,,0,2,22480
136,143,1167,4,147,92,3,0,31628
103,38,1167,4,32,,1,0,20827
34,116,1169,4,160,19,0,0,53159
36,35,1169,4,25,21,2,0,60055
33,152,1170,4,159,18,3,0,41500
38,143,1193,4,37,22,1,0,38550
40,33,1193,4,35,23,0,1,25367
25,136,1171,4,160,66,2,1,54407
142,137,1171,4,30,99,2,1,11388
152,116,1171,4,29,112,1,2,28203
31,103,1171,4,25,16,0,2,38781
39,36,1171,4,218,113,1,4,27535
125,126,1172,4,32,83,4,0,25176
41,34,1172,4,40,114,0,4,56985
26,35,1172,4,41,12,2,1,31848
35,125,1168,4,29,20,2,0,75254
36,38,1168,4,35,21,3,1,59976
33,31,1168,4,40,18,5,1,41618
103,40,1168,4,218,,2,1,20889
34,152,1168,4,32,19,3,0,53191
143,25,1168,4,41,100,0,5,20829
126,26,1168,4,25,,1,7,23804
136,142,1168,4,217,92,1,1,32000
137,41,1168,4,160,93,1,2,21634
116,39,1168,4,30,78,0,1,31286
45,56,1046,5,,,6,0,75000
58,55,1047,5,,36,1,0,47000
105,57,1047,5,,104,0,2,26172
51,145,1047,5,,103,1,1,50107
48,144,1047,5,,,2,0,50000
53,52,1047,5,,31,2,1,81360
47,61,1047,5,,29,2,1,52183
106,49,1048,5,,68,2,1,41648
46,153,1048,5,,,2,2,24188
55,45,1049,5,,,0,2,62271
144,58,1050,5,,101,1,0,17000
57,48,1050,5,,35,0,0,29067
145,106,1050,5,,102,0,2,14100
49,47,1050,5,,95,3,1,24000
61,51,1050,5,,39,3,1,30210
153,53,1050,5,,115,1,0,42558
56,105,1051,5,,34,1,2,39430
52,46,1051,5,,,4,4,27408
48,49,1052,5,,,3,0,47200
51,153,1053,5,,103,0,4,52998
46,57,1053,5,,,0,0,23295
45,145,1053,5,,,3,1,75000
53,144,1053,5,,31,6,0,81360
58,61,1053,5,,36,2,1,43000
47,56,1053,5,,29,4,1,54014
105,52,1054,5,,104,1,3,26115
106,55,1054,5,,68,2,0,49251
144,46,1056,5,,101,1,1,15800
145,58,1056,5,,102,0,2,14259
49,51,1056,5,,95,1,0,24000
57,53,1056,5,,35,1,5,30000
45,106,1057,5,,,3,0,75000
56,52,1057,5,,34,1,2,37108
61,105,1057,5,,39,0,0,24097
153,47,1057,5,,115,1,1,42558
55,48,1057,5,,,1,3,60876
53,49,1059,5,,31,3,1,80800
51,45,1060,5,,103,0,1,57000
52,61,1060,5,,,2,3,25274
58,106,1060,5,,36,3,3,45000
47,145,1060,5,,29,2,0,50112
105,144,1060,5,,104,1,0,28113
56,57,1060,5,,34,2,1,40153
46,55,1061,5,,,2,1,29288
48,153,1061,5,,,1,1,48500
153,105,1063,5,,115,2,1,35721
145,46,1064,5,,102,1,2,13844
45,48,1064,5,,,1,1,75000
49,58,1064,5,,95,1,0,24000
106,51,1064,5,,68,2,0,57656
144,56,1064,5,,101,2,2,17000
61,53,1064,5,,39,2,0,30210
57,52,1065,5,,35,0,0,25876
55,47,1065,5,,,4,0,62271
53,106,1066,5,,31,1,1,80800
58,45,1067,5,,36,2,2,49500
47,51,1067,5,,29,0,0,53636
105,55,1067,5,,104,1,1,30660
46,49,1067,5,,,2,1,28540
48,145,1067,5,,,2,1,49200
56,61,1067,5,,34,2,1,42100
52,144,1068,5,,,2,1,29987
57,153,1068,5,,35,0,1,30000
51,58,1070,5,,103,0,3,52258
144,57,1071,5,,101,3,1,15300
49,105,1071,5,,95,2,1,24000
145,53,1071,5,,102,3,3,15200
61,46,1071,5,,39,0,3,28716
106,48,1071,5,,68,2,1,60576
45,47,1071,5,,,2,0,75000
153,56,1072,5,,115,3,1,42558
55,52,1072,5,,,3,0,59357
47,58,1073,5,,29,0,0,54014
52,145,1074,5,,,2,0,24197
57,61,1074,5,,35,1,2,26398
144,153,1074,5,,101,0,2,16400
56,49,1074,5,,34,1,3,41500
105,45,1074,5,,104,1,3,30660
53,55,1074,5,,31,0,0,80179
46,106,1075,5,,,1,0,28015
48,51,1075,5,,,3,0,50000
106,47,1077,5,,68,3,0,51934
45,46,1078,5,,,1,1,75000
145,105,1078,5,,102,0,2,15200
51,53,1078,5,,103,2,5,57000
49,57,1078,5,,95,0,3,23500
61,144,1078,5,,39,3,2,28941
58,48,1078,5,,36,1,0,51500
153,52,1079,5,,115,3,1,42558
55,56,1079,5,,,3,1,62271
61,153,1080,5,,39,2,3,27752
57,55,1081,5,,35,0,1,30000
52,49,1081,5,,,4,2,26573
105,106,1081,5,,104,0,0,27007
47,48,1081,5,,29,1,2,53757
144,145,1081,5,,101,0,1,15000
53,45,1081,5,,31,1,0,81360
46,51,1082,5,,,2,2,29512
56,58,1082,5,,34,1,2,39261
49,153,1084,5,,95,1,4,24000
58,53,1085,5,,36,2,1,51500
51,56,1085,5,,103,2,2,55237
48,105,1085,5,,,0,0,50000
145,57,1085,5,,102,1,1,13521
47,46,1085,5,,29,1,1,51086
45,61,1085,5,,,2,1,75000
55,144,1086,5,,,3,1,58703
106,52,1086,5,,68,2,1,37852
52,45,1194,5,,,1,3,34000
61,49,1088,5,,39,1,1,27111
56,145,1088,5,,34,2,1,38438
46,48,1088,5,,,4,0,29740
57,106,1088,5,,35,2,3,25317
53,47,1088,5,,31,4,1,81360
153,55,1088,5,,115,2,1,42558
144,51,1089,5,,101,0,2,17400
105,58,1089,5,,104,1,1,26549
58,46,1091,5,58,36,0,0,47000
51,105,1092,5,150,103,1,0,45793
45,57,1092,5,184,,5,0,75000
48,53,1092,5,54,,1,1,50000
145,153,1092,5,51,102,1,0,15200
49,144,1092,5,48,95,1,0,24000
106,56,1092,5,220,68,0,1,51337
47,52,1093,5,62,29,1,0,48037
55,61,1093,5,47,,0,1,60821
46,53,1095,5,199,,2,2,30150
56,48,1096,5,48,34,1,1,42100
52,51,1096,5,47,,3,1,30179
55,49,1096,5,49,,1,1,60445
153,106,1096,5,52,115,2,0,42558
105,47,1096,5,149,104,1,0,28653
57,58,1096,5,221,35,1,0,26967
144,45,1097,5,153,101,0,1,17400
61,145,1097,5,222,39,1,2,25075
51,55,1195,5,223,103,2,1,49789
58,52,1195,5,151,36,3,0,48500
47,57,1195,5,224,29,1,2,47067
53,105,1195,5,152,31,1,1,81360
48,61,1196,5,49,,1,1,50000
145,49,1196,5,184,102,1,2,13904
46,56,1196,5,225,,1,1,29076
106,144,1196,5,62,68,2,0,31912
45,153,1196,5,54,,3,0,75000
49,45,1107,5,49,95,1,2,24000
55,145,1108,5,220,,1,0,58004
56,53,1108,5,150,34,1,2,42100
57,51,1108,5,54,35,1,0,30000
144,47,1108,5,52,101,0,0,17400
105,46,1108,5,51,104,0,2,24515
153,58,1108,5,47,115,3,0,42558
61,106,1109,5,149,39,3,1,26904
52,48,1109,5,221,,0,0,29314
55,58,1110,5,62,,0,1,60885
153,46,1111,5,48,115,2,1,39633
145,51,1111,5,51,102,3,1,14549
56,45,1111,5,184,34,1,2,42100
57,105,1111,5,153,35,1,2,24811
144,48,1111,5,224,101,1,6,17400
61,47,1111,5,47,39,2,3,28869
49,106,1112,5,151,95,2,1,23800
52,53,1112,5,54,,1,1,34000
51,61,1197,5,223,103,1,0,45653
48,57,1114,5,200,,1,0,49400
45,55,1114,5,52,,1,1,75000
47,49,1114,5,221,29,3,0,47194
106,145,1114,5,222,68,1,0,33425
46,52,1114,5,152,,4,0,26078
53,153,1114,5,149,31,1,0,81360
105,56,1115,5,58,104,3,2,26812
58,144,1115,5,49,36,2,0,51000
52,105,1118,5,49,,2,0,23371
153,51,1119,5,184,115,0,3,42558
144,53,1119,5,48,101,2,1,17400
56,47,1119,5,199,34,0,1,42100
145,45,1119,5,54,102,0,2,15200
61,58,1119,5,225,39,3,0,28882
55,106,1119,5,51,,2,0,61981
57,46,1120,5,150,35,2,1,23148
49,48,1120,5,62,95,2,1,24000
105,61,1122,5,220,104,1,3,25010
52,56,1123,5,47,,0,2,27281
58,145,1123,5,152,36,0,2,46300
46,144,1123,5,221,,2,0,29013
106,45,1123,5,200,68,1,1,74667
53,57,1123,5,151,31,3,0,56906
51,49,1123,5,58,103,2,2,49405
47,153,1124,5,54,29,1,2,51535
48,55,1124,5,149,,1,1,50000
57,56,1125,5,48,35,1,2,30000
153,48,1126,5,52,115,3,1,39335
45,51,1126,5,153,,8,0,75000
49,53,1126,5,150,95,0,3,24000
61,52,1126,5,199,39,0,2,27086
144,105,1126,5,223,101,1,2,16200
106,58,1126,5,184,68,2,0,43323
145,47,1127,5,58,102,0,2,15200
55,46,1127,5,47,,1,1,58839
105,153,1131,5,200,104,2,2,28314
53,61,1132,5,58,31,6,2,80100
48,45,1132,5,223,,0,3,50000
46,145,1132,5,153,,5,2,23028
52,57,1132,5,225,,1,1,27238
56,144,1132,5,152,34,2,0,42100
47,55,1132,5,49,29,4,2,54014
58,49,1133,5,151,36,1,2,51500
51,106,1133,5,221,103,1,0,44445
61,56,1135,5,149,39,1,1,30210
106,53,1136,5,62,68,2,1,74667
45,58,1136,5,51,,3,0,75000
49,46,1136,5,48,95,1,1,24000
144,52,1136,5,222,101,2,1,17400
153,57,1136,5,199,115,0,1,42558
145,48,1136,5,54,102,2,2,15200
55,105,1137,5,224,,3,0,59481
51,47,1137,5,47,103,2,1,52501
53,145,1139,5,150,31,1,0,81360
48,106,1140,5,52,,4,2,49500
57,144,1140,5,221,35,1,0,28104
105,49,1140,5,184,104,1,1,28843
46,61,1140,5,49,,1,0,30150
56,153,1140,5,58,34,3,0,41384
58,51,1140,5,225,36,0,0,51500
52,55,1141,5,48,,0,1,30847
47,45,1141,5,149,29,0,1,54014
106,46,1142,5,199,68,1,3,42401
55,53,1143,5,54,,1,1,62271
49,56,1143,5,48,95,2,5,24000
45,105,1143,5,58,,6,0,75000
153,144,1143,5,153,115,4,0,39394
51,48,1143,5,150,103,2,1,57000
58,47,1143,5,220,36,0,0,51500
145,52,1144,5,200,102,2,1,14000
61,57,1144,5,47,39,3,3,28675
46,45,1145,5,184,,1,0,30150
53,51,1145,5,51,31,3,0,81360
56,55,1145,5,62,34,3,0,42100
48,58,1145,5,48,,1,0,49300
144,61,1146,5,199,101,0,2,15500
105,145,1146,5,52,104,2,3,29528
47,106,1146,5,151,29,1,0,44347
52,153,1146,5,149,,2,3,26379
57,49,1146,5,152,35,0,1,24179
58,56,1147,5,153,36,2,2,51000
51,46,1148,5,54,103,2,1,53565
49,52,1148,5,220,95,1,0,24000
48,47,1148,5,221,,2,3,50000
55,57,1148,5,199,,4,1,61298
153,61,1148,5,226,115,1,0,42558
45,53,1148,5,52,,4,1,75000
106,105,1149,5,149,68,2,0,43451
145,144,1149,5,49,102,3,2,14081
53,58,1152,5,62,31,3,1,81360
153,49,1152,5,49,115,4,0,41446
52,106,1152,5,47,,1,0,30579
105,48,1152,5,152,104,2,1,30660
57,145,1152,5,149,35,3,0,26374
46,47,1152,5,58,,5,3,30150
61,45,1152,5,150,39,0,0,30
56,51,1153,5,221,34,2,1,42100
144,55,1153,5,200,101,2,1,17400
48,46,1155,5,52,,1,1,49600
51,144,1156,5,184,103,1,2,56132
58,105,1156,5,54,36,3,1,50000
106,57,1156,5,153,68,1,0,42521
145,56,1156,5,51,102,2,4,15200
45,52,1156,5,222,,2,2,75000
47,53,1156,5,48,29,2,3,54014
49,61,1157,5,221,95,2,1,24000
55,153,1157,5,151,,1,1,60916
61,55,1162,5,52,39,1,4,30210
56,106,1163,5,200,34,2,0,42100
53,48,1163,5,149,31,0,0,81360
52,47,1163,5,184,,1,2,34000
144,49,1163,5,225,101,3,0,17400
153,145,1163,5,150,115,0,0,41053
57,45,1163,5,54,35,0,6,30000
105,51,1164,5,49,104,4,0,30660
46,58,1164,5,151,,1,0,30150
48,56,1166,5,48,,4,3,50000
145,61,1167,5,220,102,1,1,14351
53,46,1167,5,221,31,2,1,81360
45,144,1167,5,152,,1,0,75000
58,57,1167,5,49,36,0,2,49000
47,105,1167,5,153,29,1,1,52362
106,153,1167,5,62,68,1,4,62301
51,52,1169,5,150,103,0,0,53915
49,55,1169,5,226,95,2,0,24000
153,45,1171,5,149,115,4,5,42558
105,53,1171,5,184,104,1,1,30660
61,48,1171,5,151,39,2,2,30210
56,46,1171,5,150,34,3,5,41000
55,51,1171,5,51,,1,1,62271
49,145,1171,5,153,95,1,1,24000
52,58,1171,5,52,,4,2,34000
57,47,1171,5,58,35,1,1,28721
144,106,1171,5,199,101,0,2,17400
66,129,1061,2,,42,2,1,25121
145,55,1174,5,222,102,1,1,15200
45,49,1174,5,223,,4,1,75000
51,57,1174,5,49,103,2,1,57000
48,52,1174,5,62,,2,0,50000
58,153,1174,5,221,36,2,2,51000
53,56,1174,5,151,31,4,3,80000
46,105,1174,5,52,,0,0,30150
106,61,1174,5,47,68,2,6,55617
47,144,1174,5,48,29,2,2,54014
121,68,1198,2,,,0,1,13122
81,130,1198,2,,,2,2,8019
79,76,1175,2,,116,3,2,34212
139,21,1175,2,,117,3,2,17174
108,129,1175,2,,70,0,1,9236
80,74,1175,2,,49,3,2,16920
72,146,1175,2,,44,1,0,10389
75,65,1176,2,,46,0,3,18885
67,69,1176,2,,,1,0,19075
66,71,1176,2,,42,0,0,37364
65,80,1042,2,,,2,0,41171
129,81,1043,2,,85,0,1,25908
69,75,1043,2,,108,2,0,20705
71,79,1043,2,,107,4,1,19258
21,108,1043,2,,,1,0,29000
146,67,1043,2,,,0,1,10142
74,121,1043,2,,,0,3,11000
130,66,1044,2,,86,2,1,16056
76,72,1044,2,,105,3,1,23661
68,139,1044,2,,43,3,0,46011
66,74,1046,2,,42,2,0,26193
108,65,1047,2,,70,4,2,10369
75,130,1047,2,,46,0,2,15587
67,21,1047,2,,,1,1,16355
139,146,1047,2,,117,2,0,14805
72,69,1047,2,,44,1,1,9163
80,121,1047,2,,49,2,0,15695
79,129,1048,2,,116,1,0,23207
76,71,1048,2,,105,0,0,23786
81,68,1048,2,,,3,1,15219
68,76,1049,2,,43,1,1,44327
65,79,1050,2,,,1,3,40976
146,108,1050,2,,,3,1,44327
130,72,1050,2,,86,1,1,12630
21,81,1050,2,,,1,4,29373
74,75,1050,2,,,0,2,11000
121,71,1050,2,,,2,1,9966
129,139,1051,2,,85,0,3,19438
69,80,1051,2,,108,2,0,20584
67,66,1051,2,,,3,2,31194
80,68,1052,2,,49,0,6,740
81,69,1053,2,,,3,0,6000
79,146,1053,2,,116,0,1,18129
108,139,1053,2,,70,0,0,8336
75,129,1053,2,,46,1,1,17034
71,130,1053,2,,107,2,1,12109
74,21,1053,2,,,1,0,8926
72,67,1054,2,,44,1,1,12272
76,121,1054,2,,105,1,0,22245
66,65,1054,2,,42,0,0,32564
21,71,1056,2,,,1,2,23323
68,108,1056,2,,43,3,0,42484
146,80,1057,2,,,2,1,10504
139,79,1057,2,,117,0,3,15711
121,75,1057,2,,,0,0,9139
130,74,1057,2,,86,1,0,13175
65,72,1057,2,,,5,1,32193
67,81,1057,2,,,4,0,21867
129,76,1057,2,,85,0,0,24000
69,66,1057,2,,108,3,2,21583
71,68,1059,2,,107,2,0,28682
74,65,1060,2,,,1,0,10628
72,139,1060,2,,44,0,1,9752
81,146,1060,2,,,2,1,6019
108,69,1060,2,,70,3,0,8148
121,130,1060,2,,,1,0,9387
79,80,1060,2,,116,0,0,17476
76,21,1061,2,,105,3,1,24700
75,67,1061,2,,46,0,1,17580
69,130,1063,2,,108,1,0,26118
68,79,1064,2,,43,2,0,44949
129,121,1064,2,,85,1,0,20129
80,71,1064,2,,49,1,0,16354
21,75,1064,2,,,1,0,25719
108,72,1064,2,,70,3,3,8428
139,81,1064,2,,117,0,7,19163
146,66,1065,2,,,1,1,14637
67,74,1065,2,,,2,1,17816
65,76,1065,2,,,2,0,40000
71,81,1066,2,,107,3,1,17602
67,65,1066,2,,,2,0,28139
75,68,1067,2,,46,1,2,19524
72,80,1067,2,,44,3,2,14456
121,146,1067,2,,,1,2,9303
130,21,1067,2,,86,1,0,12636
74,129,1067,2,,,1,2,12458
69,79,1068,2,,108,1,1,22962
76,108,1068,2,,105,1,1,25528
66,139,1068,2,,42,1,0,28588
81,72,1070,2,,,6,2,7619
65,130,1071,2,,,1,3,39184
146,71,1071,2,,,0,0,11777
108,74,1071,2,,70,1,0,8558
21,121,1071,2,,,2,1,29000
129,69,1071,2,,85,1,2,29015
79,75,1071,2,,116,1,1,20853
80,76,1072,2,,49,0,2,18509
139,67,1072,2,,117,2,4,17994
68,66,1072,2,,43,0,0,47929
21,68,1073,2,,,0,1,37213
71,65,1074,2,,107,1,2,24141
75,80,1074,2,,46,2,0,16896
74,72,1074,2,,,2,2,9872
130,146,1074,2,,86,1,0,15277
121,108,1074,2,,,0,0,10048
76,81,1074,2,,105,1,1,35890
67,129,1075,2,,,4,1,24418
69,139,1075,2,,108,1,0,20874
66,79,1075,2,,42,0,0,57091
72,66,1077,2,,44,3,1,18451
81,75,1078,2,,,6,0,5539
129,71,1078,2,,85,1,1,21138
79,74,1078,2,,116,2,1,16332
146,21,1078,2,,,1,0,9750
108,130,1078,2,,70,3,3,7954
65,121,1078,2,,,2,1,33886
80,67,1079,2,,49,1,0,16072
139,76,1079,2,,117,0,0,16204
68,69,1079,2,,43,4,0,42002
74,81,1080,2,,,0,3,9574
21,65,1080,2,,,0,1,28660
68,129,1081,2,,43,2,0,44258
121,72,1081,2,,,1,1,10189
69,146,1081,2,,108,1,1,23142
71,139,1081,2,,107,1,2,17746
75,108,1081,2,,46,1,0,16341
130,79,1082,2,,86,1,1,15381
66,80,1082,2,,42,1,0,36008
76,67,1082,2,,105,0,1,30004
69,71,1084,2,,108,1,0,17016
81,66,1085,2,,,4,0,14089
79,108,1085,2,,116,3,2,16354
80,130,1085,2,,49,1,1,14902
72,75,1085,2,,44,0,0,9463
129,21,1085,2,,85,0,0,18125
139,74,1085,2,,117,3,3,12657
146,76,1086,2,,,1,2,13293
67,121,1086,2,,,1,1,20856
65,68,1086,2,,,1,2,55107
21,80,1199,2,,,4,2,23216
74,69,1199,2,,,2,1,10082
108,81,1199,2,,70,1,1,10263
121,79,1200,2,,,1,1,11421
130,67,1200,2,,86,0,1,14680
75,139,1200,2,,46,4,0,19085
129,65,1200,2,,85,0,6,18964
76,66,1200,2,,105,0,0,25331
71,72,1200,2,,107,1,0,13753
68,146,1200,2,,43,2,0,40597
80,108,1194,2,,49,3,3,13243
72,68,1088,2,,44,3,0,17132
81,121,1088,2,,,5,0,7019
79,21,1088,2,,116,0,1,
139,65,1088,2,20,117,0,3,19250
146,74,1088,2,,,2,2,9142
130,129,1088,2,,86,2,0,12643
69,76,1089,2,,108,2,0,19618
66,75,1089,2,,42,3,0,27854
67,71,1089,2,,,3,0,16835
108,66,1092,2,227,70,1,2,10542
79,81,1092,2,136,116,0,4,38803
121,139,1092,2,71,,2,0,9882
75,146,1092,2,137,46,2,0,17205
21,72,1092,2,81,,2,1,27391
71,74,1092,2,228,107,3,2,14288
65,69,1093,2,229,,1,0,33901
76,130,1093,2,79,105,1,0,23862
68,67,1093,2,74,43,2,2,47665
129,80,1201,2,227,85,1,0,17818
146,129,1095,2,161,,0,2,12859
130,68,1096,2,77,86,2,1,18033
72,79,1096,2,230,44,4,0,9841
69,121,1096,2,74,108,1,2,22637
74,76,1096,2,155,,2,1,11581
71,75,1096,2,231,107,1,1,15061
80,139,1097,2,232,49,3,0,
67,108,1097,2,229,,2,1,29229
66,21,1097,2,136,42,2,0,
81,65,1097,2,20,,1,3,13129
68,74,1196,2,233,43,5,0,44844
65,146,1196,2,74,,2,0,32098
121,66,1196,2,229,,1,2,12558
81,80,1196,2,231,,2,1,4319
21,69,1196,2,227,,1,1,26181
79,67,1196,2,155,116,0,0,27614
108,71,1196,2,230,70,2,0,8634
139,130,1196,2,137,117,2,2,14091
129,72,1196,2,228,85,1,0,22108
76,75,1196,2,234,105,0,0,26621
21,76,1202,2,155,,1,1,36879
69,68,1104,2,136,108,0,1,29054
74,130,1104,2,137,,3,1,12463
71,129,1104,2,20,107,0,1,11023
146,79,1104,2,233,,1,1,10056
75,121,1104,2,228,46,1,0,15423
72,108,1104,2,235,44,1,1,14539
67,139,1105,2,231,,0,0,21502
80,65,1105,2,230,49,3,2,18935
66,81,1105,2,74,42,1,4,43814
121,67,1107,2,74,,1,1,9757
129,68,1108,2,233,85,0,2,32858
79,71,1108,2,232,116,1,0,17323
139,72,1108,2,234,117,2,0,11550
108,21,1108,2,227,70,0,0,7828
130,69,1108,2,81,86,1,1,16028
81,74,1109,2,161,,4,0,5549
76,146,1109,2,136,105,2,1,20456
65,66,1109,2,20,,3,1,48147
80,75,1203,2,70,49,1,0,14760
66,72,1110,2,81,42,5,1,28527
65,21,1111,2,233,,1,2,35479
74,108,1111,2,234,,2,3,9762
69,129,1111,2,155,108,1,1,23664
121,80,1111,2,161,,1,1,9350
75,79,1111,2,235,46,0,2,16589
146,139,1111,2,228,,2,1,10540
67,130,1112,2,227,,3,1,20063
71,76,1112,2,231,107,0,3,12950
68,81,1112,2,230,43,1,1,47238
139,66,1197,2,155,117,1,0,21011
81,67,1114,2,136,,3,0,16049
21,74,1114,2,227,,0,1,38153
130,80,1114,2,233,86,0,1,14428
72,121,1114,2,234,44,2,1,8960
108,68,1114,2,161,70,1,3,13416
79,69,1114,2,137,116,1,1,16588
71,146,1115,2,70,107,4,0,
129,75,1115,2,74,85,0,2,
76,65,1115,2,81,105,2,0,37029
72,81,1204,2,155,44,1,2,12433
80,79,1204,2,136,49,0,4,15542
68,21,1204,2,232,43,2,1,42885
65,75,1205,2,231,,4,0,28349
146,69,1205,2,74,,0,0,10897
139,108,1205,2,137,117,2,1,11971
121,129,1205,2,20,,2,2,11539
67,76,1205,2,161,,1,0,18225
74,71,1205,2,228,,1,1,13230
66,130,1205,2,229,42,2,0,28560
79,68,1118,2,70,116,0,3,37823
130,65,1119,2,230,86,2,1,
108,80,1119,2,235,70,2,0,9614
71,121,1119,2,227,107,4,1,11218
21,146,1119,2,231,,1,2,25731
81,139,1119,2,234,,5,0,6069
75,72,1119,2,137,46,0,3,17611
69,67,1120,2,233,108,2,2,25665
76,74,1120,2,229,105,4,0,25498
129,66,1120,2,232,85,3,2,32471
121,81,1122,2,74,,1,1,10059
66,69,1123,2,230,42,2,0,45395
146,75,1123,2,234,,1,0,10569
74,67,1123,2,81,,0,1,10537
80,21,1123,2,228,49,0,1,15897
139,129,1123,2,231,117,1,1,13023
79,130,1124,2,233,116,3,0,18724
65,108,1124,2,229,,4,2,35197
72,76,1124,2,232,44,2,1,12435
68,71,1124,2,155,43,0,0,45492
129,108,1125,2,81,85,3,1,19915
67,72,1125,2,230,,2,1,18998
130,81,1126,2,161,86,1,2,15912
146,121,1126,2,228,,3,0,11000
75,71,1126,2,229,46,0,0,16323
21,79,1126,2,137,,2,3,28772
69,74,1126,2,70,108,1,0,25791
76,80,1127,2,20,105,0,1,26196
65,139,1127,2,232,,5,0,32488
66,68,1127,2,136,42,1,5,65252
79,65,1131,2,230,116,1,1,31511
68,75,1132,2,80,43,1,0,47032
121,76,1132,2,70,,0,0,10174
72,130,1132,2,235,44,1,1,9182
80,146,1132,2,81,49,2,3,16564
108,67,1132,2,231,70,0,1,10209
139,69,1132,2,229,117,1,1,16153
74,66,1133,2,74,,1,4,13757
71,21,1133,2,233,107,1,1,12621
81,129,1133,2,155,,4,0,7649
67,80,1135,2,232,,2,2,23640
66,146,1135,2,230,42,3,0,33954
81,79,1136,2,20,,2,1,11009
75,21,1136,2,161,46,1,2,17500
69,108,1136,2,234,108,1,1,19067
130,121,1136,2,80,86,5,0,14419
72,129,1136,2,228,44,2,3,10722
76,139,1137,2,227,105,2,2,24184
65,71,1137,2,136,,4,0,34463
74,68,1137,2,81,,1,2,13643
139,121,1139,2,233,117,1,0,17006
21,66,1139,2,155,,0,0,40485
129,67,1140,2,229,85,1,1,25854
75,74,1140,2,230,46,2,3,16549
71,69,1140,2,137,107,0,0,15635
146,130,1140,2,235,,3,0,13490
79,72,1140,2,231,116,5,1,19341
80,81,1141,2,80,49,0,3,19399
108,76,1141,2,136,70,0,1,12960
68,65,1141,2,74,43,2,1,47253
130,75,1142,2,227,86,1,0,14279
66,108,1143,2,233,42,1,1,36116
121,21,1143,2,229,,0,1,9908
69,65,1144,2,80,108,1,1,23673
74,80,1144,2,228,,1,0,14149
129,146,1144,2,234,85,2,1,28192
72,71,1144,2,81,44,0,1,
81,76,1144,2,74,,2,0,14299
139,68,1144,2,233,117,2,3,20693
67,79,1144,2,136,,2,1,19669
21,67,1147,2,161,,1,2,32107
146,81,1148,2,231,,0,1,
65,74,1148,2,70,,1,4,35595
80,72,1148,2,230,49,0,2,17286
79,139,1148,2,137,116,3,0,19835
108,121,1148,2,232,70,1,2,11712
75,69,1148,2,235,46,3,0,18009
71,66,1149,2,155,107,0,0,29430
76,129,1149,2,74,105,1,1,30134
68,130,1149,2,20,43,4,0,45944
146,68,1151,2,81,,0,2,15909
139,80,1152,2,231,117,2,2,16038
67,75,1152,2,155,,3,1,22518
129,79,1152,2,232,85,0,1,26373
81,108,1152,2,227,,2,1,9069
72,74,1152,2,234,44,2,0,9294
130,71,1152,2,80,86,2,1,15871
66,76,1152,2,229,42,4,0,54100
69,21,1152,2,228,108,2,0,24056
121,65,1153,2,,,0,0,
75,66,1155,2,70,46,0,0,20087
68,72,1156,2,155,43,2,0,45778
108,146,1156,2,137,70,3,2,10418
79,121,1156,2,81,116,2,0,25487
21,130,1156,2,74,,3,0,28848
80,129,1156,2,235,49,0,2,16000
74,139,1156,2,80,,5,1,14114
71,67,1157,2,230,107,1,1,15232
76,69,1157,2,20,105,1,1,
65,81,1157,2,136,,1,2,44411
146,65,1162,2,80,,1,2,14699
81,71,1163,2,155,,3,1,9169
121,69,1163,2,227,,1,0,
130,76,1163,2,234,86,0,2,15058
72,21,1163,2,136,44,0,3,10139
139,75,1163,2,232,117,2,1,20009
129,74,1163,2,233,85,1,0,22090
80,66,1164,2,161,49,1,5,20054
108,79,1164,2,231,70,0,0,12596
67,68,1164,2,20,,3,1,33190
76,79,1166,2,230,105,2,2,30606
68,121,1167,2,232,43,5,0,45826
21,139,1167,2,234,,0,2,28336
130,108,1167,2,81,86,4,0,13055
75,81,1167,2,20,46,0,3,19519
71,80,1167,2,228,107,0,1,18474
74,146,1167,2,74,,1,1,15563
69,72,1169,2,137,108,1,0,18308
65,129,1169,2,155,,3,2,34473
66,67,1169,2,80,42,2,1,61685
76,68,1172,2,161,105,0,5,34352
80,69,1172,2,229,49,0,1,16273
79,66,1172,2,74,116,1,1,41265
139,71,1172,2,79,117,1,1,16282
129,130,1172,2,228,85,4,1,20417
72,65,1172,2,232,44,1,3,13923
121,74,1172,2,20,,2,0,9908
81,21,1172,2,136,,4,0,13152
108,75,1172,2,80,70,2,0,13212
67,146,1172,2,155,,0,2,32446
68,80,1174,2,233,43,1,1,45516
130,139,1174,2,20,86,1,0,16200
71,108,1174,2,81,107,0,0,19768
69,81,1174,2,71,108,2,3,26565
146,72,1174,2,64,,2,0,11864
74,79,1174,2,80,,1,1,15884
66,121,1174,2,230,42,1,0,55178
21,129,1174,2,137,,3,0,28390
75,76,1174,2,229,46,3,1,17054
65,67,1174,2,227,,3,3,50080
22,82,1043,3,,109,4,0,30000
24,89,1043,3,,118,2,1,40184
85,123,1044,3,,,3,2,25000
84,23,1044,3,,53,2,0,14000
90,154,1044,3,,57,1,0,18400
95,91,1044,3,,,3,1,19800
140,87,1044,3,,96,0,1,10000
111,97,1044,3,,73,3,4,12000
122,98,1044,3,,,2,2,20000
88,133,1044,3,,55,0,1,12000
97,24,1047,3,,109,0,1,31340
98,85,1047,3,,62,4,2,27231
23,88,1048,3,,,1,1,40527
133,122,1048,3,,,0,3,
123,90,1048,3,,,5,1,16000
87,111,1048,3,,,2,1,20000
82,140,1048,3,,119,2,0,8000
89,84,1048,3,,56,1,0,30000
154,95,1048,3,,,1,3,821
91,22,1048,3,,58,2,2,15416
24,133,1050,3,,118,3,1,39519
88,98,1050,3,,55,0,3,10961
90,91,1051,3,,57,2,1,17903
22,87,1051,3,,109,3,2,27630
85,82,1051,3,,,0,1,28303
111,123,1051,3,,73,2,1,13000
84,97,1051,3,,53,1,1,11000
95,89,1051,3,115,,1,0,20651
122,23,1051,3,,,1,2,21345
140,154,1178,3,,96,2,1,7678
87,85,1052,3,,,0,1,20000
97,122,1053,3,,109,3,0,10000
98,90,1053,3,,62,3,1,21083
82,84,1054,3,,119,1,2,15000
154,88,1054,3,,,1,1,1000
133,95,1054,3,,89,2,0,11000
91,111,1054,3,,58,3,0,15000
123,140,1054,3,,,0,0,18000
23,24,1054,3,,,2,1,76483
89,22,1054,3,,56,1,0,27359
85,97,1056,3,,,2,0,26464
90,87,1057,3,,57,2,0,16998
24,91,1057,3,,118,4,0,38949
82,89,1057,3,,119,2,2,15000
84,133,1057,3,,53,2,1,12000
22,154,1057,3,,109,4,0,32000
140,23,1057,3,,96,0,2,10554
111,88,1057,3,,73,0,1,14094
122,123,1057,3,,,0,0,16000
88,24,1060,3,,55,0,1,27039
98,84,1060,3,,62,2,0,
123,22,1061,3,,,3,1,15100
23,90,1061,3,,,1,1,42274
97,140,1061,3,,109,2,0,20000
133,82,1061,3,,89,1,0,11000
95,122,1061,3,,,1,1,22000
89,85,1061,3,,56,0,0,29786
154,111,1062,3,,,1,3,600
91,87,1062,3,,58,2,1,14000
122,84,1064,3,,,0,2,13500
82,97,1064,3,,119,0,3,14435
140,24,1065,3,,96,0,3,15424
90,95,1065,3,,57,0,1,18804
111,98,1065,3,,73,1,0,15732
91,154,1065,3,,58,2,1,17340
87,88,1065,3,,,1,1,17093
85,133,1065,3,,,4,3,31738
123,89,1065,3,,,2,1,21000
22,23,1065,3,,109,2,1,36340
98,22,1067,3,,62,1,3,45000
122,87,1067,3,,,1,1,16000
24,82,1067,3,,118,2,1,39590
89,111,1068,3,,56,0,0,27529
95,140,1068,3,,,0,0,19400
23,91,1068,3,,,1,2,43757
97,90,1068,3,,109,1,1,15000
133,154,1068,3,,89,2,1,8000
84,85,1068,3,,53,1,3,14564
88,123,1069,3,,55,1,4,15961
87,95,1071,3,,,2,1,29824
85,24,1071,3,,,1,0,75829
82,122,1072,3,,119,3,1,14317
111,23,1072,3,,73,2,1,18159
91,89,1072,3,,58,3,5,16000
123,97,1072,3,,,2,2,20000
140,84,1072,3,,96,0,0,7105
154,98,1072,3,,,1,2,8329
90,133,1072,3,,57,1,1,20201
22,88,1072,3,,109,4,1,25820
95,85,1206,3,,,3,0,21200
84,90,1207,3,,53,1,1,8000
133,22,1207,3,,89,1,3,14000
23,123,1207,3,,,2,1,36446
98,140,1207,3,,62,2,0,12000
89,154,1207,3,,56,1,1,22983
97,91,1207,3,,109,4,1,2500
24,87,1207,3,,118,4,1,38417
122,111,1207,3,,,0,1,13000
88,82,1208,3,,55,1,3,9360
90,89,1074,3,,57,0,1,20780
24,98,1074,3,,118,2,1,41409
111,95,1075,3,,73,3,0,16245
140,22,1075,3,,96,0,0,11671
97,133,1075,3,,109,2,1,12000
154,84,1075,3,,,2,0,7300
85,122,1075,3,,,1,0,36535
87,23,1075,3,,,1,0,20906
82,123,1076,3,,119,2,2,15000
91,88,1076,3,,58,2,1,14000
123,91,1078,3,,,5,1,18000
98,97,1078,3,,62,1,1,30000
122,140,1079,3,,,0,4,13000
95,82,1079,3,,,1,1,19015
88,85,1079,3,,55,1,2,13545
84,24,1079,3,,53,1,2,28000
133,111,1079,3,,89,0,3,9000
89,87,1079,3,,56,1,1,23559
23,154,1079,3,,,3,0,40626
22,90,1079,3,,109,3,0,24600
84,91,1081,3,,53,1,0,11000
82,98,1081,3,,119,1,2,18501
24,122,1081,3,,118,3,0,40347
87,133,1082,3,,,3,2,23000
140,89,1082,3,,96,0,4,10769
90,88,1082,3,,57,3,1,22027
111,22,1082,3,,73,2,1,19154
154,123,1082,3,,,0,2,7759
97,95,1082,3,,109,3,1,10000
85,23,1082,3,,,2,2,77882
123,84,1085,3,,,2,1,20000
140,85,1085,3,,96,1,4,12577
88,97,1086,3,,55,0,1,8689
154,87,1086,3,,,1,1,7508
91,82,1086,3,,58,2,1,13000
95,24,1086,3,,,3,1,27153
90,111,1086,3,,57,0,2,21525
22,122,1086,3,,109,3,2,20000
98,133,1087,3,,62,1,1,42000
23,89,1087,3,,,4,2,40558
98,23,1194,3,,62,3,0,30000
24,111,1088,3,,118,3,1,41209
85,154,1089,3,,,2,1,37294
87,123,1089,3,,,2,0,19279
122,91,1089,3,,,1,1,12000
97,22,1089,3,,109,0,2,40000
133,140,1089,3,,89,3,0,9588
89,88,1089,3,,56,2,1,22533
84,95,1090,3,,53,0,0,5000
82,90,1090,3,,119,1,0,16014
154,122,1092,3,102,,2,1,7470
87,97,1092,3,101,,1,2,18829
91,98,1093,3,127,58,0,5,15000
88,84,1093,3,23,55,0,2,21232
111,82,1093,3,189,73,1,3,16180
123,24,1093,3,96,,1,3,26000
90,140,1093,3,115,57,0,0,17598
23,95,1093,3,105,,2,0,33788
89,133,1094,3,165,56,2,1,
22,85,1094,3,114,109,1,0,41841
140,91,1096,3,113,96,2,0,8352
85,111,1096,3,185,,0,0,35584
24,22,1096,3,111,118,1,0,41470
133,23,1097,3,140,89,0,1,
122,90,1097,3,96,,0,3,
82,154,1097,3,191,119,2,0,
98,123,1097,3,117,62,5,3,30000
84,87,1097,3,166,53,2,1,
97,89,1097,3,139,109,3,1,15000
95,88,1097,3,163,,3,4,19003
111,140,1195,3,165,73,2,1,13823
23,97,1196,3,114,,3,0,37868
154,24,1209,3,107,,0,2,15353
89,98,1209,3,23,56,3,3,26181
91,133,1209,3,107,58,4,3,12000
22,84,1209,3,127,109,3,1,25000
87,82,1209,3,188,,0,0,17526
123,95,1209,3,189,,1,0,15902
90,85,1209,3,236,57,0,1,23863
88,122,1209,3,185,55,1,1,20238
140,88,1101,3,105,96,1,0,7268
98,87,1101,3,140,62,2,1,30000
82,23,1102,3,117,119,1,2,25952
122,89,1102,3,101,,1,2,
133,123,1102,3,139,89,0,0,10000
84,111,1102,3,237,53,1,4,10000
95,22,1102,3,113,,0,1,21289
97,154,1102,3,189,109,1,0,15000
85,91,1102,3,123,,1,0,31113
24,90,1102,3,166,118,3,0,38144
154,90,1104,3,127,,0,1,7500
23,84,1104,3,123,,3,1,34255
91,95,1105,3,165,58,4,1,7000
133,88,1105,3,114,89,4,1,9074
97,111,1105,3,163,109,2,1,12000
87,140,1105,3,107,,0,0,19056
98,122,1105,3,188,62,3,1,30000
82,22,1105,3,102,119,0,1,16825
89,24,1105,3,98,56,2,1,34085
123,85,1106,3,23,,2,2,22418
84,89,1108,3,189,53,0,3,7100
85,98,1108,3,96,,1,2,54257
24,97,1109,3,185,118,2,0,39917
122,133,1109,3,105,,1,3,11000
90,123,1109,3,169,57,2,0,17820
140,82,1109,3,101,96,1,0,7164
88,23,1109,3,139,55,0,1,16436
95,154,1109,3,166,,2,2,18000
111,87,1109,3,113,73,1,0,15614
22,91,1109,3,115,109,1,0,22000
97,84,1111,3,165,109,0,1,12000
23,122,1111,3,127,,3,0,38968
123,111,1112,3,102,,1,1,15000
154,140,1112,3,23,,4,1,7500
82,85,1112,3,98,119,2,1,26008
89,95,1112,3,111,56,3,3,27301
91,90,1112,3,163,58,1,1,11114
133,24,1112,3,117,89,0,2,22000
87,22,1112,3,114,,3,2,19809
98,88,1112,3,107,62,1,1,40000
90,98,1114,3,185,57,1,7,23297
85,87,1115,3,115,,0,1,31938
111,91,1115,3,188,73,2,0,
140,123,1115,3,140,96,1,1,
84,82,1115,3,172,53,0,0,
122,97,1115,3,123,,2,6,
95,133,1115,3,101,,0,1,
88,154,1115,3,96,55,1,0,8934
24,23,1115,3,113,118,1,0,41408
22,89,1204,3,139,109,4,0,25394
98,95,1118,3,123,62,2,0,40000
89,82,1119,3,166,56,3,0,24360
154,22,1120,3,101,,0,2,11309
123,122,1120,3,189,,5,3,13000
88,111,1120,3,111,55,1,3,12844
23,140,1120,3,107,,2,0,40868
133,84,1120,3,163,89,1,3,9581
87,90,1120,3,165,,3,1,17973
91,24,1120,3,127,58,0,2,15874
97,85,1121,3,102,109,1,1,25000
24,88,1122,3,140,118,4,1,39247
111,154,1123,3,98,73,1,0,17577
140,97,1123,3,113,96,1,2,39247
90,23,1124,3,114,57,0,1,28066
87,91,1124,3,185,,1,1,18434
82,133,1124,3,23,119,1,2,20000
84,98,1124,3,139,53,1,3,12000
22,123,1124,3,115,109,4,1,31165
85,89,1124,3,105,,2,1,32743
98,111,1126,3,107,62,0,2,40000
24,140,1126,3,166,118,2,0,39276
88,87,1127,3,117,55,1,1,10139
133,85,1127,3,127,89,0,1,18000
97,82,1127,3,163,109,1,0,13000
154,91,1127,3,111,,1,2,7341
84,122,1127,3,188,53,2,0,
95,90,1127,3,96,,1,1,
23,22,1127,3,23,,1,3,58652
89,123,1192,3,123,56,2,2,23260
22,98,1132,3,98,109,1,2,25000
87,122,1132,3,238,,3,1,17660
85,84,1132,3,189,,3,1,27357
111,89,1133,3,115,73,0,0,18919
154,133,1133,3,165,,0,0,7544
140,95,1133,3,117,96,0,2,7655
123,88,1133,3,113,,3,1,15000
82,24,1133,3,102,119,1,1,25828
91,23,1133,3,140,58,1,5,15649
90,97,1133,3,101,57,0,2,18262
24,85,1135,3,185,118,2,1,40573
95,87,1136,3,111,,0,1,31190
133,90,1137,3,105,89,0,1,
23,111,1137,3,139,,7,1,59359
98,154,1137,3,166,62,3,0,40000
84,140,1137,3,123,53,4,0,5000
89,91,1137,3,188,56,1,0,25656
122,82,1137,3,107,,1,3,10000
88,22,1137,3,96,55,0,3,12961
97,123,1138,3,114,109,3,1,18000
123,23,1140,3,98,,2,2,26000
85,95,1140,3,101,,1,0,34851
140,98,1141,3,102,96,2,3,13732
111,122,1141,3,165,73,3,0,17605
87,24,1141,3,23,,0,1,26127
91,97,1141,3,115,58,0,0,15535
90,84,1141,3,193,57,4,1,20982
154,89,1141,3,163,,0,1,8000
82,88,1141,3,189,119,4,1,
22,133,1141,3,140,109,3,1,
133,97,1143,3,123,89,1,2,
22,140,1143,3,185,109,2,0,31946
89,90,1144,3,117,56,1,0,27496
98,24,1144,3,111,62,1,1,50000
123,82,1144,3,169,,2,2,
122,85,1144,3,114,,1,1,12000
95,111,1144,3,188,,0,5,19901
84,154,1144,3,127,53,1,2,5000
88,91,1144,3,105,55,1,3,11938
23,87,1210,3,107,,1,2,47043
140,122,1148,3,23,96,1,1,7711
111,133,1148,3,113,73,1,1,
24,84,1148,3,165,118,2,0,39477
87,89,1149,3,101,,2,2,19347
90,22,1149,3,102,57,0,3,22947
82,95,1149,3,166,119,3,0,16126
85,88,1149,3,140,,4,0,36808
91,123,1149,3,96,58,2,3,12103
154,23,1149,3,115,,2,1,13967
97,98,1149,3,139,109,0,3,25000
23,85,1152,3,111,,2,2,78328
95,97,1152,3,189,,2,2,
123,154,1152,3,117,,1,1,
22,111,1152,3,123,109,1,1,
122,24,1152,3,140,,0,2,
88,90,1152,3,98,55,0,0,
89,140,1152,3,114,56,1,2,
91,84,1152,3,174,58,4,0,
133,87,1152,3,163,89,2,1,9000
98,82,1152,3,185,62,3,0,78
111,90,1156,3,101,73,3,2,17528
89,23,1156,3,105,56,5,4,30011
133,98,1157,3,102,89,2,2,19000
85,140,1157,3,188,,1,2,39529
97,88,1157,3,165,109,6,2,25000
82,91,1157,3,239,119,2,1,16623
87,154,1157,3,113,,1,2,18000
84,123,1157,3,166,53,1,3,8000
24,95,1157,3,127,118,4,0,39594
122,22,1158,3,139,,1,4,15368
111,24,1162,3,115,73,2,2,19650
123,87,1163,3,185,,1,1,17359
22,97,1164,3,111,109,1,3,43700
88,89,1164,3,23,55,2,0,10327
91,122,1164,3,168,58,1,0,11125
95,84,1164,3,163,,1,2,19467
154,85,1164,3,98,,1,1,14518
140,133,1164,3,117,96,1,3,7488
90,82,1164,3,107,57,4,0,22360
23,98,1164,3,96,,0,1,57076
98,91,1167,3,123,62,3,1,45000
24,123,1167,3,105,118,1,1,40462
82,111,1169,3,140,119,1,1,
95,23,1169,3,102,,1,0,21000
140,90,1169,3,127,96,3,1,8883
133,89,1169,3,188,89,2,2,8100
122,154,1169,3,101,,0,1,5000
97,87,1169,3,114,109,7,3,40000
84,88,1169,3,240,53,1,1,
85,22,1169,3,113,,1,4,
89,97,1171,3,107,56,3,2,25770
111,85,1171,3,96,73,1,1,19656
23,133,1172,3,185,,1,2,42222
87,84,1172,3,189,,1,1,18163
91,140,1172,3,166,58,3,2,12037
90,122,1172,3,241,57,3,1,21546
154,82,1172,3,165,,1,0,8230
123,98,1172,3,139,,0,5,20500
88,95,1172,3,117,55,1,0,8863
22,24,1172,3,98,109,3,1,53023
84,22,1174,3,102,53,3,5,13000
98,89,1174,3,113,62,4,1,45000
24,154,1168,3,114,118,3,0,39596
82,87,1168,3,119,119,1,1,16119
133,91,1168,3,126,89,6,2,10806
85,90,1168,3,123,,3,0,41054
140,111,1168,3,105,96,0,1,10233
95,123,1168,3,115,,2,1,26106
97,23,1168,3,140,109,1,3,30000
122,88,1211,3,163,,2,0,3500
90,24,1212,3,166,57,1,2,29233
111,84,1212,3,107,73,1,0,19217
91,85,1213,3,193,58,2,1,12225
22,95,1213,3,23,109,3,2,59716
87,98,1213,3,98,,2,4,19147
88,140,1213,3,113,55,2,1,8559
23,82,1213,3,194,,5,2,36689
154,97,1213,3,96,,3,1,14594
123,133,1213,3,242,,5,3,16803
89,122,1213,3,243,56,2,2,24519
150,151,1214,1,214,,1,0,9231
12,141,1214,1,205,8,1,0,35971
113,5,1215,1,208,,2,3,16961
155,10,1215,1,203,,2,2,11511
19,4,1215,1,144,11,1,1,30487
14,15,1216,1,176,10,0,0,37884
11,99,1216,1,207,97,2,0,56480
6,13,1216,1,212,5,0,3,27770
3,18,1217,1,202,3,1,0,12942
2,134,1217,1,244,2,0,1,24838
5,18,1218,1,215,4,3,0,19792
99,113,1218,1,195,63,2,1,45761
151,11,1219,1,131,110,0,2,14934
3,6,1219,1,245,3,2,2,16345
155,2,1219,1,206,,1,0,9748
141,10,1219,1,209,98,1,5,20384
4,150,1220,1,246,,0,1,18383
134,14,1220,1,196,,0,1,5932
15,19,1220,1,12,91,0,1,10039
13,12,1220,1,213,9,2,2,65107
150,15,1221,1,202,,1,2,
13,3,1222,1,144,9,1,1,67789
12,10,1222,1,212,8,0,0,43859
19,134,1222,1,208,11,3,0,32469
11,4,1222,1,205,97,5,0,72857
6,5,1223,1,214,5,2,4,
14,155,1223,1,207,10,2,0,39952
113,151,1223,1,176,,1,0,6133
18,99,1223,1,244,111,3,1,18638
2,141,1224,1,215,2,1,3,22697
134,150,1225,1,203,,1,0,4986
3,12,1226,1,131,3,1,1,23084
15,11,1226,1,213,91,1,2,15164
99,6,1226,1,12,63,2,1,46174
10,2,1226,1,196,120,1,0,63114
134,12,1227,1,246,,2,1,5219
151,18,1228,1,206,110,0,3,18124
155,19,1228,1,195,,0,1,11032
141,14,1228,1,246,98,1,0,19213
5,13,1228,1,209,4,1,3,24966
4,113,1229,1,245,,2,1,15026
12,2,1230,1,202,8,5,0,36215
11,134,1230,1,144,97,6,1,51645
14,10,1231,1,215,10,1,2,43381
150,155,1231,1,176,,0,0,9781
6,151,1231,1,244,5,1,0,18518
19,141,1231,1,212,11,1,0,35317
13,99,1231,1,208,9,0,1,65102
18,4,1232,1,214,111,0,0,17094
113,15,1232,1,207,,1,1,15068
3,5,1232,1,205,3,3,0,17632
10,19,1233,1,203,120,2,0,60823
151,13,1233,1,12,110,1,2,19559
2,14,1233,1,131,2,3,3,23425
155,11,1233,1,196,,0,3,13305
4,6,1234,1,195,,4,1,19585
15,18,1234,1,209,91,4,0,10874
134,113,1234,1,213,,0,4,5345
141,150,1234,1,245,98,0,2,17560
5,12,1234,1,206,4,2,3,20266
99,3,1235,1,246,63,4,0,48237
113,155,1236,1,246,,3,3,16126
6,15,1237,1,215,5,2,1,19329
19,2,1237,1,207,11,2,0,34430
3,151,1237,1,213,3,0,2,18528
150,10,1237,1,205,,0,0,11454
5,99,1238,1,202,4,4,4,19669
11,141,1238,1,214,97,3,0,
18,134,1238,1,176,111,3,0,17095
12,14,1238,1,144,8,3,2,42070
13,4,1238,1,212,9,2,0,71205
4,3,1239,1,12,,0,0,19365
14,19,1240,1,209,10,1,0,40197
15,13,1240,1,203,91,1,2,15350
151,5,1240,1,245,110,0,2,19840
10,11,1240,1,208,120,1,1,64393
134,6,1241,1,206,,0,0,5125
155,18,1241,1,131,,1,2,9935
2,150,1241,1,212,2,0,2,23951
99,12,1241,1,196,63,3,6,48792
141,113,1242,1,244,98,2,5,15799
3,15,1243,1,195,3,1,1,18064
99,151,1243,1,207,63,2,0,49243
12,19,1243,1,215,8,4,0,44307
11,2,1243,1,246,97,2,0,74397
18,141,1244,1,213,111,4,0,16606
113,10,1244,1,214,,0,1,12
150,14,1244,1,208,,1,0,11454
13,134,1244,1,202,9,3,0,66189
5,4,1245,1,176,4,1,1,18515
6,155,1245,1,205,5,1,2,17463
151,12,1246,1,212,110,1,2,18638
10,18,1246,1,12,120,1,1,67703
14,11,1246,1,203,10,0,2,43570
19,150,1246,1,244,11,2,1,32097
15,5,1247,1,196,91,2,1,11010
155,13,1247,1,144,,2,1,13382
134,3,1247,1,245,,2,2,5131
2,113,1247,1,206,2,2,1,19541
4,99,1248,1,209,,1,0,17856
141,6,1248,1,131,98,1,3,14805
99,15,1249,1,208,63,2,2,39631
12,150,1250,1,195,8,3,0,22807
6,10,1250,1,202,5,0,1,22807
151,4,1250,1,246,110,1,0,14785
11,19,1250,1,212,97,2,1,70723
150,134,1251,1,246,,0,1,9327
3,155,1252,1,214,3,1,2,17624
113,14,1252,1,205,,3,1,19876
5,134,1252,1,207,4,3,1,20328
18,2,1252,1,215,111,2,0,17522
13,141,1252,1,196,9,3,0,63326
155,5,1253,1,209,,1,1,9890
15,151,1254,1,206,91,4,1,9893
150,11,1254,1,12,,0,3,11017
19,113,1254,1,131,11,2,1,35092
10,13,1254,1,213,120,0,0,66591
2,6,1255,1,203,2,3,2,24878
4,12,1255,1,144,,0,2,24836
141,3,1255,1,176,98,0,2,26163
14,18,1255,1,244,10,1,1,36728
134,99,1256,1,212,,5,0,4341
113,150,1257,1,144,,1,0,10840
151,134,1258,1,214,110,1,2,14685
13,2,1258,1,205,9,3,2,75671
99,155,1258,1,131,63,2,2,45772
3,10,1258,1,207,3,0,5,20452
6,14,1259,1,212,5,2,2,20879
5,141,1259,1,246,4,2,2,19745
18,19,1259,1,245,111,2,3,18515
12,11,1259,1,209,8,1,1,47794
4,15,1260,1,203,,1,0,11659
2,3,1261,1,195,2,0,0,18172
11,113,1262,1,176,97,2,2,61632
10,5,1262,1,206,120,2,1,57453
19,6,1262,1,196,11,2,0,32136
14,13,1262,1,208,10,0,0,44992
150,18,1263,1,213,,3,1,9233
15,12,1263,1,244,91,1,0,12213
134,4,1263,1,12,,3,1,4724
141,99,1263,1,215,98,1,0,16215
155,151,1264,1,245,,2,3,7316
151,141,1265,1,244,110,2,0,18567
15,134,1266,1,245,91,0,0,9320
13,19,1266,1,203,9,5,0,76924
6,150,1266,1,176,5,1,0,18366
12,113,1266,1,214,8,2,1,35633
5,2,1267,1,131,4,0,2,16834
99,10,1267,1,144,63,0,1,45517
3,14,1267,1,215,3,1,2,18005
18,11,1267,1,195,111,0,2,21087
4,155,1268,1,212,,0,1,13846
19,3,1269,1,209,11,0,0,25803
14,5,1227,1,213,10,0,0,45504
10,151,1227,1,205,120,1,0,49937
155,15,1270,1,12,,1,0,10095
113,18,1270,1,215,,0,1,18215
141,4,1270,1,196,98,2,2,13976
11,6,1270,1,208,97,4,0,53607
2,99,1271,1,245,2,0,2,22488
150,13,1272,1,212,,1,3,11423
3,150,1273,1,206,3,0,0,14639
15,141,1274,1,195,91,2,0,9231
5,19,1274,1,144,4,3,1,17
134,155,1275,1,209,,4,1,4867
151,2,1275,1,202,110,1,0,18733
99,14,1276,1,203,63,0,2,42713
4,10,1276,1,176,,1,0,19327
13,11,1277,1,196,9,0,3,80264
12,18,1277,1,207,8,0,1,39181
6,113,1277,1,12,5,1,3,27877
10,15,1278,1,214,120,2,0,47023
12,155,1278,1,213,8,2,1,27749
141,134,1278,1,212,98,1,2,12059
19,99,1278,1,205,11,3,5,40282
150,5,1279,1,215,,1,0,7523
11,3,1279,1,131,97,3,0,56380
14,151,1279,1,246,10,2,0,41000
18,6,1279,1,244,111,1,1,15442
113,13,1279,1,206,,2,2,20872
2,4,1280,1,208,2,0,1,12149
15,2,1281,1,203,91,1,0,9057
155,141,1282,1,176,,6,0,10037
13,18,1282,1,12,9,0,1,63403
134,10,1282,1,208,,0,1,6186
6,12,1282,1,245,5,1,2,19031
3,113,1283,1,202,3,0,1,17007
151,19,1283,1,196,110,1,0,19413
4,14,1283,1,207,,1,1,20228
5,11,1283,1,212,4,2,4,23277
99,150,1284,1,209,63,3,2,41777
15,14,1285,1,205,91,2,2,11457
4,19,1286,1,12,,0,3,19607
10,155,1286,1,195,120,1,1,55076
18,3,1286,1,212,111,2,1,16773
141,12,1286,1,214,98,2,1,20242
151,150,1287,1,207,110,2,2,19637
13,6,1287,1,213,9,7,1,63504
5,113,1287,1,208,4,1,2,19081
99,11,1287,1,206,63,0,5,53426
134,2,1288,1,244,,1,1,4520
134,13,1289,1,214,,1,2,6707
14,134,1290,1,176,10,1,1,39331
6,3,1291,1,246,5,2,2,20151
12,13,1291,1,215,8,1,4,47034
2,155,1291,1,12,2,0,0,22125
18,5,1291,1,131,111,4,2,15052
150,4,1292,1,203,,3,2,10132
10,141,1292,1,202,120,3,0,55363
19,15,1292,1,245,11,1,1,34011
11,151,1292,1,209,97,2,1,62369
113,99,1293,1,196,,3,2,14667
5,6,1294,1,12,4,5,0,15626
134,19,1295,1,207,,5,1,5311
99,18,1295,1,245,63,2,1,50102
151,113,1295,1,203,110,2,1,19437
3,13,1295,1,176,3,2,2,23542
15,150,1296,1,202,91,0,0,
4,11,1296,1,205,,1,1,23287
155,14,1296,1,214,,2,0,9602
10,12,1296,1,209,120,1,0,49596
141,2,1297,1,195,98,1,0,17424
14,141,1298,1,215,10,0,0,33679
18,151,1251,1,207,111,1,2,14984
2,10,1251,1,196,2,0,1,25482
13,5,1251,1,144,9,5,2,63811
19,155,1299,1,206,11,1,0,33129
11,15,1299,1,213,97,0,0,75861
113,4,1299,1,247,,2,2,15649
12,3,1299,1,244,8,3,1,38199
6,99,1300,1,131,5,0,1,20490
155,150,1301,1,208,,3,0,9142
141,19,1302,1,209,98,1,2,19161
134,11,1302,1,144,,0,2,6760
151,6,1302,1,176,110,1,0,19453
2,12,1302,1,207,2,1,2,21134
5,3,1303,1,206,4,3,0,18189
10,14,1303,1,212,120,2,0,60022
4,18,1303,1,214,,1,1,19688
99,13,1303,1,205,63,3,5,53486
15,113,1304,1,246,91,3,0,8367
6,4,1305,1,213,5,0,0,18028
113,134,1306,1,131,,2,0,15383
13,151,1306,1,215,9,4,0,75181
150,141,1306,1,206,,0,0,9325
11,155,1306,1,245,97,6,1,85417
18,15,1307,1,196,111,1,0,16125
14,2,1307,1,144,10,2,1,37518
12,5,1307,1,246,8,2,1,37195
19,10,1307,1,203,11,2,5,37884
3,99,1308,1,195,3,0,2,37884
4,13,1309,1,196,,1,0,19805
155,113,1309,1,207,,1,0,6392
14,12,1310,1,205,10,1,1,
2,19,1310,1,131,2,0,1,
15,6,1310,1,214,91,3,0,
134,18,1310,1,176,,1,0,4056
10,150,1310,1,215,120,4,0,35033
99,5,1311,1,212,63,0,0,40288
141,11,1311,1,208,98,1,1,23778
151,3,1311,1,213,110,1,0,16812
18,155,1312,1,246,111,0,2,14540
19,14,1312,1,12,11,2,0,25185
150,2,1312,1,209,,2,0,6937
6,134,1312,1,206,5,1,1,19417
13,15,1312,1,176,9,3,1,55106
3,4,1313,1,245,3,1,1,17143
11,10,1313,1,205,97,1,0,90356
5,151,1313,1,203,4,2,1,21445
12,99,1313,1,144,8,2,0,35565
113,141,1314,1,195,,2,1,11276
155,6,1315,1,12,,2,0,10663
19,12,1289,1,195,11,0,2,33287
15,3,1289,1,207,91,0,1,8136
2,11,1289,1,203,2,0,2,26667
4,5,1316,1,208,,2,1,20314
10,113,1316,1,245,120,3,0,50076
141,18,1316,1,244,98,0,2,18907
14,150,1316,1,196,10,2,0,30777
151,99,1317,1,131,110,1,3,17239
3,134,1318,1,209,3,2,1,16028
6,141,1319,1,203,5,1,1,18773
12,151,1319,1,214,8,3,1,35264
5,15,1319,1,215,4,1,2,17509
99,4,1319,1,195,63,3,0,31230
150,19,1320,1,245,,2,1,10037
11,14,1320,1,206,97,2,0,84053
18,10,1320,1,213,111,2,1,19385
113,2,1320,1,12,,0,0,17230
13,155,1320,1,205,9,6,3,59097
155,3,1321,1,195,,1,1,11391
14,113,1321,1,131,10,1,1,33657
141,13,1321,1,246,98,0,3,22942
19,11,1321,1,212,11,2,2,37588
4,151,1322,1,209,,0,0,15448
150,12,1322,1,176,,0,1,10697
2,18,1322,1,202,2,1,0,19142
134,5,1322,1,196,,0,0,6233
10,6,1322,1,207,120,1,0,49351
15,99,1323,1,12,91,0,1,10628
6,2,1324,1,208,5,3,2,16932
151,15,1325,1,206,110,2,0,18241
113,19,1325,1,202,,4,0,16919
99,134,1325,1,244,63,2,0,50194
11,150,1325,1,195,97,3,1,72126
3,141,1326,1,213,3,2,1,18402
13,10,1326,1,215,9,1,1,78769
5,155,1326,1,214,4,5,0,18027
12,4,1326,1,205,8,1,0,36296
18,14,1327,1,209,111,1,3,14879
155,99,1328,1,206,,0,1,11286
19,18,1329,1,246,11,2,2,32192
11,12,1329,1,131,97,2,1,69544
141,5,1329,1,202,98,0,1,10531
150,113,1329,1,144,,1,0,10393
14,6,1329,1,212,10,2,3,37715
134,151,1330,1,12,,0,1,5754
10,3,1330,1,205,120,3,0,58043
15,4,1330,1,176,91,1,0,10593
2,13,1330,1,195,2,1,2,27112
6,19,1331,1,244,5,0,0,24374
113,11,1331,1,213,,2,2,20347
18,150,1331,1,207,111,2,1,12556
12,15,1332,1,195,8,1,2,35829
4,134,1332,1,144,,0,1,12113
13,14,1332,1,203,9,1,1,59193
5,10,1333,1,245,4,3,0,21404
151,155,1333,1,246,110,1,2,18366
3,2,1333,1,206,3,1,0,17372
99,141,1333,1,196,63,1,0,45151
150,6,1334,1,202,,0,0,10124
134,15,1335,1,209,,0,1,4860
113,12,1335,1,12,,1,1,17316
155,4,1336,1,245,,0,2,12313
2,5,1336,1,215,2,2,0,14102
141,151,1336,1,176,98,0,4,7143
10,99,1336,1,203,120,0,0,67703
14,3,1337,1,214,10,1,3,24587
11,18,1338,1,196,97,5,1,54743
19,13,1338,1,208,11,3,2,38524
3,19,1339,1,212,3,2,1,17240
4,141,1340,1,246,,1,1,13589
5,14,1340,1,196,4,3,1,23972
13,150,1340,1,209,9,2,1,59905
18,113,1340,1,245,111,4,1,14135
15,155,1341,1,144,91,1,1,8011
151,10,1341,1,213,110,0,1,18944
12,134,1341,1,206,8,0,0,40328
6,11,1341,1,195,5,2,4,25721
99,2,1342,1,131,63,2,1,53163
19,5,1343,1,206,11,1,0,34733
155,134,1344,1,207,,1,4,9706
14,99,1344,1,245,10,2,0,34491
113,6,1344,1,131,,1,1,20816
18,12,1344,1,205,111,1,0,19079
2,151,1345,1,212,2,0,3,14024
10,4,1345,1,214,120,0,2,49834
141,15,1345,1,12,98,0,1,4624
11,13,1345,1,144,97,2,2,97939
150,3,1346,1,196,,0,3,7832
5,150,1347,1,244,4,3,2,19981
99,19,1347,1,202,63,2,2,55588
155,12,1347,1,209,,0,1,10850
151,14,1347,1,215,110,3,1,19458
134,141,1347,1,208,,1,0,5107
15,10,1347,1,245,91,0,1,12187
6,18,1347,1,144,5,2,4,12789
13,113,1347,1,246,9,6,0,56474
4,2,1348,1,203,,4,1,15004
3,11,1348,1,176,3,5,4,22383
113,3,1349,1,195,,4,2,10851
150,99,1349,1,205,,3,2,10813
19,151,1349,1,131,11,1,0,22513
2,15,1349,1,207,2,0,1,9570
141,155,1349,1,206,98,1,2,6362
18,13,1349,1,196,111,2,2,18891
12,6,1350,1,244,8,2,1,35376
14,4,1350,1,213,10,0,1,28492
10,134,1350,1,202,120,2,2,63229
11,5,1350,1,214,97,1,0,84168
36,136,1351,4,218,21,4,3,59387
143,34,1352,4,29,100,3,3,20407
33,137,1352,4,159,18,2,3,41616
40,142,1352,4,160,23,1,0,25011
38,39,1352,4,40,22,1,0,39045
116,103,1352,4,216,78,0,0,31447
125,157,1352,4,41,83,0,3,25448
156,25,1352,4,35,,0,2,30415
42,26,1353,4,25,,0,2,52077
35,41,1353,4,32,20,4,0,74928
103,35,1215,4,41,,0,4,20862
136,156,1215,4,30,92,2,0,31902
34,125,1215,4,37,19,1,0,53138
142,143,1215,4,147,99,0,2,10501
137,40,1215,4,32,93,0,1,19619
116,41,1215,4,217,78,3,2,31424
39,36,1215,4,25,113,1,0,29459
157,42,1216,4,159,121,1,0,24128
26,33,1216,4,29,122,1,2,73587
25,38,1217,4,160,66,1,1,49108
142,25,1219,4,218,99,1,2,10419
143,156,1219,4,183,100,0,0,20181
42,41,1219,4,40,,3,0,52093
157,116,1219,4,28,121,0,0,23548
125,103,1219,4,25,83,0,2,23477
35,136,1219,4,35,20,2,0,75021
40,39,1220,4,29,23,1,1,22704
33,38,1220,4,41,18,2,0,41382
26,137,1220,4,217,122,1,1,67862
34,36,1220,4,159,19,4,0,53206
25,34,1222,4,41,66,5,0,54172
156,40,1222,4,219,,3,1,30381
38,26,1222,4,183,22,0,3,38835
136,33,1222,4,217,92,1,2,30924
116,143,1222,4,30,78,0,2,31435
36,142,1222,4,29,21,3,0,59262
39,35,1222,4,40,113,2,2,29320
137,125,1223,4,35,93,1,0,18862
103,42,1223,4,216,,0,1,20872
41,157,1224,4,37,114,2,0,56977
142,156,1225,4,159,99,2,1,10369
125,116,1226,4,160,83,0,1,24199
157,136,1226,4,41,121,1,1,24169
143,25,1226,4,29,100,0,6,20305
40,41,1226,4,181,23,0,0,24942
42,39,1226,4,28,,2,1,51795
34,137,1226,4,147,19,1,1,53231
26,103,1226,4,218,122,0,0,65366
33,36,1228,4,35,18,0,0,41478
35,38,1228,4,25,20,4,0,75042
41,26,1233,4,35,114,2,3,56988
39,33,1233,4,218,113,0,4,29661
116,35,1233,4,159,78,0,1,31930
25,125,1233,4,40,66,5,0,53526
103,143,1233,4,217,,1,2,20372
38,142,1233,4,32,22,2,1,38133
137,157,1233,4,219,93,0,0,20759
136,34,1233,4,29,92,2,3,32004
156,42,1234,4,25,,1,0,30468
36,40,1235,4,160,21,2,0,59134
157,26,1237,4,40,121,0,4,24169
40,143,1237,4,35,23,2,2,24606
39,116,1237,4,216,113,2,1,29285
35,125,1237,4,218,20,4,0,75118
41,103,1237,4,147,114,1,0,56922
142,136,1237,4,183,99,0,0,10444
33,25,1237,4,32,18,0,1,41530
36,156,1238,4,37,21,2,0,59378
38,137,1238,4,41,22,0,1,38448
42,34,1238,4,159,,1,1,52303
34,35,1240,4,32,19,0,0,52912
26,142,1240,4,160,122,1,0,73502
103,157,1240,4,181,,2,0,20657
125,33,1240,4,25,83,2,1,25480
137,41,1240,4,28,93,1,1,20945
25,39,1240,4,159,66,7,2,54128
143,36,1240,4,40,100,2,1,20384
156,38,1241,4,35,,1,1,30565
116,42,1241,4,37,78,2,2,31437
136,40,1242,4,218,92,1,1,30203
41,156,1354,4,32,114,0,3,56977
33,143,1243,4,41,18,4,2,41467
39,142,1243,4,30,113,1,2,29500
25,137,1243,4,147,66,3,0,54118
157,35,1243,4,217,121,2,1,24426
42,125,1243,4,28,,1,0,52251
103,136,1243,4,35,,1,2,20521
116,40,1243,4,183,78,1,0,29947
38,36,1244,4,159,22,2,5,39189
26,34,1244,4,25,122,4,1,80827
35,26,1246,4,41,20,1,0,75034
125,41,1246,4,160,83,2,2,25242
143,39,1246,4,35,100,0,1,20087
40,25,1246,4,216,23,2,3,24003
34,157,1246,4,37,19,3,0,53268
36,103,1246,4,217,21,2,1,59493
142,33,1246,4,159,99,0,1,20087
156,116,1247,4,40,,1,1,30564
136,38,1247,4,25,92,2,0,31891
137,42,1248,4,218,93,1,0,21031
39,136,1250,4,160,113,2,2,29602
103,156,1250,4,218,,0,1,20822
116,137,1250,4,30,78,0,1,30491
42,142,1250,4,181,,0,1,52237
157,40,1250,4,147,121,1,0,24169
41,34,1250,4,40,114,1,4,56961
26,125,1252,4,37,122,1,0,65270
25,36,1252,4,35,66,3,1,54286
38,143,1252,4,183,22,3,2,38609
33,35,1252,4,29,18,1,0,41615
36,26,1254,4,218,21,2,0,59530
125,38,1254,4,29,83,2,2,18895
137,103,1254,4,32,93,2,0,18895
40,33,1254,4,41,23,0,4,23592
34,116,1254,4,216,19,3,0,53256
142,157,1254,4,30,99,4,0,10879
136,25,1254,4,183,92,0,2,31908
35,42,1254,4,159,20,4,1,75035
143,41,1255,4,25,100,2,0,20018
156,39,1256,4,217,,2,2,29676
41,136,1257,4,32,114,1,1,56897
125,39,1258,4,218,83,2,1,23723
35,156,1258,4,40,20,1,0,75018
42,143,1258,4,219,,0,3,52188
26,40,1258,4,216,122,1,1,65905
103,142,1258,4,28,,0,0,20228
34,33,1258,4,35,19,1,1,53225
116,38,1259,4,37,78,4,1,30461
137,36,1259,4,217,93,0,1,21722
157,25,1259,4,159,121,1,2,24121
156,125,1355,4,25,,0,0,29889
136,26,1355,4,29,92,2,1,31950
40,42,1355,4,30,23,2,2,25534
143,35,1355,4,41,100,2,4,20552
36,157,1356,4,183,21,5,0,59285
33,103,1356,4,40,18,1,0,41365
142,137,1356,4,147,99,1,2,10302
38,41,1356,4,35,22,4,0,38242
39,34,1356,4,32,113,0,3,29423
25,116,1356,4,181,66,2,1,53407
33,42,1262,4,37,18,3,1,41538
39,103,1262,4,159,113,2,1,28261
38,157,1262,4,219,22,2,0,39167
143,26,1262,4,32,100,1,1,20278
156,34,1262,4,183,,1,5,30634
136,137,1262,4,181,92,1,0,30714
40,125,1262,4,35,23,0,0,23531
36,35,1262,4,25,21,1,3,59547
142,116,1263,4,41,99,1,1,10764
25,41,1263,4,218,66,2,1,54203
41,33,1266,4,29,114,1,0,56953
125,142,1266,4,37,83,2,2,24823
137,143,1266,4,30,93,1,0,19479
26,39,1266,4,147,122,5,1,62202
157,156,1266,4,28,121,2,0,24018
103,40,1266,4,218,,1,0,19580
42,136,1266,4,40,,2,3,52117
116,36,1267,4,160,78,1,1,31643
34,38,1267,4,159,19,1,1,53082
35,25,1267,4,35,20,1,2,74847
137,39,1357,4,216,93,1,0,19909
125,143,1357,4,217,83,2,1,23566
157,33,1357,4,25,121,1,3,24169
103,25,1358,4,29,,0,4,20870
42,38,1358,4,32,,0,1,51042
116,136,1358,4,219,78,1,4,27714
41,36,1358,4,41,114,0,0,56921
35,142,1358,4,183,20,1,0,74798
34,40,1358,4,181,19,0,0,53243
26,156,1358,4,160,122,2,0,46438
136,125,1227,4,32,92,0,3,31081
33,116,1227,4,147,18,1,0,41562
156,137,1227,4,219,,0,0,29921
143,157,1227,4,35,100,1,4,20026
36,42,1227,4,28,21,1,0,59379
39,41,1227,4,183,113,0,3,29265
25,26,1227,4,159,66,4,1,54214
40,35,1270,4,29,23,1,2,24782
142,34,1270,4,25,99,0,4,10780
38,103,1271,4,41,22,3,1,37580
36,34,1276,4,32,21,3,3,59409
38,33,1277,4,160,22,0,0,39191
39,40,1277,4,40,113,3,1,29057
116,157,1277,4,30,78,1,1,29675
156,143,1277,4,181,,1,0,30473
41,42,1277,4,217,114,2,3,56955
103,125,1277,4,159,,1,1,20354
25,142,1277,4,216,66,4,0,54270
137,26,1277,4,35,93,0,3,21650
136,35,1277,4,41,92,2,2,32202
26,116,1359,4,183,122,5,2,55412
35,137,1359,4,32,20,2,2,75046
157,39,1359,4,29,121,1,1,24047
40,38,1359,4,147,23,0,0,25364
143,136,1359,4,219,100,2,1,20308
142,41,1359,4,160,99,3,3,10596
33,156,1359,4,218,18,2,0,41568
34,103,1359,4,37,19,5,0,52850
42,25,1360,4,25,,0,1,52311
125,36,1361,4,35,83,2,3,25762
42,156,1362,4,29,,0,0,52209
34,136,1362,4,40,19,2,1,53226
157,137,1362,4,181,121,0,0,24095
142,38,1362,4,30,99,2,1,10497
143,103,1362,4,32,100,1,2,20002
33,39,1362,4,37,18,5,0,41433
35,116,1362,4,159,20,0,0,75051
125,25,1363,4,41,83,0,0,25804
40,36,1363,4,218,23,1,1,26223
26,41,1364,4,218,122,1,1,50034
156,142,1365,4,35,,2,2,30152
137,34,1365,4,147,93,1,2,21756
39,42,1365,4,219,113,0,1,28471
136,157,1365,4,183,92,3,0,31748
38,35,1365,4,25,22,0,2,39188
41,40,1366,4,216,114,2,1,56888
103,26,1366,4,160,,0,2,20615
116,125,1366,4,28,78,1,2,28411
25,143,1366,4,217,66,3,1,53556
36,33,1367,4,29,21,2,2,59379
42,103,1282,4,183,,1,1,51444
33,136,1282,4,216,18,0,0,41552
125,137,1282,4,35,83,1,0,24696
157,41,1282,4,41,121,1,4,24105
143,116,1282,4,147,100,2,2,20018
40,156,1282,4,32,23,2,0,25240
26,38,1282,4,159,122,4,0,76251
142,36,1283,4,37,99,2,1,10836
34,25,1283,4,25,19,4,3,53285
35,39,1284,4,29,20,3,0,74726
156,33,1286,4,41,,0,4,30600
39,157,1286,4,35,113,2,0,29785
38,40,1286,4,28,22,1,1,39061
36,125,1286,4,219,21,4,1,59386
41,142,1286,4,32,114,1,1,56948
137,35,1286,4,218,93,0,1,21841
136,143,1286,4,30,92,2,0,31891
25,42,1286,4,181,66,3,1,54452
116,26,1287,4,37,78,1,1,31361
103,34,1288,4,40,,1,0,20886
103,36,1368,4,217,,3,1,20819
41,125,1368,4,40,114,1,1,56911
157,34,1368,4,37,121,0,3,24121
42,137,1369,4,198,,1,1,50174
38,136,1369,4,219,22,2,1,38390
116,156,1369,4,218,78,1,1,30034
33,142,1369,4,30,18,0,3,41464
39,143,1369,4,41,113,0,0,27458
26,35,1369,4,25,122,2,0,81978
25,40,1369,4,160,66,3,0,53241
137,25,1295,4,32,93,1,1,21658
35,157,1295,4,28,20,2,0,74742
136,103,1295,4,29,92,1,1,31179
40,116,1295,4,35,23,2,3,25911
156,41,1295,4,147,,3,1,30589
142,39,1295,4,181,99,2,1,10614
36,38,1295,4,40,21,5,1,59306
125,42,1296,4,25,83,1,1,25746
34,26,1296,4,41,19,2,2,53213
143,33,1297,4,218,100,4,1,20157
26,36,1251,4,29,122,1,0,83222
41,143,1251,4,183,114,2,0,56197
38,125,1251,4,41,22,3,1,39139
39,156,1251,4,160,113,1,1,29876
103,137,1251,4,25,,1,0,20176
25,136,1251,4,216,66,5,1,54416
157,142,1299,4,35,121,4,1,23823
42,35,1299,4,159,,1,0,52309
116,34,1299,4,32,78,0,2,31915
33,40,1300,4,217,18,3,0,41071
136,39,1306,4,35,92,1,1,31769
34,41,1306,4,28,19,4,1,53256
137,116,1306,4,160,93,1,1,20982
40,157,1306,4,41,23,1,2,25920
142,42,1306,4,147,99,2,2,10808
156,103,1306,4,218,,4,1,30523
143,38,1306,4,29,100,1,0,20430
125,26,1307,4,37,83,0,1,25287
35,33,1307,4,32,20,2,1,75060
36,25,1311,4,25,21,0,3,58420
137,38,1312,4,219,93,2,1,20802
136,142,1312,4,30,92,1,1,31384
116,39,1312,4,29,78,0,0,30335
26,157,1312,4,37,122,2,0,68311
103,41,1312,4,32,,4,1,20829
143,40,1312,4,181,100,1,0,20022
34,42,1312,4,183,19,2,0,53287
156,36,1313,4,28,,2,1,30620
25,33,1313,4,35,66,1,0,54328
125,35,1314,4,40,83,2,3,25840
35,34,1289,4,159,20,2,1,74855
42,116,1289,4,25,,3,0,52246
41,137,1289,4,217,114,0,3,56904
38,156,1289,4,147,22,2,0,39199
40,136,1289,4,160,23,1,4,23558
157,103,1289,4,35,121,0,0,23567
33,125,1289,4,29,18,2,1,40800
36,143,1316,4,32,21,3,0,59131
142,26,1316,4,218,99,1,4,10623
39,25,1317,4,41,113,0,2,29138
157,125,1319,4,218,121,0,2,23918
142,40,1319,4,183,99,2,1,10242
39,38,1319,4,32,113,1,2,30022
34,143,1319,4,29,19,5,0,53287
137,33,1333,4,160,93,1,2,21264
103,116,1370,4,35,,0,1,20858
136,36,1338,4,183,92,3,1,32095
25,156,1338,4,181,66,3,1,54013
26,42,1338,4,40,122,1,0,54923
41,35,1371,4,41,114,0,0,56902
125,34,1321,4,40,83,1,2,25807
41,116,1321,4,41,114,3,0,56882
35,103,1321,4,160,20,2,0,75038
42,157,1321,4,32,,1,0,52261
143,142,1321,4,248,100,2,2,20393
40,137,1321,4,30,23,1,2,23455
156,136,1321,4,219,,0,2,30629
38,25,1321,4,181,22,1,3,39221
36,39,1322,4,159,21,3,0,59371
33,26,1322,4,25,18,1,3,41364
38,34,1325,4,35,22,0,0,39220
39,26,1325,4,183,113,1,2,29515
136,42,1325,4,28,92,1,2,32066
142,125,1325,4,41,99,2,2,10710
156,157,1325,4,29,,1,1,30501
143,137,1325,4,181,100,1,2,20044
40,103,1325,4,147,23,1,1,23297
25,35,1325,4,32,66,2,3,54259
36,116,1326,4,25,21,3,2,59374
33,41,1326,4,37,18,1,1,41324
116,33,1329,4,218,78,2,3,31764
125,156,1329,4,25,83,3,2,24656
137,136,1329,4,32,93,2,1,21727
157,143,1329,4,159,121,1,0,23961
103,38,1329,4,217,,1,1,20933
34,142,1329,4,219,19,3,0,52959
26,25,1329,4,41,122,1,3,80811
42,36,1330,4,29,,2,1,52210
35,40,1330,4,181,20,0,1,75095
41,39,1372,4,35,114,1,1,56795
156,26,1331,4,37,,1,1,30440
136,116,1333,4,147,92,0,0,31160
40,34,1335,4,28,23,2,2,24520
143,125,1335,4,219,100,0,0,20401
142,35,1335,4,249,99,0,2,10952
39,137,1336,4,218,113,1,1,29532
36,41,1336,4,217,21,4,1,59422
25,103,1336,4,159,66,5,0,54387
38,42,1337,4,160,22,1,0,39061
33,157,1338,4,217,18,1,1,38910
34,39,1340,4,25,19,0,0,53255
125,136,1340,4,218,83,5,0,25750
137,156,1340,4,147,93,0,0,19459
116,142,1340,4,29,78,2,1,31778
42,40,1340,4,250,,0,1,52283
157,38,1340,4,30,121,0,2,24121
103,33,1340,4,41,,0,1,20900
41,25,1341,4,40,114,1,4,56904
35,36,1341,4,37,20,2,1,75035
26,143,1342,4,35,122,2,0,52675
156,35,1343,4,159,,1,0,30611
39,125,1344,4,32,113,1,2,29687
136,41,1344,4,219,92,0,2,32013
142,103,1344,4,37,99,1,0,10820
40,26,1344,4,216,23,1,0,23685
143,42,1344,4,147,100,2,1,20375
38,116,1344,4,41,22,1,1,38225
25,157,1345,4,218,66,0,0,54350
33,34,1345,4,29,18,1,0,41314
36,137,1345,4,25,21,5,0,59540
137,142,1348,4,181,93,1,2,20720
125,40,1348,4,41,83,2,0,25357
35,143,1348,4,217,20,1,0,75049
116,25,1348,4,25,78,0,1,31882
41,38,1348,4,183,114,3,1,56926
34,156,1348,4,37,19,4,0,50752
42,33,1348,4,32,,3,0,52294
26,136,1348,4,159,122,5,4,77841
157,36,1348,4,35,121,0,1,24122
103,39,1348,4,29,,1,2,20673
45,61,1214,5,149,,3,1,75000
46,56,1215,5,152,,1,0,30150
57,53,1215,5,62,35,0,3,30000
106,62,1215,5,184,68,2,0,44751
51,105,1215,5,150,103,1,0,49449
52,50,1215,5,221,,0,1,28279
55,153,1215,5,54,,2,0,62271
49,58,1216,5,49,95,0,0,24000
47,48,1216,5,47,29,1,0,54018
48,51,1218,5,221,,1,3,50000
62,52,1219,5,199,38,1,0,53100
61,46,1219,5,220,39,2,2,27106
58,57,1219,5,225,36,0,1,46000
56,45,1219,5,153,34,0,2,42100
105,47,1219,5,184,104,2,2,29243
53,106,1219,5,52,31,2,0,81360
153,49,1220,5,58,115,4,1,39265
50,55,1220,5,200,,1,0,49000
51,153,1221,5,47,103,0,2,50231
52,61,1222,5,51,,3,1,24876
47,58,1222,5,226,29,0,1,49000
49,53,1222,5,225,95,0,0,24000
105,48,1222,5,149,104,3,0,27510
57,50,1222,5,54,35,1,1,27321
46,45,1222,5,150,,2,0,30150
106,56,1223,5,251,68,1,1,49118
55,62,1223,5,222,,3,1,61098
50,51,1225,5,62,,2,0,49000
62,57,1226,5,152,38,1,0,50500
56,55,1226,5,199,34,1,2,42100
58,105,1226,5,58,36,1,2,46500
45,52,1226,5,184,,4,0,75000
153,47,1226,5,52,115,2,2,42558
46,106,1228,5,51,,1,1,27243
61,49,1228,5,252,39,4,0,26232
53,48,1228,5,200,31,5,0,81000
47,62,1230,5,253,29,2,0,44063
55,45,1230,5,52,,0,3,62271
105,153,1230,5,150,104,1,0,26113
57,56,1230,5,221,35,1,1,26174
48,58,1231,5,254,,0,1,49000
49,50,1231,5,149,95,1,1,22900
52,46,1231,5,49,,2,3,23477
51,53,1231,5,54,103,0,3,52962
106,61,1231,5,47,68,2,1,32825
45,57,1373,5,58,,2,2,75000
46,55,1233,5,184,,2,0,30150
52,106,1233,5,149,,1,0,23517
62,105,1233,5,220,38,0,0,55202
56,49,1233,5,62,34,0,0,41000
153,58,1233,5,199,115,2,1,40606
53,47,1233,5,49,31,6,1,81360
50,48,1234,5,150,,0,0,47000
61,51,1234,5,226,39,3,0,27601
55,61,1236,5,152,,1,1,61515
47,50,1237,5,58,29,2,1,50542
58,62,1237,5,221,36,2,1,51500
57,52,1237,5,62,35,1,1,24352
105,53,1237,5,52,104,1,2,30660
51,56,1237,5,47,103,0,0,54613
49,46,1238,5,150,95,3,2,24000
106,45,1238,5,220,68,2,2,71212
48,153,1238,5,54,,1,2,48700
62,48,1239,5,225,38,2,1,58716
46,105,1240,5,49,,2,2,28000
50,58,1240,5,153,,1,2,40000
52,51,1240,5,221,,3,2,30500
106,55,1240,5,199,68,0,2,50590
45,49,1240,5,222,,5,0,75000
53,153,1240,5,47,31,2,3,80100
61,57,1241,5,200,39,2,2,29104
56,47,1241,5,51,34,0,2,42100
55,52,1354,5,251,,2,0,59476
47,61,1243,5,153,29,1,5,53053
58,53,1243,5,62,36,2,2,51500
105,50,1243,5,184,104,1,2,25971
153,62,1243,5,252,115,1,0,42558
51,45,1243,5,52,103,0,1,57000
48,56,1244,5,226,,0,0,50000
49,106,1244,5,152,95,1,1,23800
57,46,1244,5,54,35,1,1,23514
52,58,1374,5,184,,1,1,33794
50,53,1246,5,200,,4,2,49000
46,47,1246,5,220,,1,3,30150
61,48,1246,5,49,39,2,1,30210
106,51,1246,5,221,68,2,1,52131
55,57,1246,5,51,,1,1,60429
45,153,1246,5,150,,2,0,75000
56,105,1247,5,253,34,0,3,40500
62,49,1247,5,149,38,3,0,58872
58,56,1249,5,199,36,2,1,51000
47,52,1250,5,252,29,1,1,52659
49,55,1250,5,221,95,0,1,24000
51,62,1250,5,152,103,3,1,54976
105,61,1250,5,58,104,1,1,26133
153,50,1250,5,254,115,2,1,40000
53,45,1250,5,149,31,1,3,81360
48,46,1252,5,47,,0,3,49200
57,106,1252,5,226,35,3,3,25214
62,53,1253,5,222,38,2,1,58932
46,58,1254,5,54,,1,1,30150
52,48,1254,5,221,,1,0,30473
61,153,1254,5,220,39,2,2,29218
57,49,1254,5,49,35,3,1,23774
45,105,1254,5,51,,3,0,75000
106,47,1254,5,153,68,2,4,48304
55,51,1255,5,62,,2,0,62271
56,50,1255,5,225,34,4,0,41500
50,62,1257,5,58,,1,1,43500
58,61,1258,5,200,36,0,1,50000
49,52,1258,5,150,95,2,1,24000
53,55,1258,5,47,31,4,4,80179
105,57,1258,5,149,104,2,1,26541
153,56,1258,5,184,115,2,0,40172
47,45,1258,5,49,29,2,1,54018
51,46,1259,5,153,103,3,0,46440
48,106,1259,5,251,,0,2,47800
49,51,1261,5,199,95,0,0,24000
46,153,1262,5,150,,4,0,28299
52,105,1262,5,222,,1,3,25037
61,53,1262,5,62,39,1,1,30210
56,62,1262,5,153,34,1,0,41500
45,50,1262,5,152,,3,1,75000
55,48,1262,5,149,,2,2,61761
106,58,1263,5,253,68,1,2,38781
57,47,1263,5,225,35,3,0,24265
62,61,1265,5,47,38,0,2,54650
58,45,1266,5,220,36,0,1,51500
53,56,1266,5,49,31,1,2,81160
51,57,1266,5,58,103,0,0,45226
153,52,1266,5,200,115,2,2,40000
47,55,1266,5,184,29,1,1,54018
48,49,1267,5,226,,3,4,45100
50,46,1267,5,51,,2,0,36800
105,106,1267,5,254,104,1,1,26641
57,153,1357,5,152,35,1,1,22827
52,53,1357,5,199,,0,2,32976
49,47,1357,5,47,95,1,0,23800
51,58,1357,5,49,103,1,2,40983
46,62,1358,5,251,,1,0,30150
45,48,1358,5,150,,1,0,75000
61,56,1358,5,149,39,1,0,26620
55,105,1358,5,252,,3,2,59215
106,50,1358,5,62,68,3,1,29231
47,51,1269,5,51,29,3,1,51409
48,57,1227,5,199,,1,0,41000
58,55,1227,5,226,36,2,2,50600
62,45,1227,5,200,38,0,1,58885
56,52,1227,5,225,34,2,2,39000
105,49,1227,5,58,104,3,3,25000
53,46,1227,5,220,31,2,1,81000
50,61,1270,5,253,,4,4,32800
153,106,1270,5,222,115,2,3,36109
61,45,1281,5,150,39,1,3,30210
50,52,1282,5,153,,3,2,34500
56,46,1282,5,62,34,1,1,37500
62,106,1282,5,221,38,1,0,57181
105,51,1282,5,49,104,1,0,30087
58,49,1282,5,184,36,1,1,45300
153,55,1282,5,47,115,3,1,42558
48,47,1283,5,54,,2,1,50000
53,57,1283,5,149,31,0,0,80600
106,53,1285,5,58,68,1,1,65893
47,105,1286,5,251,29,2,0,42016
49,153,1286,5,199,95,2,1,23700
52,62,1286,5,220,,3,2,25736
57,58,1286,5,51,35,1,3,24415
46,61,1286,5,149,,1,4,28017
51,48,1286,5,152,103,0,2,52647
45,56,1287,5,226,,4,2,75000
55,50,1287,5,254,,1,1,60500
58,47,1290,5,52,36,2,0,47500
45,46,1291,5,49,,5,2,75000
53,49,1291,5,150,31,2,2,81360
153,51,1291,5,225,115,1,1,42558
48,105,1291,5,58,,1,1,49900
62,55,1291,5,54,38,0,2,55096
56,106,1291,5,153,34,0,0,40030
61,52,1292,5,222,39,2,0,25471
50,57,1292,5,221,,0,1,34300
48,53,1294,5,199,,2,3,50000
52,45,1295,5,253,,0,2,34000
106,46,1295,5,47,68,1,1,32598
55,56,1295,5,152,,1,2,62271
57,62,1295,5,62,35,1,1,24378
49,61,1295,5,226,95,0,0,24000
47,153,1295,5,149,29,0,1,49018
105,58,1296,5,220,104,3,0,27188
51,50,1296,5,184,103,1,1,46016
153,105,1298,5,252,115,2,0,34286
53,51,1251,5,52,31,2,0,81360
61,106,1251,5,200,39,0,2,25601
58,48,1251,5,150,36,4,2,47700
50,49,1251,5,49,,2,1,37800
46,52,1251,5,225,,4,2,24105
45,55,1251,5,149,,2,1,75000
62,47,1299,5,222,38,1,0,53296
56,57,1299,5,47,34,3,1,38062
106,52,1301,5,254,68,0,2,30908
57,45,1302,5,184,35,1,2,30000
51,61,1302,5,221,103,1,2,45691
49,56,1302,5,62,95,1,0,24000
48,50,1302,5,51,,1,1,48400
55,46,1302,5,199,,2,1,60741
105,62,1303,5,149,104,0,1,30007
45,51,1289,5,58,,6,0,75000
47,53,1303,5,153,29,0,1,54018
58,153,1304,5,54,36,2,1,45100
52,57,1305,5,153,,1,1,25173
50,47,1306,5,226,,0,1,43000
46,49,1306,5,58,,1,1,30150
45,106,1306,5,152,,0,0,75000
62,58,1306,5,251,38,1,0,55418
56,51,1306,5,54,34,1,0,42100
61,55,1307,5,150,39,0,2,30210
153,48,1307,5,220,115,1,2,31793
53,105,1308,5,49,31,1,1,54300
47,56,1375,5,225,29,2,2,52211
57,61,1312,5,54,35,1,2,24354
58,50,1312,5,52,36,1,0,48500
55,106,1312,5,184,,1,0,61578
105,46,1312,5,200,104,0,2,27100
51,52,1312,5,51,103,0,0,46739
153,53,1312,5,221,115,1,1,42558
48,62,1313,5,253,,2,3,50000
49,45,1313,5,222,95,0,4,24000
52,55,1315,5,221,,0,1,30655
46,57,1289,5,49,,3,0,25550
50,105,1289,5,153,,1,3,36500
106,49,1289,5,252,68,0,0,38625
61,47,1289,5,62,39,2,0,28809
62,153,1316,5,149,38,0,0,53548
53,58,1316,5,47,31,3,2,81360
56,48,1317,5,199,34,3,1,41100
49,62,1318,5,199,95,1,2,24000
105,56,1319,5,184,104,1,3,30080
47,46,1319,5,254,29,3,3,51049
51,106,1319,5,226,103,1,2,52159
58,52,1319,5,150,36,3,0,49500
57,55,1319,5,225,35,0,1,27502
53,50,1320,5,200,31,1,0,81360
48,61,1320,5,220,,2,0,50000
153,45,1320,5,52,115,2,1,42558
50,153,1321,5,152,,2,3,42300
46,48,1321,5,62,,6,0,30150
62,51,1321,5,221,38,1,1,58826
61,105,1321,5,222,39,0,0,25831
55,49,1321,5,149,,2,0,61600
45,53,1321,5,153,,6,0,75000
106,57,1321,5,47,68,0,0,34765
56,58,1322,5,54,34,2,1,42100
52,47,1322,5,49,,0,0,30173
50,56,1324,5,,,2,1,49000
47,106,1325,5,251,29,2,1,51417
105,45,1325,5,51,104,1,4,30660
48,52,1325,5,225,,1,1,50000
49,57,1325,5,184,95,0,2,24000
51,55,1325,5,58,103,3,2,54137
53,62,1326,5,200,31,3,0,81360
58,46,1326,5,150,36,1,1,50500
153,61,1327,5,47,115,1,4,35617
57,105,1328,5,200,35,0,0,23512
46,51,1329,5,220,,2,0,30150
62,50,1329,5,252,38,1,1,57131
106,48,1329,5,253,68,2,1,49253
61,58,1329,5,221,39,4,1,30210
45,47,1329,5,226,,5,1,75000
55,53,1330,5,49,,2,0,61786
56,153,1330,5,58,34,1,1,42100
52,49,1372,5,152,,2,0,26407
47,57,1334,5,149,29,3,0,47797
50,45,1335,5,254,,0,3,49000
51,49,1335,5,225,103,1,0,54847
153,46,1335,5,,115,2,5,41780
58,106,1335,5,184,36,0,3,51000
62,56,1335,5,253,38,2,0,58932
53,61,1335,5,51,31,4,0,81360
105,52,1336,5,222,104,2,0,29110
48,55,1336,5,52,,2,2,50000
46,50,1339,5,200,,3,1,26452
55,47,1340,5,220,,1,1,62271
45,58,1340,5,58,,4,1,75000
106,105,1340,5,52,68,2,2,40935
49,48,1340,5,47,95,3,2,24000
57,51,1340,5,150,35,1,3,29400
61,62,1340,5,,39,0,1,30210
52,153,1341,5,153,,3,0,30083
56,53,1341,5,221,34,1,1,41000
50,106,1344,5,253,,3,1,49000
47,49,1344,5,49,29,3,1,54018
58,51,1344,5,47,36,3,0,51500
48,45,1344,5,251,,1,3,50000
62,46,1344,5,54,38,2,0,58312
53,52,1344,5,150,31,1,2,81360
56,61,1344,5,62,34,0,0,41000
105,55,1344,5,226,104,1,2,30660
153,57,1344,5,52,115,4,1,41487
51,47,1347,5,221,103,2,1,57000
46,53,1347,5,49,,3,1,30150
61,50,1347,5,152,39,3,2,30210
55,58,1347,5,222,,1,0,61585
57,48,1347,5,51,35,4,1,26112
45,62,1347,5,184,,1,4,75000
106,153,1347,5,252,68,2,6,60502
49,105,1347,5,153,95,2,0,24000
52,56,1347,5,254,,1,2,34000
81,71,1376,2,74,,3,2,13572
68,158,1377,2,155,43,2,0,46898
119,69,1377,2,228,79,1,1,9968
65,159,1377,2,20,,4,0,39177
139,130,1377,2,227,117,1,3,14584
76,67,1377,2,232,105,1,0,25879
72,80,1377,2,255,44,1,0,14725
21,129,1378,2,229,106,3,0,30683
146,79,1378,2,137,,2,2,11767
66,108,1378,2,136,42,3,0,50904
67,119,1351,2,227,,1,2,24260
69,65,1351,2,229,108,1,2,24944
129,66,1352,2,230,85,0,1,33654
80,76,1352,2,162,49,0,1,17606
71,72,1352,2,20,107,1,0,11876
79,139,1352,2,155,116,2,0,22095
158,146,1352,2,256,,0,2,7772
159,21,1353,2,233,123,3,0,25591
108,81,1353,2,81,70,1,4,14295
130,68,1353,2,80,86,0,3,18378
139,81,1214,2,232,117,0,1,18136
65,79,1215,2,74,,3,3,42073
72,159,1215,2,256,44,1,1,12585
67,130,1215,2,229,,2,0,21070
69,108,1215,2,255,108,2,2,16888
76,158,1215,2,235,105,3,0,30004
119,129,1215,2,137,79,0,1,11035
21,80,1216,2,228,106,0,2,28740
66,146,1216,2,227,42,1,1,51966
68,71,1216,2,161,43,6,2,47221
68,76,1218,2,74,43,3,0,46957
129,65,1219,2,80,85,0,0,30718
80,139,1219,2,235,49,1,0,15697
71,69,1219,2,230,107,3,2,10651
79,119,1219,2,81,116,2,1,19002
108,72,1219,2,162,70,2,1,10902
158,67,1219,2,233,,3,0,9397
130,159,1220,2,155,86,2,0,13061
146,21,1220,2,70,,1,1,10284
81,66,1220,2,20,,6,1,16353
21,79,1221,2,232,106,0,0,27464
139,68,1221,2,137,117,1,5,25015
67,81,1222,2,74,,4,0,28995
80,108,1222,2,255,49,2,1,15328
72,129,1222,2,227,44,0,1,10298
159,158,1222,2,235,123,0,1,23424
119,71,1222,2,256,79,0,0,1060
76,146,1223,2,228,105,1,1,29740
65,130,1223,2,229,,2,1,36697
66,69,1223,2,80,42,1,3,40343
71,79,1225,2,74,107,0,1,13616
81,159,1226,2,233,,3,0,8310
130,21,1226,2,235,86,1,0,11901
129,80,1226,2,234,85,1,0,20245
119,72,1226,2,161,79,0,1,11970
108,76,1226,2,136,70,0,1,13820
158,66,1228,2,155,,0,2,11698
69,67,1228,2,70,108,0,1,24892
146,139,1228,2,162,,0,1,9163
68,65,1228,2,20,43,2,0,47191
67,146,1373,2,232,,2,2,18023
21,81,1373,2,230,106,0,4,34146
72,68,1233,2,74,44,0,0,20975
80,158,1233,2,256,49,1,0,16212
79,130,1233,2,136,116,3,1,20603
65,108,1233,2,80,,3,3,33600
139,119,1233,2,228,117,0,1,15491
81,130,1250,2,155,,6,0,7066
76,69,1234,2,227,105,2,2,31043
159,129,1234,2,137,123,1,2,23408
66,71,1234,2,229,42,2,0,39501
81,72,1236,2,81,,1,1,7053
68,79,1237,2,232,43,6,2,47537
130,71,1237,2,20,86,1,1,13196
129,139,1237,2,233,85,1,0,22104
69,80,1237,2,161,108,0,1,18689
108,159,1237,2,234,70,1,1,11577
119,76,1238,2,70,79,2,1,11823
146,65,1238,2,155,,3,3,11432
67,66,1238,2,136,,2,4,32702
158,21,1256,2,155,,3,0,9015
65,81,1239,2,136,,3,2,43295
108,68,1240,2,227,70,1,2,15160
80,146,1240,2,229,49,0,2,16736
130,69,1240,2,230,86,2,0,15902
21,119,1240,2,256,106,2,2,29518
71,158,1240,2,232,107,1,0,15308
76,139,1240,2,234,105,3,1,24613
79,129,1241,2,228,116,1,1,31048
72,67,1241,2,235,44,2,0,14374
159,66,1241,2,80,123,3,3,26015
23,161,1223,3,188,,2,0,57235
76,72,1354,2,230,105,0,1,24004
81,80,1243,2,255,,2,0,8040
139,108,1243,2,155,117,1,2,14748
129,130,1243,2,161,85,2,1,27711
69,21,1243,2,234,108,1,0,21852
146,71,1243,2,233,,0,1,11001
158,79,1243,2,137,,1,0,12297
67,159,1244,2,70,,1,2,23595
119,65,1244,2,232,79,0,5,14722
66,68,1244,2,20,42,2,2,60410
68,67,1374,2,81,43,3,0,47224
79,81,1246,2,80,116,0,2,28831
72,69,1246,2,136,44,0,1,11790
80,119,1246,2,227,49,1,0,16908
130,158,1246,2,233,86,1,1,13809
159,146,1246,2,228,123,2,2,25011
108,129,1246,2,256,70,1,0,11764
65,139,1247,2,229,,2,0,53921
71,76,1247,2,235,107,0,0,15062
21,66,1247,2,232,106,0,1,43948
69,79,1249,2,20,108,1,0,24547
146,68,1250,2,136,,0,5,12381
72,158,1250,2,162,44,1,1,10149
119,159,1250,2,255,79,3,0,10260
129,71,1250,2,80,85,2,1,21390
67,108,1252,2,234,,1,0,18987
139,21,1252,2,235,117,0,3,12504
66,80,1252,2,70,42,5,0,47687
76,65,1252,2,74,105,0,5,38993
21,76,1253,2,233,106,3,1,28019
158,81,1253,2,227,,1,1,9821
68,129,1254,2,70,43,4,1,47680
130,146,1254,2,235,86,1,1,13849
71,139,1254,2,256,107,0,0,15656
159,69,1254,2,81,123,2,1,22707
108,119,1254,2,230,70,3,1,10227
80,67,1255,2,137,49,1,1,15144
65,72,1255,2,228,,0,0,47651
79,66,1255,2,229,116,1,1,37356
76,159,1257,2,136,105,2,2,21282
69,129,1258,2,20,108,2,1,26151
72,21,1258,2,255,44,3,0,11370
80,79,1258,2,228,49,1,0,15275
139,158,1258,2,80,117,0,2,15079
108,71,1258,2,162,70,3,1,10123
119,146,1258,2,256,79,3,0,8906
67,65,1259,2,230,,0,5,27542
82,95,1223,3,189,119,1,0,16000
66,130,1259,2,161,42,1,0,43563
81,68,1259,2,232,,1,2,16588
159,80,1355,2,162,123,0,0,22175
158,108,1355,2,228,,2,1,8693
79,76,1355,2,155,116,3,0,21115
130,72,1356,2,234,86,0,0,13578
71,67,1356,2,233,107,1,2,10336
139,66,1356,2,81,117,0,3,18043
129,81,1356,2,229,85,1,0,24800
65,21,1356,2,227,,1,2,31679
146,69,1356,2,70,,1,2,10364
68,119,1356,2,235,43,2,0,40920
108,79,1261,2,136,70,3,2,10631
159,68,1262,2,20,123,2,1,25327
67,139,1262,2,155,,3,1,16383
21,71,1262,2,229,106,1,0,29287
69,158,1262,2,255,108,2,0,23051
81,146,1262,2,80,,1,0,6545
119,130,1262,2,137,79,0,1,9149
76,129,1263,2,232,105,1,1,24085
80,65,1263,2,161,49,1,2,19455
72,66,1263,2,230,44,1,1,19230
79,159,1265,2,235,116,0,3,24515
68,21,1266,2,233,43,3,1,47176
130,108,1266,2,155,86,4,0,13825
71,80,1266,2,,107,2,0,12613
139,69,1266,2,228,117,1,1,11239
81,119,1266,2,230,,3,2,8935
146,72,1266,2,162,,1,1,8756
158,65,1267,2,234,,1,2,9130
129,67,1267,2,227,85,1,2,19723
66,76,1267,2,70,42,3,0,41943
76,81,1269,2,161,105,0,4,23107
69,68,1227,2,80,108,1,4,29194
72,139,1227,2,229,44,1,3,14055
80,130,1227,2,70,49,0,0,17173
159,71,1227,2,137,123,2,1,23315
108,21,1227,2,255,70,3,0,10634
119,158,1227,2,232,79,1,0,14505
129,146,1270,2,228,85,1,0,24285
67,79,1270,2,20,,1,0,22831
65,66,1270,2,136,,2,0,57206
21,67,1274,2,230,106,1,1,26450
130,76,1274,2,233,86,2,1,14165
71,65,1274,2,232,107,1,2,15853
139,159,1274,2,74,117,3,0,16874
79,72,1274,2,137,116,0,2,16429
68,80,1274,2,228,43,3,1,47490
66,119,1274,2,234,42,3,1,37949
81,69,1274,2,136,,2,1,7542
146,108,1274,2,161,,2,1,8017
158,129,1274,2,235,,0,1,8865
159,130,1281,2,,123,0,2,22578
69,66,1282,2,74,108,0,3,23700
72,81,1282,2,80,44,0,0,14643
67,158,1282,2,161,,1,0,17340
80,21,1282,2,233,49,0,1,18283
119,79,1282,2,235,79,0,1,10822
108,139,1282,2,232,70,1,1,10668
76,71,1283,2,155,105,2,0,23295
65,146,1283,2,230,,1,1,36691
129,68,1283,2,81,85,0,1,34486
79,80,1379,2,162,116,0,2,14368
66,159,1379,2,20,42,2,0,38099
81,67,1379,2,232,,2,2,10533
21,69,1380,2,155,106,1,2,27816
130,65,1380,2,70,86,0,2,14638
71,129,1380,2,255,107,1,1,13742
139,76,1380,2,229,117,3,0,12702
158,72,1380,2,228,,1,1,8233
146,119,1380,2,161,,3,1,8046
68,108,1380,2,234,43,8,0,47483
80,66,1285,2,232,49,0,2,20249
129,79,1286,2,233,85,0,1,26076
72,71,1286,2,235,44,2,1,10652
159,108,1286,2,80,123,3,2,21067
69,146,1286,2,,108,1,0,21186
119,21,1286,2,162,79,1,0,9269
158,130,1286,2,137,,3,1,8686
67,76,1287,2,230,,1,0,23254
81,139,1287,2,155,,3,1,6333
65,68,1287,2,74,,2,1,57582
108,69,1290,2,235,70,2,1,10091
68,72,1291,2,230,43,4,0,47379
130,129,1291,2,229,86,0,3,13761
71,119,1291,2,136,107,1,0,19028
139,67,1291,2,233,117,2,1,13200
76,80,1291,2,,105,2,1,21559
146,158,1291,2,234,,1,0,8914
21,159,1292,2,137,106,2,1,27462
79,65,1292,2,232,116,3,1,29310
66,81,1292,2,80,42,2,2,51279
66,139,1294,2,234,42,6,3,32745
21,68,1295,2,233,106,0,3,49082
72,146,1295,2,162,44,2,1,9549
67,71,1295,2,80,,0,1,17231
159,79,1295,2,235,123,0,2,24662
158,76,1295,2,255,,0,2,9255
69,130,1296,2,20,108,0,1,28705
80,129,1296,2,228,49,3,2,16121
81,65,1296,2,136,,3,2,10301
119,108,1381,2,161,79,0,0,10269
76,66,1298,2,230,105,2,2,30162
71,68,1251,2,20,107,0,1,31909
130,80,1251,2,162,86,0,0,13988
139,72,1251,2,137,117,0,1,12304
79,158,1251,2,136,116,3,2,19889
108,67,1251,2,70,70,3,2,11901
146,81,1251,2,255,,0,4,12759
159,119,1299,2,232,123,2,1,22926
129,21,1299,2,155,85,2,2,22655
65,69,1299,2,161,,0,2,39189
81,108,1301,2,233,,4,0,6418
68,159,1302,2,255,43,5,2,47059
72,130,1302,2,228,44,1,1,9936
80,69,1302,2,257,49,2,2,16083
119,139,1302,2,234,79,1,0,11337
146,76,1302,2,80,,0,1,11166
158,71,1302,2,230,,0,0,8730
67,129,1303,2,74,,1,1,20966
21,65,1303,2,229,106,2,2,39523
66,79,1303,2,155,42,1,0,47287
159,72,1305,2,161,123,0,0,23305
71,81,1306,2,229,107,3,3,13184
130,139,1306,2,235,86,2,2,14447
21,146,1306,2,232,106,1,2,28629
129,158,1306,2,162,85,0,1,18830
69,119,1306,2,255,108,2,0,17536
108,80,1306,2,137,70,2,0,10524
79,67,1307,2,230,116,0,0,23027
65,76,1307,2,20,,1,1,58069
68,66,1307,2,136,43,3,0,47490
67,21,1375,2,255,,2,1,20314
81,79,1375,2,20,,2,1,7419
119,68,1312,2,228,79,0,2,20006
139,71,1312,2,155,117,1,1,11287
158,69,1312,2,70,,0,2,10241
146,130,1312,2,74,,3,0,9842
76,108,1312,2,229,105,2,2,25150
80,159,1313,2,233,49,2,0,16464
72,65,1313,2,136,44,1,1,15160
66,129,1313,2,80,42,1,1,44203
159,81,1315,2,80,123,1,3,23814
68,139,1289,2,161,43,5,0,47227
21,72,1289,2,,106,1,1,28609
79,146,1289,2,233,116,0,0,17194
129,119,1289,2,235,85,1,0,17776
69,76,1289,2,136,108,1,1,25655
108,158,1289,2,155,70,1,1,12332
130,67,1316,2,162,86,2,5,13656
65,80,1316,2,74,,1,0,39530
71,66,1316,2,232,107,1,2,26320
81,21,1318,2,74,,2,1,7147
79,69,1319,2,155,116,0,2,32626
72,108,1319,2,255,44,2,2,14747
146,80,1319,2,234,,3,0,10342
158,119,1319,2,162,,1,1,9221
71,159,1319,2,,107,2,2,14273
67,68,1320,2,232,,1,2,33478
139,129,1320,2,229,117,1,1,13058
76,130,1320,2,161,105,2,0,25073
66,65,1320,2,20,42,2,3,60009
68,146,1382,2,137,43,2,1,46757
108,66,1321,2,235,70,1,3,15157
130,79,1322,2,,86,2,1,15427
80,72,1322,2,80,49,1,3,17686
21,158,1322,2,228,106,0,1,
85,161,1231,3,193,,2,0,45343
129,76,1322,2,258,85,0,3,31043
119,67,1322,2,233,79,0,2,11013
159,139,1322,2,20,123,2,2,25627
65,71,1322,2,136,,2,0,48548
69,81,1383,2,161,108,1,1,17448
76,68,1324,2,70,105,1,1,37602
81,129,1325,2,232,,2,1,8557
71,108,1325,2,256,107,0,1,17246
130,119,1325,2,230,86,4,0,14604
79,21,1325,2,255,116,2,1,34997
158,80,1325,2,229,,3,0,9506
146,159,1325,2,162,,1,1,11893
67,69,1326,2,235,,1,1,23827
139,65,1326,2,80,117,0,5,15540
66,72,1326,2,155,42,0,0,39163
146,67,1328,2,74,,1,1,12754
65,158,1329,2,233,,3,0,47513
21,130,1329,2,136,106,2,2,33461
159,76,1329,2,155,123,0,1,25377
129,108,1329,2,234,85,1,1,19209
69,139,1329,2,256,108,1,2,22855
72,79,1330,2,228,44,1,3,13520
119,66,1330,2,,79,2,3,18011
68,81,1330,2,20,43,7,1,46869
80,71,1384,2,229,49,0,0,18658
129,69,1334,2,136,85,1,1,32431
108,65,1334,2,230,70,2,5,15102
66,21,1335,2,161,42,5,1,51098
130,81,1335,2,229,86,3,1,14968
71,146,1335,2,235,107,2,0,14414
139,80,1335,2,228,117,1,1,16518
158,159,1335,2,234,,3,1,9784
67,72,1336,2,20,,1,0,21285
76,119,1336,2,162,105,2,1,31692
79,68,1336,2,80,116,0,1,41290
72,76,1339,2,255,44,0,1,15814
65,129,1340,2,80,,2,0,50443
159,67,1340,2,161,123,1,1,25386
79,108,1340,2,233,116,3,1,22584
81,158,1340,2,155,,0,0,8164
119,80,1340,2,256,79,3,1,14019
21,139,1340,2,232,106,3,1,38429
69,71,1341,2,162,108,2,1,20138
146,66,1341,2,70,,1,1,15794
68,130,1341,2,,43,2,2,
158,68,1343,2,256,,2,2,11676
76,79,1345,2,,105,1,3,33741
65,119,1345,2,70,,3,0,54274
71,21,1345,2,74,107,2,3,26251
80,81,1345,2,20,49,1,2,17468
139,146,1345,2,234,117,1,2,13295
129,72,1345,2,230,85,0,2,19895
69,159,1345,2,229,108,2,1,23554
108,130,1345,2,228,70,3,1,13157
66,67,1345,2,80,42,2,1,51442
130,66,1385,2,161,86,3,3,18378
67,80,1347,2,230,,4,1,22570
72,119,1347,2,232,44,1,1,12125
21,108,1347,2,70,106,2,1,46342
159,65,1347,2,74,123,3,2,25503
79,71,1347,2,20,116,4,2,38630
68,69,1347,2,235,43,0,2,47352
146,129,1347,2,229,,0,2,15567
158,139,1347,2,233,,2,0,10969
81,76,1347,2,136,,1,0,10742
71,130,1349,2,155,107,2,1,24306
80,68,1349,2,80,49,0,0,19999
139,79,1349,2,256,117,0,4,12400
129,159,1349,2,20,85,1,0,19595
69,72,1349,2,228,108,1,1,28126
65,67,1349,2,136,,3,2,56953
66,158,1349,2,235,42,2,1,56120
119,81,1349,2,74,79,0,3,14585
108,146,1349,2,255,70,2,1,14270
76,21,1349,2,232,105,5,0,33665
24,91,1215,3,189,118,3,0,39226
131,98,1215,3,165,53,1,3,20000
111,22,1216,3,123,73,0,1,19108
154,85,1216,3,166,,0,3,13478
90,123,1216,3,185,57,1,1,19033
23,89,1216,3,23,,3,0,51752
82,84,1216,3,188,119,1,2,16000
87,160,1216,3,238,,2,1,19923
97,161,1216,3,193,109,0,0,18000
133,95,1216,3,102,89,0,0,7000
95,24,1219,3,98,,2,4,26296
160,90,1219,3,127,,0,1,12000
22,23,1219,3,139,109,1,3,51000
123,133,1220,3,114,,3,0,13000
84,97,1220,3,174,53,1,2,10000
154,131,1220,3,115,,0,0,9158
89,87,1220,3,117,56,1,2,25611
161,82,1220,3,105,124,3,2,11000
85,91,1220,3,163,,2,1,49525
98,111,1220,3,140,62,3,1,35102
24,84,1222,3,165,118,3,0,39742
111,133,1223,3,174,73,2,1,16120
91,154,1223,3,117,125,1,0,16500
131,89,1223,3,102,53,0,5,15000
97,85,1223,3,96,109,4,1,38000
160,123,1223,3,193,,0,1,11416
90,98,1223,3,123,57,0,3,22398
87,22,1386,3,111,,1,1,20500
154,23,1226,3,98,,0,2,13422
89,90,1226,3,105,56,2,1,23802
22,131,1226,3,163,109,3,0,29045
133,24,1228,3,185,89,1,3,21000
123,87,1228,3,23,,2,2,19879
161,91,1228,3,192,124,0,2,11000
85,82,1228,3,115,,2,1,49473
98,160,1228,3,139,62,6,0,45000
84,111,1228,3,166,53,1,1,12000
95,97,1228,3,111,,2,3,19065
90,23,1230,3,140,57,1,1,26067
160,22,1231,3,165,,0,4,14839
24,89,1231,3,117,118,1,0,35652
97,98,1231,3,102,109,1,4,35000
82,123,1231,3,96,119,2,3,15000
91,133,1231,3,188,125,0,1,14000
111,154,1231,3,259,73,5,1,16378
95,84,1231,3,114,,1,1,18376
131,87,1231,3,174,53,0,0,14690
22,82,1233,3,185,109,3,1,32457
161,98,1233,3,166,124,2,3,
24,123,1233,3,123,118,4,0,40186
87,85,1234,3,105,,2,0,21896
154,160,1234,3,111,,2,0,8827
91,84,1234,3,172,125,0,2,
131,97,1234,3,139,53,0,3,18178
23,95,1234,3,115,,1,0,50037
133,90,1234,3,23,89,0,1,10805
89,111,1234,3,163,56,1,1,21390
82,87,1237,3,165,119,4,0,17935
95,90,1237,3,96,,0,1,19154
98,91,1238,3,193,62,3,0,42813
97,133,1238,3,189,109,6,1,21000
160,23,1238,3,117,,1,2,16274
84,89,1238,3,123,53,2,1,10000
161,154,1238,3,114,124,1,1,11187
123,131,1238,3,188,,2,2,15000
85,22,1238,3,98,,0,2,61698
111,24,1238,3,102,73,2,2,19962
24,97,1240,3,114,118,1,2,40544
22,98,1240,3,96,109,0,1,37914
89,82,1241,3,139,56,2,1,25156
91,95,1241,3,185,125,2,3,14218
90,161,1241,3,115,57,2,1,24074
154,123,1241,3,105,,2,2,9573
133,84,1241,3,174,89,0,0,8000
87,111,1241,3,166,,3,1,19672
23,85,1241,3,23,,3,2,78328
131,160,1242,3,140,53,1,0,16282
87,154,1243,3,127,,5,0,18220
98,23,1243,3,98,62,0,0,50000
84,131,1244,3,193,53,3,2,15000
111,90,1244,3,189,73,1,0,18205
160,89,1244,3,188,,0,3,10881
85,95,1244,3,123,,0,0,47219
161,133,1244,3,165,124,0,1,11000
123,22,1244,3,102,,0,1,17000
82,24,1244,3,117,119,2,6,22100
97,91,1244,3,163,109,3,0,25000
23,87,1387,3,115,,3,2,54451
111,131,1388,3,260,73,3,0,16768
22,154,1388,3,174,109,1,0,31605
24,161,1388,3,238,118,4,1,39953
95,98,1388,3,114,,2,3,25367
90,97,1388,3,185,57,1,2,20070
91,160,1388,3,139,125,2,1,14040
84,85,1388,3,140,53,1,4,12000
133,82,1388,3,23,89,0,1,8200
89,123,1388,3,166,56,3,0,22459
85,24,1246,3,105,,0,2,78328
22,90,1246,3,165,109,1,0,35000
160,97,1247,3,123,,1,5,12413
82,111,1247,3,96,119,2,1,15000
98,133,1247,3,163,62,3,1,52000
161,95,1247,3,111,124,1,0,11000
87,84,1247,3,117,,4,1,17972
154,89,1247,3,189,,2,1,8906
123,91,1247,3,127,,2,1,18309
131,23,1248,3,188,53,1,2,26948
90,154,1250,3,238,57,2,3,20146
95,87,1250,3,139,,0,2,32288
23,123,1252,3,111,,1,1,71581
24,160,1252,3,193,118,2,1,40863
84,98,1252,3,185,53,0,0,12000
89,22,1252,3,140,56,2,4,25026
91,131,1252,3,115,125,2,1,14286
111,161,1252,3,170,73,1,1,17042
133,85,1252,3,102,89,0,2,12683
97,82,1386,3,98,109,3,0,20000
22,97,1254,3,96,109,2,1,55775
98,85,1254,3,117,62,2,1,35000
154,95,1255,3,23,,0,1,10000
161,89,1255,3,127,124,1,1,12124
87,24,1255,3,115,,3,2,28786
123,84,1255,3,98,,1,1,12000
82,91,1255,3,174,119,0,1,15000
160,133,1255,3,114,,1,2,10312
23,111,1255,3,165,,2,0,52177
131,90,1256,3,166,53,2,3,12325
90,87,1258,3,189,57,3,0,20192
133,131,1258,3,105,89,0,2,8774
84,161,1258,3,100,53,2,1,7000
91,23,1258,3,163,125,1,3,15974
95,22,1259,3,123,,1,1,20949
82,98,1259,3,140,119,0,1,20000
85,123,1259,3,139,,0,0,53923
97,89,1259,3,185,109,1,1,25000
24,154,1259,3,188,118,3,0,38963
111,160,1260,3,238,73,1,0,16687
22,161,1261,3,193,109,3,1,35609
98,24,1261,3,111,62,0,1,56000
123,111,1262,3,23,,1,1,14605
160,85,1263,3,166,,2,2,15710
90,91,1263,3,237,57,1,1,17780
89,133,1263,3,98,56,3,0,23398
23,84,1263,3,127,,5,0,53403
87,97,1263,3,114,,1,2,18050
154,82,1264,3,185,,0,3,8564
131,95,1264,3,102,53,0,1,14128
91,87,1266,3,238,125,2,2,13424
24,23,1266,3,105,118,0,0,41418
84,22,1267,3,189,53,0,0,10000
82,160,1267,3,172,119,2,0,11000
161,131,1267,3,96,124,2,2,10851
98,89,1267,3,165,62,0,0,45000
133,154,1267,3,174,89,2,1,9000
85,90,1267,3,115,,2,1,39504
97,123,1268,3,123,109,1,3,20000
95,111,1357,3,117,,1,2,18281
23,82,1227,3,166,,1,3,52011
123,98,1227,3,114,,1,3,19000
22,91,1227,3,102,109,1,0,33133
131,85,1270,3,111,53,3,0,19439
90,24,1270,3,98,57,0,3,29270
154,84,1270,3,163,,1,0,8799
89,95,1270,3,127,56,0,0,21043
87,133,1270,3,188,,0,1,17573
160,161,1270,3,238,,1,2,9538
111,97,1270,3,139,73,3,3,16692
84,90,1276,3,174,53,2,3,7000
91,89,1276,3,140,125,0,1,14297
97,154,1277,3,127,109,4,0,25000
82,131,1277,3,189,119,4,0,14000
95,160,1277,3,193,,1,0,19465
133,23,1277,3,117,89,1,0,19000
98,87,1277,3,185,62,3,2,45000
161,123,1277,3,105,124,2,2,12522
85,111,1277,3,165,,0,2,45746
24,22,1277,3,23,118,1,0,41100
154,98,1389,3,166,,0,1,11000
89,85,1362,3,98,56,1,1,30213
90,82,1362,3,188,57,1,2,20954
22,133,1362,3,111,109,1,1,37157
123,95,1362,3,139,,0,0,15000
160,84,1362,3,261,,1,0,10200
111,91,1362,3,238,73,1,2,17555
87,161,1362,3,163,,2,0,19583
23,97,1362,3,96,,0,0,61852
131,24,1362,3,114,53,1,3,29215
84,82,1390,3,170,53,1,1,7000
89,23,1390,3,105,56,1,1,29428
123,90,1278,3,102,,3,0,12000
95,133,1278,3,123,,1,0,18639
85,154,1278,3,189,,1,0,42533
161,97,1278,3,23,124,2,5,12100
98,131,1278,3,193,62,2,0,40000
160,87,1278,3,174,,3,2,11363
22,111,1278,3,115,109,1,2,32863
91,24,1278,3,127,125,0,1,16233
111,98,1287,3,111,73,0,1,19098
87,89,1287,3,238,,3,1,19083
131,154,1287,3,96,53,0,3,16075
90,160,1287,3,192,57,3,0,20515
82,161,1287,3,117,119,1,1,17944
133,123,1287,3,165,89,1,1,10402
97,84,1287,3,193,109,5,1,25000
91,85,1287,3,115,125,1,2,15235
23,22,1287,3,185,,1,1,57066
24,95,1288,3,140,118,1,0,29412
133,111,1291,3,105,89,0,3,8852
84,24,1291,3,189,53,0,2,28000
161,23,1292,3,123,124,1,1,13098
123,160,1292,3,166,,3,0,16257
89,131,1292,3,188,56,1,4,22796
98,90,1292,3,114,62,3,1,37227
95,82,1292,3,163,,0,1,18896
154,91,1292,3,23,,1,1,8987
85,97,1292,3,139,,2,1,50822
22,87,1292,3,98,109,0,1,29468
87,123,1295,3,96,,1,1,19035
23,154,1295,3,111,,1,1,46807
131,22,1296,3,165,53,0,1,
82,85,1296,3,174,119,1,1,24000
90,89,1296,3,117,57,1,2,19301
111,84,1296,3,127,73,1,0,17392
24,133,1296,3,123,118,7,0,40400
91,161,1296,3,185,125,2,0,15986
160,98,1296,3,140,,0,2,18000
97,95,1297,3,189,109,1,2,20000
89,24,1298,3,115,56,0,2,32563
161,85,1251,3,166,124,0,4,13100
154,111,1251,3,185,,1,1,3000
98,97,1251,3,98,62,4,1,35000
133,91,1299,3,114,89,0,0,6000
84,95,1299,3,188,53,0,1,10000
23,90,1299,3,105,,2,1,46915
87,131,1299,3,163,,2,0,16635
123,82,1299,3,193,,2,0,18000
22,160,1299,3,174,109,5,2,31956
82,22,1302,3,140,119,0,2,16000
84,91,1302,3,126,53,2,1,5000
95,23,1302,3,165,,2,0,22629
123,24,1303,3,111,,0,1,26000
160,154,1303,3,96,,3,2,10163
90,133,1303,3,23,57,2,1,16271
98,161,1303,3,188,62,1,0,35000
111,89,1303,3,189,73,1,1,
85,87,1303,3,117,,1,0,46594
97,131,1304,3,127,109,2,0,18000
90,95,1306,3,262,57,2,0,16383
23,160,1306,3,163,,2,0,47157
154,161,1307,3,111,,2,3,8600
89,84,1307,3,193,56,1,0,21225
131,123,1307,3,185,53,2,1,16324
133,97,1307,3,174,89,0,3,6000
87,82,1307,3,102,,2,1,17767
22,85,1307,3,114,109,0,2,42537
91,98,1308,3,123,125,0,5,16000
24,111,1382,3,166,118,2,0,36753
161,90,1312,3,96,124,1,0,13000
97,24,1312,3,98,109,0,1,45000
98,22,1312,3,185,62,2,4,45000
111,87,1391,3,238,73,1,2,17652
82,89,1391,3,98,119,0,2,15000
95,91,1391,3,189,,2,1,18869
160,131,1383,3,117,,3,0,11006
84,133,1383,3,23,53,1,1,6000
123,154,1383,3,115,,4,1,10000
85,23,1383,3,140,,0,0,77512
22,123,1315,3,189,109,3,0,33847
131,84,1289,3,102,53,1,0,22473
89,160,1316,3,238,56,1,0,34381
90,111,1316,3,127,57,0,1,17917
91,97,1316,3,115,125,2,2,14241
24,82,1316,3,123,118,2,0,39744
154,87,1316,3,114,,4,1,8738
133,161,1316,3,117,89,1,1,8000
95,85,1316,3,165,,0,1,20004
23,98,1316,3,111,,0,0,59380
82,133,1319,3,193,119,1,2,15000
161,24,1319,3,185,124,0,0,13135
87,23,1320,3,23,,0,5,21336
160,91,1320,3,174,,1,2,9443
85,84,1320,3,166,,3,2,49701
154,22,1320,3,98,,0,2,11691
123,89,1320,3,188,,1,2,12000
131,111,1320,3,140,53,0,5,17147
97,90,1320,3,102,109,1,1,23000
98,95,1320,3,238,62,1,0,25000
90,22,1321,3,139,57,1,1,20778
23,131,1321,3,96,,3,0,60320
97,160,1321,3,127,109,6,2,20000
89,154,1321,3,105,56,2,0,22710
111,82,1321,3,163,73,2,0,17204
91,123,1321,3,237,125,0,4,15959
95,161,1321,3,123,,1,1,19853
84,87,1321,3,111,53,2,1,10000
133,98,1321,3,165,89,1,1,19000
24,85,1321,3,114,118,3,1,41156
160,24,1325,3,238,,2,4,16867
22,89,1325,3,165,109,0,2,41728
161,111,1325,3,102,124,1,1,12906
87,95,1325,3,185,,0,0,
123,23,1326,3,23,,1,0,
131,91,1326,3,105,53,1,0,14173
154,90,1326,3,127,,1,0,9679
98,84,1326,3,174,62,2,1,45000
82,97,1326,3,96,119,1,2,16000
85,133,1326,3,163,,1,1,43140
91,82,1329,3,123,125,2,1,13577
84,123,1329,3,140,53,0,0,5100
95,154,1329,3,139,,1,0,18988
111,23,1329,3,117,73,0,0,20076
89,161,1330,3,111,56,0,0,29651
85,98,1330,3,98,,0,0,65786
133,160,1330,3,188,89,2,2,8880
90,131,1330,3,193,57,2,0,19172
24,87,1330,3,166,118,3,0,40121
97,22,1330,3,114,109,0,0,45000
23,91,1331,3,238,,4,0,47467
160,111,1332,3,169,,0,3,10013
22,95,1332,3,163,109,2,1,30095
161,84,1332,3,185,124,0,0,12436
89,97,1332,3,102,56,3,4,24008
131,133,1332,3,115,53,0,1,12562
154,24,1332,3,165,,1,1,15021
123,85,1332,3,189,,1,1,22000
98,82,1332,3,127,62,4,2,45000
87,90,1332,3,174,,1,0,17563
161,22,1335,3,23,124,0,3,12955
133,89,1335,3,139,89,1,0,10739
85,160,1335,3,166,,0,1,47655
91,90,1336,3,117,125,0,0,15024
82,154,1336,3,140,119,1,2,16000
97,87,1336,3,111,109,4,0,40000
84,23,1336,3,105,53,1,2,18000
111,123,1336,3,172,73,2,1,18856
24,98,1336,3,96,118,0,1,40114
95,131,1337,3,188,,3,1,18839
22,84,1340,3,127,109,4,1,38694
23,24,1340,3,111,,2,3,78328
154,133,1341,3,102,,4,1,13600
90,85,1341,3,123,57,1,2,24263
160,82,1341,3,189,,3,3,10363
111,95,1341,3,165,73,3,1,18543
87,91,1341,3,193,,4,1,20189
131,161,1341,3,98,53,1,3,16342
89,98,1341,3,114,56,3,0,26206
123,97,1341,3,139,,0,1,17060
85,131,1344,3,238,,4,1,49644
24,90,1344,3,139,118,3,1,40714
82,23,1345,3,114,119,0,4,24000
95,89,1345,3,174,,2,3,20893
84,154,1345,3,185,53,2,1,15000
97,111,1345,3,98,109,1,1,40000
98,123,1345,3,117,62,2,2,45000
161,160,1345,3,115,124,2,0,11900
133,87,1345,3,237,89,1,0,10483
91,22,1345,3,140,125,0,1,15157
160,95,1347,3,170,,1,0,13616
23,133,1347,3,193,,1,2,
154,97,1348,3,114,,2,2,14983
131,82,1348,3,127,53,0,1,14013
89,91,1348,3,105,56,0,1,34690
123,161,1348,3,166,,2,1,15000
90,84,1348,3,163,57,1,2,22581
111,85,1348,3,115,73,1,1,19883
22,24,1348,3,23,109,0,0,
87,98,1348,3,188,,0,2,
24,131,1349,3,119,118,2,1,40380
95,123,1350,3,263,,1,2,21034
85,89,1350,3,165,,5,1,56968
91,111,1350,3,185,125,1,0,16233
98,154,1350,3,98,62,2,1,50000
82,90,1350,3,188,119,1,0,25000
161,87,1350,3,140,124,3,1,12733
84,160,1350,3,238,53,1,0,17000
97,23,1350,3,96,109,2,3,65000
133,22,1350,3,192,89,0,1,15000
155,114,1392,1,264,,0,0,10368
99,3,1392,1,209,63,0,3,46225
113,4,1393,1,206,,1,1,16215
18,5,1393,1,176,111,1,2,16250
11,151,1393,1,196,97,3,0,52356
134,162,1394,1,158,,1,2,4234
100,19,1394,1,208,,1,4,11719
13,15,1394,1,215,9,2,0,48446
12,10,1395,1,205,8,1,1,46241
14,150,1395,1,265,10,2,1,38327
15,134,1396,1,244,91,2,0,7851
150,5,1396,1,214,,2,2,9735
151,99,1397,1,246,110,0,0,18221
10,100,1397,1,212,120,1,0,52693
114,11,1397,1,195,76,0,1,22651
4,12,1398,1,131,,2,0,18714
19,18,1398,1,12,11,0,0,35831
155,13,1398,1,203,,1,4,13889
3,113,1399,1,144,3,1,2,21122
14,162,1399,1,245,10,2,2,36818
15,114,1400,1,265,91,0,0,9817
134,5,1400,1,196,,2,1,6144
18,155,1400,1,158,111,0,1,15740
113,10,1401,1,208,,2,0,19013
13,150,1401,1,206,9,4,1,59255
3,12,1402,1,215,3,2,2,24073
151,4,1402,1,209,110,2,1,18052
11,162,1402,1,176,97,8,2,72892
99,19,1402,1,205,63,1,0,53451
100,14,1403,1,264,,1,1,11850
162,100,1404,1,244,,0,1,6498
10,134,1405,1,203,120,1,1,55674
5,11,1405,1,131,4,1,2,26756
12,99,1405,1,144,8,0,0,40050
14,13,1405,1,212,10,1,1,46413
150,18,1406,1,246,,0,1,10432
4,3,1406,1,12,,1,0,18627
114,151,1406,1,214,76,0,1,18873
19,15,1406,1,195,11,0,2,36943
155,113,1407,1,245,,3,2,9849
162,5,1408,1,209,,0,1,6948
100,151,1409,1,265,,1,5,12011
113,114,1409,1,158,,3,3,16552
134,150,1409,1,176,,1,0,4456
15,10,1409,1,196,91,0,2,12756
13,4,1409,1,208,9,1,0,67658
3,19,1410,1,264,3,2,6,21520
18,12,1410,1,206,111,0,0,18373
99,14,1410,1,215,63,2,2,51093
11,155,1410,1,205,97,2,2,76055
4,134,1411,1,214,,1,0,13547
5,100,1411,1,203,4,2,2,21510
10,162,1411,1,246,120,3,0,47023
14,18,1412,1,131,10,0,3,39672
150,11,1412,1,12,,2,1,12231
12,113,1412,1,195,8,1,1,35495
19,13,1412,1,144,11,3,0,40972
114,3,1413,1,244,76,2,1,16440
151,15,1413,1,158,110,1,1,18373
155,99,1413,1,212,,0,1,11358
100,4,1414,1,245,,2,2,12102
5,12,1415,1,205,4,0,1,23577
11,14,1415,1,206,97,1,1,78015
134,19,1415,1,215,,1,3,5443
13,10,1415,1,203,9,0,0,78642
162,155,1416,1,265,,1,1,6799
18,114,1416,1,209,111,0,1,15602
3,151,1416,1,176,3,2,1,20239
99,150,1416,1,196,63,1,0,48115
113,15,1417,1,264,,1,1,14330
14,5,1418,1,144,10,1,3,46684
155,134,1419,1,158,,2,3,10569
15,3,1419,1,214,91,0,1,9557
151,13,1419,1,206,110,1,0,19461
150,100,1419,1,244,,1,0,11539
114,162,1420,1,208,76,1,0,17300
10,99,1420,1,12,120,1,0,63786
4,18,1420,1,195,,3,1,20032
19,113,1420,1,246,11,2,1,38068
12,11,1420,1,212,8,1,1,46249
113,151,1421,1,131,,0,1,15627
13,3,1422,1,264,9,1,2,63423
12,150,1422,1,209,8,1,1,35597
18,10,1422,1,215,111,1,1,17518
11,19,1422,1,203,97,4,2,88712
100,15,1423,1,176,,1,2,12040
134,14,1423,1,205,,1,1,6475
162,4,1423,1,158,,0,2,6943
99,114,1423,1,245,63,0,1,42581
5,155,1424,1,246,4,0,0,20997
114,4,1425,1,265,76,1,1,18231
155,100,1426,1,214,,2,1,6618
14,12,1426,1,12,10,0,0,39261
3,150,1426,1,195,3,2,0,19754
113,134,1426,1,212,,4,0,15509
10,5,1426,1,208,120,2,0,57514
15,99,1427,1,206,91,2,0,12086
11,13,1427,1,196,97,5,1,93265
151,18,1427,1,264,110,2,1,16956
19,162,1427,1,244,11,2,1,33022
150,10,1428,1,176,,1,1,12319
13,114,1428,1,205,9,2,0,68050
12,155,1428,1,245,8,0,1,38745
100,11,1428,1,144,,2,3,13785
134,151,1429,1,209,,2,1,12714
18,3,1429,1,131,111,1,1,16499
162,15,1429,1,203,,1,1,6420
5,19,1429,1,158,4,0,0,24882
99,113,1429,1,215,63,3,3,42130
4,14,1430,1,246,,1,0,14328
3,5,1431,1,244,3,1,3,19890
114,134,1432,1,264,76,0,0,16038
15,12,1432,1,195,91,0,1,10011
10,14,1432,1,196,120,3,2,59321
155,150,1432,1,265,,0,0,9874
151,162,1433,1,214,110,2,1,18437
11,99,1433,1,208,97,3,4,83174
19,4,1433,1,206,11,2,1,38769
100,18,1433,1,212,,2,2,11840
113,13,1433,1,12,,2,4,21184
150,151,1434,1,245,,1,0,
134,13,1435,1,203,,3,0,6435
12,100,1435,1,246,8,3,0,37814
162,3,1435,1,215,,2,2,6459
10,11,1435,1,205,120,1,1,67204
14,15,1436,1,209,10,1,1,39821
19,114,1436,1,131,11,1,0,34064
4,155,1436,1,144,,1,3,22716
18,99,1436,1,158,111,2,1,16028
5,113,1437,1,176,4,2,1,17744
100,134,1438,1,12,,1,0,11257
113,162,1439,1,265,,2,0,13463
114,150,1439,1,244,76,2,4,16783
15,4,1439,1,208,91,3,0,9287
13,12,1439,1,212,9,2,0,69653
99,5,1440,1,264,63,1,0,46562
155,10,1440,1,195,,1,1,12104
11,18,1440,1,214,97,2,0,73003
151,19,1440,1,196,110,1,1,17848
3,14,1441,1,206,3,3,0,19928
150,15,1442,1,246,,1,1,11327
10,151,1443,1,144,120,3,0,55810
12,19,1443,1,215,8,1,1,40057
18,113,1443,1,205,111,2,3,15720
4,11,1443,1,131,,0,4,24037
134,3,1444,1,245,,4,4,5238
162,13,1444,1,176,,0,1,7341
5,114,1444,1,209,4,1,2,23260
99,100,1444,1,203,63,2,0,40218
14,155,1445,1,158,10,1,0,34060
113,150,1446,1,214,,0,0,15134
15,5,1447,1,206,91,1,0,9018
114,10,1447,1,12,76,2,3,22585
13,100,1447,1,195,9,1,0,55229
134,12,1447,1,265,,1,1,4491
19,155,1448,1,264,11,2,0,33542
4,99,1448,1,196,,1,3,20275
162,18,1448,1,244,,2,2,6455
3,11,1448,1,212,3,0,5,23736
151,14,1449,1,208,110,0,0,19349
155,15,1450,1,245,,1,1,8450
5,151,1450,1,215,4,0,1,22431
99,134,1451,1,131,63,1,1,49426
10,4,1451,1,176,120,1,0,58069
11,113,1451,1,158,97,2,0,78686
14,114,1451,1,196,10,1,1,42633
12,162,1452,1,205,8,2,1,36547
150,19,1452,1,144,,1,1,11321
100,3,1452,1,209,,2,1,11206
18,13,1453,1,246,111,2,2,19903
3,155,1454,1,12,3,2,2,19415
4,150,1454,1,212,,1,0,15085
114,100,1455,1,265,76,0,1,17261
151,12,1455,1,244,110,2,1,18304
162,99,1455,1,195,,2,1,6135
134,18,1456,1,206,,0,0,4151
19,10,1456,1,208,11,1,1,38605
13,5,1456,1,214,9,0,2,53412
15,11,1456,1,264,91,1,2,14721
113,14,1457,1,203,,1,2,13266
100,113,1458,1,245,,4,2,11465
150,162,1459,1,176,,1,0,10341
12,114,1459,1,209,8,1,1,36912
155,151,1459,1,196,,1,1,10303
18,15,1459,1,215,111,1,2,13671
10,3,1460,1,158,120,1,0,57093
14,19,1460,1,246,10,2,0,41342
11,134,1460,1,205,97,3,0,71039
99,13,1460,1,144,63,1,2,54187
5,4,1461,1,131,4,3,2,17301
15,151,1462,1,214,91,4,0,8748
13,19,1463,1,208,9,2,0,68232
162,10,1463,1,264,,0,3,7106
113,12,1463,1,212,,1,2,15668
99,155,1464,1,265,63,3,2,47218
18,14,1464,1,12,111,1,1,17054
100,5,1464,1,244,,2,2,12562
3,114,1464,1,206,3,2,0,19107
11,150,1464,1,195,97,3,1,50670
134,4,1465,1,203,,3,0,3592
19,3,1466,1,245,11,5,0,34220
10,15,1466,1,209,120,2,0,55709
150,134,1466,1,144,,2,2,9341
12,18,1466,1,131,8,3,0,37685
114,113,1467,1,196,76,2,1,18416
155,11,1467,1,246,,0,2,14021
5,162,1467,1,158,4,0,0,21252
14,99,1467,1,215,10,1,0,40282
4,13,1467,1,205,,2,4,21215
151,100,1468,1,176,110,0,1,13982
162,114,1469,1,214,,4,0,6052
3,15,1470,1,265,3,0,0,18437
5,14,1470,1,208,4,2,1,27073
11,12,1470,1,12,97,2,2,76789
113,19,1470,1,195,,1,0,17503
18,4,1471,1,264,111,2,2,18478
99,10,1471,1,244,63,1,0,50864
134,155,1471,1,212,,3,0,4419
13,151,1471,1,206,9,3,0,53132
100,150,1472,1,203,,1,2,11435
114,18,1473,1,144,76,0,0,16842
15,113,1474,1,246,91,3,1,9918
10,13,1474,1,215,120,1,3,67752
4,100,1474,1,158,,2,1,22104
155,162,1474,1,265,,0,2,10662
150,99,1475,1,245,,3,0,11381
12,5,1475,1,176,8,0,0,38885
19,134,1475,1,209,11,2,2,36343
14,11,1475,1,131,10,0,0,47557
151,3,1476,1,12,110,2,0,13691
134,15,1477,1,244,,2,2,4449
113,3,1478,1,206,,1,4,15479
100,10,1478,1,205,,0,1,13880
5,150,1478,1,214,4,3,0,22997
11,114,1478,1,203,97,1,0,67435
13,155,1479,1,264,9,1,2,68099
12,4,1479,1,195,8,0,0,39564
18,19,1479,1,212,111,3,0,17402
99,151,1479,1,208,63,1,1,43455
162,14,1480,1,196,,0,1,6729
4,162,1481,1,144,,1,1,20078
15,100,1482,1,245,91,2,1,11207
19,11,1482,1,208,11,2,4,40661
151,113,1482,1,131,110,0,0,18882
14,134,1482,1,176,10,1,0,43363
150,12,1483,1,215,,1,1,11
10,18,1483,1,12,120,2,0,59114
114,99,1483,1,246,76,0,2,20125
3,13,1483,1,209,3,1,2,23018
155,5,1484,1,158,,0,0,10170
100,155,1485,1,206,,0,2,12087
4,114,1486,1,265,,3,1,20467
18,151,1486,1,214,111,1,2,15488
162,19,1486,1,195,,2,1,6818
13,11,1486,1,144,9,0,1,78921
134,113,1487,1,264,,1,0,4682
99,15,1487,1,203,63,1,2,46657
5,10,1487,1,212,4,0,2,26004
12,14,1487,1,244,8,2,0,39041
150,3,1488,1,205,,1,0,9758
14,4,1489,1,246,10,1,1,38453
151,134,1490,1,245,110,1,1,18793
10,150,1490,1,208,120,1,0,58321
11,100,1490,1,176,97,3,1,74158
15,162,1490,1,158,91,2,1,10862
113,99,1491,1,215,,0,1,18005
155,12,1491,1,131,,2,3,11502
19,5,1491,1,209,11,5,2,35813
3,18,1491,1,196,3,0,2,20149
114,13,1491,1,205,76,1,4,21914
5,3,1492,1,265,4,1,1,20605
162,151,1493,1,12,,1,3,6811
13,113,1493,1,203,9,2,0,65054
14,10,1493,1,206,10,2,0,39659
150,155,1493,1,214,,0,2,9873
134,114,1494,1,244,,1,2,4508
4,19,1494,1,264,,0,1,20219
18,100,1494,1,212,111,3,1,17117
12,15,1494,1,196,8,0,0,41778
99,11,1494,1,195,63,1,4,54172
155,14,1495,1,196,,1,2,10652
15,150,1496,1,246,91,0,2,12705
11,4,1496,1,131,97,2,0,92795
113,18,1496,1,205,,3,2,22315
151,10,1496,1,176,110,0,4,19117
3,134,1497,1,158,3,2,2,16179
100,99,1497,1,208,,1,1,12310
19,12,1497,1,212,11,0,1,38450
114,5,1497,1,245,76,1,1,18775
13,162,1497,1,215,9,3,2,
10,155,1498,1,209,120,2,0,40863
4,15,1498,1,195,,1,1,16322
18,11,1498,1,144,111,4,4,19515
14,3,1499,1,214,10,3,2,36450
134,100,1499,1,12,,2,1,3940
162,113,1499,1,265,,3,3,6552
12,13,1499,1,206,8,2,1,44274
19,151,1500,1,203,11,2,0,33212
150,114,1500,1,264,,1,0,10185
5,99,1500,1,244,4,2,1,16417
155,4,1501,1,158,,1,2,11463
13,134,1501,1,246,9,2,1,50284
100,12,1501,1,245,,2,0,11320
11,10,1501,1,205,97,2,0,92453
151,150,1502,1,208,110,1,1,16783
15,14,1502,1,212,91,1,0,11617
114,19,1502,1,196,76,0,2,17989
113,5,1502,1,176,,3,1,20519
3,162,1502,1,131,3,2,2,19824
99,18,1502,1,215,63,2,1,28475
4,151,1503,1,209,,2,1,18143
162,11,1503,1,264,,0,0,7332
10,113,1503,1,195,120,2,0,55269
19,99,1503,1,144,11,3,2,42885
114,15,1504,1,214,76,2,2,
14,100,1504,1,203,10,3,2,
5,134,1504,1,206,4,1,1,
155,18,1504,1,265,,0,1,
12,3,1504,1,12,8,3,1,
150,13,1505,1,244,,1,1,
151,114,1506,1,215,110,2,2,13568
113,155,1507,1,131,,2,1,
134,10,1507,1,245,,0,1,
100,162,1507,1,212,,0,0,10542
11,5,1507,1,246,97,2,1,
3,4,1508,1,205,3,2,2,16876
15,19,1508,1,208,91,3,0,
13,14,1508,1,176,9,3,0,59815
18,150,1508,1,158,111,2,1,
99,12,1508,1,196,63,1,2,
162,134,1509,1,244,,2,0,6157
114,155,1509,1,203,76,1,0,19106
151,11,1509,1,265,110,0,2,18735
10,12,1510,1,144,120,3,2,43531
4,113,1510,1,12,,1,1,15680
150,14,1510,1,209,,0,1,4155
3,99,1510,1,206,3,4,0,20394
19,100,1511,1,264,11,5,0,31636
5,18,1511,1,214,4,0,1,20060
15,13,1511,1,195,91,0,0,13135
14,151,1512,1,205,10,1,1,40402
10,114,1512,1,176,120,1,0,53123
150,113,1512,1,203,,0,0,10324
11,3,1512,1,195,97,1,0,91917
12,134,1513,1,215,8,0,1,35395
155,19,1513,1,212,,1,0,11281
5,15,1513,1,158,4,2,1,19386
18,162,1513,1,196,111,1,1,17901
100,13,1513,1,246,,1,0,13273
99,4,1514,1,131,63,1,1,30561
19,150,1515,1,12,11,0,3,32797
3,100,1516,1,215,3,4,1,19868
4,10,1516,1,214,,3,0,20207
151,5,1516,1,245,110,0,1,18509
113,11,1516,1,196,,2,0,22519
15,155,1517,1,144,91,2,0,10615
134,99,1517,1,209,,1,0,4725
13,18,1517,1,205,9,3,2,46294
114,14,1517,1,208,76,1,0,21151
162,12,1517,1,131,,2,6,6378
12,151,1518,1,264,8,3,1,37744
10,19,1518,1,195,120,1,1,60234
99,162,1518,1,265,63,2,1,28078
11,15,1518,1,212,97,2,0,57088
5,13,1518,1,203,4,3,1,27322
18,134,1518,1,246,111,1,0,
155,3,1518,1,131,,1,2,13342
150,4,1518,1,176,,0,2,
14,113,1518,1,215,10,3,1,42494
100,114,1518,1,196,,1,2,10400
35,136,1519,4,25,20,2,1,74439
42,26,1520,4,32,,1,2,51749
43,125,1520,4,218,26,0,2,24821
143,156,1520,4,41,100,2,0,20051
157,33,1520,4,219,121,0,3,24121
142,127,1520,4,37,99,2,0,10353
32,38,1520,4,159,17,2,2,31231
116,137,1521,4,183,78,0,0,30784
34,41,1521,4,29,19,4,0,53235
36,25,1521,4,35,21,0,2,59934
127,42,1393,4,159,,0,0,30720
26,43,1393,4,29,122,3,1,58297
41,142,1393,4,28,114,1,2,56888
136,32,1393,4,218,92,2,0,32043
38,116,1393,4,217,22,2,1,38601
33,36,1393,4,32,18,3,2,40491
137,143,1394,4,181,93,1,3,18822
25,157,1394,4,25,66,6,1,54021
156,35,1394,4,37,,3,2,30592
125,34,1395,4,35,83,0,2,25750
32,25,1397,4,32,17,1,1,31222
157,127,1397,4,35,121,0,0,21193
36,41,1397,4,183,21,3,1,59830
116,136,1397,4,41,78,1,2,29925
142,38,1397,4,30,99,2,2,10654
34,156,1397,4,219,19,1,0,53294
143,125,1398,4,29,100,2,1,20014
43,137,1398,4,250,26,4,2,23438
42,33,1398,4,181,,1,2,51791
35,26,1399,4,159,20,0,3,74400
136,34,1401,4,181,92,1,2,32149
156,43,1401,4,30,,2,2,30526
33,142,1401,4,217,18,2,0,40178
38,157,1401,4,28,22,1,1,38767
125,116,1401,4,32,83,0,2,25495
41,32,1401,4,219,114,0,1,59947
25,42,1401,4,37,66,2,1,53946
127,36,1402,4,29,,2,3,32316
137,35,1402,4,41,93,0,2,21525
143,26,1402,4,25,100,2,1,20141
26,34,1405,4,35,122,1,2,80188
142,136,1405,4,159,99,4,2,10543
25,43,1405,4,28,66,3,0,53307
42,36,1405,4,30,,1,2,52165
157,125,1405,4,183,121,0,1,23696
33,127,1405,4,41,18,4,1,40499
143,35,1405,4,218,100,1,2,20537
32,137,1406,4,25,17,1,0,30406
38,41,1406,4,32,22,1,3,39161
116,156,1407,4,29,78,2,2,27742
43,143,1409,4,32,26,1,1,23418
125,42,1409,4,25,83,0,0,25679
137,142,1409,4,29,93,4,0,18636
34,116,1409,4,181,19,3,0,50965
136,157,1409,4,250,92,3,1,31676
35,32,1409,4,37,20,1,1,74489
127,25,1409,4,35,,0,5,32321
156,26,1409,4,219,,1,2,30531
41,33,1410,4,218,114,0,0,56875
36,38,1410,4,41,21,2,0,59964
41,35,1415,4,35,114,3,1,56938
32,116,1415,4,28,17,2,0,31147
25,156,1415,4,217,66,2,0,54152
42,136,1415,4,198,,0,2,51523
36,143,1415,4,29,21,2,0,60019
157,26,1415,4,159,121,0,2,23885
38,43,1415,4,147,22,3,0,38788
33,34,1415,4,25,18,1,1,40625
127,137,1416,4,32,,1,2,30411
142,125,1417,4,218,99,2,1,10199
156,41,1418,4,37,,1,0,30544
26,127,1419,4,218,122,1,0,43268
143,142,1419,4,41,100,0,4,20139
137,157,1419,4,219,93,1,1,20533
125,32,1419,4,35,83,0,1,25715
136,38,1419,4,25,92,1,2,32007
35,42,1419,4,29,20,3,2,74519
43,36,1420,4,181,26,1,5,25401
116,33,1420,4,159,78,0,3,27077
34,25,1420,4,32,19,0,0,52117
33,35,1422,4,218,18,2,2,40721
142,116,1422,4,30,99,0,0,10986
42,156,1422,4,25,,0,1,50329
25,137,1422,4,41,66,5,0,54094
41,26,1422,4,32,114,0,1,56921
127,43,1422,4,37,,4,2,29681
32,143,1422,4,217,17,0,2,31144
157,34,1422,4,35,121,0,1,24263
38,125,1423,4,29,22,2,0,38668
36,136,1424,4,219,21,3,1,59886
34,127,1426,4,28,19,4,1,53373
43,142,1426,4,25,26,0,3,25071
143,157,1426,4,218,100,3,0,20457
156,32,1426,4,29,,1,0,30654
116,42,1426,4,219,78,0,0,30736
136,41,1426,4,35,92,1,1,31848
125,36,1427,4,32,83,2,2,25718
137,33,1427,4,159,93,0,4,21430
35,38,1427,4,41,20,2,1,74525
26,25,1522,4,37,122,0,1,56854
142,35,1428,4,181,99,1,2,10792
42,143,1428,4,159,,1,0,49157
127,136,1428,4,30,,0,1,30877
41,137,1428,4,147,114,4,2,56862
38,156,1428,4,250,22,3,1,38966
36,34,1428,4,25,21,1,1,59993
32,26,1428,4,218,17,2,3,31185
25,116,1429,4,217,66,6,1,53916
33,125,1429,4,35,18,3,1,
157,43,1430,4,29,121,1,0,17082
127,156,1432,4,32,,2,1,29402
136,137,1432,4,218,92,0,0,32184
116,143,1432,4,198,78,1,1,28153
42,142,1432,4,30,,2,1,49266
157,41,1432,4,219,121,1,1,24069
125,26,1432,4,41,83,0,1,25685
34,43,1433,4,181,19,2,0,53128
33,38,1433,4,37,18,0,0,40345
25,35,1433,4,29,66,3,1,54316
36,32,1433,4,28,21,1,1,60030
143,34,1435,4,41,100,0,3,20
41,25,1435,4,25,114,0,4,56
156,136,1435,4,219,,1,1,30553
43,116,1435,4,35,26,3,2,24603
35,125,1435,4,217,20,0,0,74516
38,127,1435,4,181,22,1,0,39139
26,33,1435,4,32,122,3,1,55465
142,36,1436,4,159,99,1,2,10792
32,157,1436,4,37,17,0,2,30130
137,42,1437,4,29,93,1,2,20628
127,32,1438,4,25,,2,1,30213
157,156,1439,4,35,121,1,2,22973
136,143,1439,4,183,92,2,0,31353
125,137,1439,4,30,83,2,0,25098
42,41,1439,4,181,,0,3,51853
25,142,1439,4,28,66,3,1,54409
116,35,1439,4,37,78,2,2,30187
33,43,1440,4,159,18,2,0,40551
36,26,1440,4,218,21,4,2,59973
34,38,1440,4,219,19,1,0,
41,127,1523,4,183,114,3,1,56811
156,125,1523,4,37,,3,1,29663
142,157,1523,4,147,99,2,1,9980
143,25,1523,4,181,100,1,2,20389
43,136,1524,4,250,26,1,1,22881
32,33,1524,4,41,17,2,1,31300
137,34,1524,4,28,93,1,3,21741
38,42,1524,4,217,22,1,1,39350
26,116,1524,4,29,122,3,1,33012
35,36,1524,4,25,20,2,2,74507
142,34,1443,4,217,99,0,4,10752
36,157,1443,4,181,21,1,0,59893
137,156,1443,4,32,93,1,0,18497
35,43,1443,4,30,20,4,1,74523
41,125,1443,4,29,114,3,2,56995
127,116,1443,4,41,,1,0,30067
33,25,1443,4,35,18,2,0,40571
136,26,1443,4,159,92,0,2,31957
42,32,1444,4,218,,1,2,50223
38,143,1445,4,37,22,2,2,38400
25,38,1447,4,159,66,3,1,
26,137,1447,4,183,122,1,0,41645
143,127,1447,4,248,100,3,2,20032
157,42,1447,4,29,121,0,1,24036
125,136,1447,4,35,83,1,0,24738
32,142,1447,4,198,17,2,0,30997
43,41,1447,4,218,26,0,2,24081
156,33,1448,4,28,,1,2,30645
116,36,1448,4,219,78,3,2,29497
34,35,1448,4,32,19,3,1,52908
32,34,1450,4,159,17,0,2,31358
36,137,1451,4,37,21,3,1,59493
42,43,1451,4,32,,0,0,51237
33,136,1451,4,30,18,0,1,40558
157,116,1451,4,28,121,1,3,22394
25,125,1451,4,25,66,2,3,54340
41,143,1451,4,217,114,0,2,56833
142,156,1451,4,218,99,2,0,10491
127,35,1451,4,35,,1,5,33028
38,26,1452,4,181,22,2,6,39319
43,32,1525,4,25,26,1,1,24382
137,38,1525,4,35,93,1,5,21484
26,142,1525,4,219,122,5,0,45154
125,127,1525,4,30,83,0,0,25206
34,42,1525,4,183,19,4,0,53318
35,157,1525,4,41,20,3,1,74523
136,25,1525,4,218,92,2,1,32090
156,36,1525,4,29,,1,1,30608
143,33,1525,4,32,100,1,2,20415
116,41,1526,4,159,78,1,2,31654
143,42,1527,4,147,100,1,1,20336
43,157,1527,4,37,26,1,0,24423
26,32,1527,4,28,122,1,3,46356
136,127,1527,4,198,92,0,1,32047
156,38,1527,4,248,,1,0,30597
34,36,1527,4,35,19,5,1,53326
125,33,1528,4,159,83,0,1,25781
137,41,1528,4,250,93,2,0,20933
116,25,1528,4,181,78,1,3,31381
35,142,1528,4,217,20,4,1,74556
38,136,1529,4,32,22,0,1,39052
36,43,1529,4,183,21,4,1,59887
127,26,1529,4,37,,0,3,32485
41,156,1530,4,219,114,2,2,59870
157,137,1530,4,218,121,1,2,23715
142,143,1530,4,250,99,3,3,10261
33,116,1530,4,41,18,0,0,40668
32,125,1530,4,147,17,0,2,30666
42,35,1530,4,25,,0,2,52217
25,34,1453,4,29,66,2,1,54511
41,36,1459,4,41,114,1,0,59946
137,43,1459,4,32,93,2,1,19316
156,34,1459,4,37,,0,1,30
125,143,1459,4,181,83,1,2,25010
136,116,1459,4,35,92,1,2,31
127,157,1459,4,217,,0,0,30725
33,42,1459,4,219,18,2,1,40491
38,142,1460,4,29,22,2,0,38113
26,35,1460,4,218,122,0,1,80062
25,32,1461,4,159,66,3,0,54171
32,136,1463,4,219,17,4,3,31278
143,137,1463,4,35,100,0,0,19510
42,127,1463,4,28,,3,0,49864
35,156,1463,4,181,20,2,1,74532
34,125,1463,4,41,19,4,3,53171
116,38,1463,4,183,78,2,1,29989
142,41,1463,4,198,99,2,0,10495
36,33,1463,4,29,21,2,0,59979
157,25,1464,4,25,121,0,3,24190
43,26,1464,4,159,26,1,2,
157,38,1531,4,28,121,0,1,23699
32,41,1531,4,250,17,3,0,31122
43,156,1531,4,30,26,4,2,22008
36,127,1531,4,218,21,2,1,59933
35,137,1531,4,41,20,2,2,74529
42,25,1531,4,181,,2,1,50861
116,125,1532,4,25,78,1,1,28339
142,33,1532,4,147,99,4,0,10227
26,143,1532,4,183,122,2,1,29164
34,136,1532,4,32,19,1,1,53092
26,42,1470,4,25,122,1,0,41219
156,143,1470,4,198,,0,0,30414
137,116,1470,4,29,93,1,1,19787
125,43,1470,4,35,83,2,0,25355
38,32,1470,4,217,22,1,3,39380
33,157,1470,4,181,18,5,0,40626
127,142,1470,4,41,,2,0,31939
136,35,1471,4,218,92,0,1,32148
25,36,1471,4,32,66,3,1,54483
41,34,1472,4,37,114,1,1,59903
43,35,1474,4,181,26,0,3,
34,142,1474,4,29,19,3,0,53178
116,127,1474,4,32,78,1,2,31438
125,41,1474,4,159,83,1,1,
143,38,1474,4,30,100,1,0,20333
157,36,1474,4,41,121,1,2,24182
156,137,1474,4,28,,1,3,29323
26,136,1475,4,35,122,3,1,44154
25,33,1475,4,218,66,6,0,54452
32,42,1476,4,183,17,1,1,30687
38,25,1533,4,159,22,0,2,39322
127,143,1481,4,198,,1,5,30387
41,43,1481,4,217,114,3,1,59950
137,26,1482,4,218,93,2,1,21338
42,157,1482,4,37,,2,0,52174
142,32,1482,4,147,99,1,1,10671
136,125,1482,4,29,92,1,4,31778
35,34,1483,4,35,20,0,0,74519
36,116,1483,4,183,21,2,0,59877
33,156,1499,4,183,18,3,0,38593
157,32,1534,4,250,121,1,0,22714
136,156,1534,4,30,92,2,1,30558
127,38,1534,4,37,,0,3,31849
42,137,1534,4,159,,2,0,48323
116,43,1535,4,29,78,2,0,27597
36,142,1535,4,219,21,5,1,59618
25,41,1535,4,28,66,1,0,53528
34,143,1535,4,183,19,5,0,53316
125,35,1535,4,32,83,1,3,25754
33,26,1535,4,25,18,2,0,40542
26,36,1486,4,29,122,1,1,81332
32,127,1486,4,25,17,2,0,31309
137,125,1486,4,30,93,1,3,19223
35,116,1486,4,28,20,3,2,74459
142,25,1486,4,37,99,0,1,
156,157,1486,4,218,,1,0,30182
41,42,1486,4,219,114,2,0,
143,136,1487,4,41,100,2,1,20062
43,33,1487,4,183,26,1,2,24900
38,34,1487,4,32,22,0,0,39335
125,156,1490,4,159,83,1,2,24972
136,43,1490,4,250,92,3,1,32017
116,26,1490,4,37,78,2,1,31890
127,41,1490,4,183,,2,0,32458
42,38,1490,4,217,,3,2,52242
157,142,1490,4,29,121,0,2,22304
25,143,1490,4,181,66,3,1,54104
34,137,1491,4,25,19,4,2,53310
33,32,1491,4,35,18,1,1,40692
36,35,1491,4,41,21,2,0,60000
137,136,1493,4,35,93,1,2,20719
41,157,1493,4,41,114,4,3,59931
142,42,1493,4,218,99,2,2,10625
43,34,1494,4,159,26,1,2,25043
38,33,1494,4,29,22,2,0,39356
26,125,1499,4,25,,2,0,59215
156,127,1536,4,25,,0,2,30226
143,116,1509,4,218,100,1,1,19170
32,36,1510,4,28,17,3,1,31436
35,25,1510,4,25,20,0,2,74431
43,25,1496,4,37,26,0,2,25001
137,32,1496,4,219,93,2,0,20990
125,157,1496,4,30,83,2,0,25193
136,142,1496,4,217,92,2,0,31530
35,143,1496,4,28,20,2,1,74543
156,116,1496,4,35,,0,1,30636
41,38,1496,4,181,114,0,2,59988
127,33,1497,4,159,,1,2,32657
34,26,1497,4,32,19,2,1,53322
36,42,1537,4,29,21,2,0,59869
32,35,1498,4,218,17,2,1,31302
143,43,1498,4,147,100,4,1,17301
25,127,1499,4,41,66,2,0,53559
116,34,1538,4,181,78,1,3,31797
157,136,1501,4,250,121,1,4,24126
142,137,1501,4,32,99,1,3,10446
42,125,1501,4,28,,0,1,51926
38,36,1502,4,37,22,1,0,39400
33,41,1539,4,219,18,2,0,40537
26,156,1509,4,219,,1,0,56251
136,42,1540,4,219,92,0,1,32108
26,157,1503,4,217,,4,0,58308
116,32,1503,4,41,78,3,1,31708
137,127,1503,4,218,93,2,0,21480
43,38,1503,4,30,26,2,0,24971
156,142,1503,4,37,,0,5,30460
35,41,1503,4,183,20,2,1,74
125,25,1504,4,32,83,1,3,
34,33,1504,4,35,19,2,0,53
143,36,1505,4,159,100,0,1,20480
25,26,1507,4,35,66,1,0,54
32,156,1507,4,159,17,0,0,
157,143,1507,4,147,121,1,2,23957
142,43,1507,4,250,99,0,1,10511
41,136,1507,4,30,114,2,2,59960
42,116,1507,4,29,,3,1,
38,35,1508,4,181,22,4,0,39395
36,125,1508,4,41,21,2,3,
127,34,1508,4,32,,0,2,
33,137,1541,4,37,18,2,2,40642
34,157,1542,4,37,19,5,0,53249
26,41,1512,4,29,,0,1,60043
143,32,1512,4,198,100,1,2,20323
125,38,1512,4,217,83,0,0,25789
43,127,1512,4,219,26,1,0,23822
116,142,1512,4,183,78,3,3,31310
156,42,1512,4,218,,1,1,30587
136,36,1513,4,35,92,3,0,32037
137,25,1513,4,181,93,0,1,21605
35,33,1513,4,32,20,1,1,74526
38,137,1515,4,219,22,2,0,39303
142,26,1516,4,159,99,1,0,10630
41,116,1516,4,28,114,3,0,59961
32,43,1516,4,41,17,1,0,30456
127,125,1516,4,35,,2,3,32133
42,34,1516,4,25,,2,3,52206
33,143,1517,4,181,18,3,0,40650
157,35,1517,4,217,121,1,1,24263
36,156,1517,4,29,21,1,1,59965
25,136,1543,4,218,66,1,0,54506
136,33,1518,4,29,92,0,0,32140
143,41,1518,4,219,100,1,4,20067
35,127,1518,4,41,20,0,2,74457
125,142,1518,4,147,83,5,3,25433
116,157,1518,4,30,78,1,1,30367
26,38,1518,4,25,,2,2,60124
137,36,1518,4,218,93,1,3,21461
43,42,1518,4,37,26,0,4,24979
156,25,1518,4,35,,1,4,30662
34,32,1518,4,32,19,2,0,53331
45,46,1396,5,153,,3,1,75000
49,58,1397,5,49,95,0,2,24000
118,105,1397,5,51,126,1,2,40996
106,59,1397,5,55,68,1,0,52729
57,55,1397,5,200,35,2,1,26621
56,50,1397,5,221,34,1,1,42100
47,61,1397,5,58,29,2,0,53087
52,62,1398,5,150,,1,0,28705
53,153,1398,5,47,31,4,1,80365
50,53,1400,5,54,,0,0,49000
46,49,1401,5,62,28,3,1,28619
61,57,1401,5,252,39,1,3,26247
58,56,1401,5,253,36,1,2,50000
105,47,1401,5,222,104,1,1,29500
59,52,1401,5,152,,1,1,37781
62,45,1401,5,220,38,0,3,58680
153,118,1402,5,52,115,1,1,34975
55,106,1402,5,184,33,0,2,60181
53,58,1404,5,225,31,3,1,81000
45,61,1405,5,55,,3,1,75000
153,50,1405,5,226,115,3,2,38937
52,105,1405,5,254,,2,1,21105
57,106,1405,5,58,35,2,2,25090
118,46,1405,5,149,126,2,1,40111
59,61,1441,5,251,,1,1,32238
47,55,1405,5,49,29,2,1,54022
56,59,1406,5,266,34,1,1,40700
49,62,1406,5,47,95,3,3,24000
62,118,1408,5,62,38,0,0,54410
46,53,1409,5,220,28,1,1,30150
106,47,1409,5,51,68,4,2,51852
105,56,1409,5,54,104,2,3,28434
57,49,1409,5,184,35,1,3,23011
59,50,1409,5,153,,2,0,36736
55,45,1409,5,150,33,0,2,62271
61,52,1410,5,52,39,1,0,27473
58,153,1410,5,221,36,1,1,43800
56,106,1411,5,152,34,3,1,39100
45,105,1411,5,253,,1,1,75000
50,46,1411,5,58,,1,3,33500
49,55,1411,5,222,95,1,0,24000
118,61,1412,5,49,126,1,2,40046
53,59,1412,5,200,31,7,0,75700
153,62,1412,5,267,115,2,0,32187
47,58,1412,5,252,29,3,1,41257
52,57,1412,5,149,,0,0,19205
106,45,1414,5,52,68,2,0,74669
55,52,1415,5,225,33,1,0,61810
46,153,1415,5,47,28,1,2,28115
62,56,1415,5,55,38,2,1,58569
57,47,1415,5,54,35,2,2,24100
59,118,1415,5,220,,3,0,36102
61,53,1415,5,221,39,2,4,30210
58,50,1416,5,62,36,4,1,46300
105,49,1416,5,226,104,4,1,26488
56,57,1418,5,254,34,2,0,41000
53,105,1419,5,51,31,4,3,81365
50,62,1419,5,184,,3,1,40800
52,106,1419,5,266,,0,0,22405
118,55,1419,5,252,126,0,2,52000
45,47,1419,5,222,,0,3,75000
49,61,1420,5,153,95,0,0,23800
46,58,1420,5,150,28,1,2,29785
153,59,1420,5,149,115,6,0,37389
58,118,1421,5,47,36,7,1,51000
61,50,1422,5,200,39,2,2,26435
62,53,1422,5,49,38,0,4,58549
105,153,1422,5,55,104,0,0,28703
57,45,1422,5,152,35,1,3,30000
59,46,1422,5,54,,1,3,36472
55,56,1422,5,58,33,0,2,62271
106,49,1423,5,225,68,1,1,53716
47,52,1423,5,253,29,4,0,51123
49,47,1425,5,62,95,3,1,24000
53,106,1426,5,184,31,2,2,81000
50,105,1426,5,226,,1,2,37600
52,45,1426,5,220,,1,2,33305
118,57,1426,5,266,126,0,3,38043
46,62,1426,5,222,28,4,0,30150
59,58,1427,5,267,,1,1,42154
153,55,1427,5,221,115,0,0,41939
56,61,1427,5,52,34,2,6,40400
62,58,1544,5,252,38,0,3,58016
45,49,1428,5,54,,1,1,75000
55,50,1428,5,51,33,3,1,61959
61,46,1428,5,149,39,1,4,27589
105,59,1428,5,200,104,2,2,30660
57,53,1428,5,150,35,0,1,
106,153,1428,5,47,68,0,3,50382
47,118,1429,5,221,29,3,0,54022
52,56,1429,5,152,,2,1,25105
50,57,1431,5,52,,2,1,35800
46,105,1432,5,267,28,2,1,27009
56,47,1432,5,253,34,1,3,42100
45,153,1545,5,52,,1,0,75000
49,52,1432,5,184,95,1,3,24000
118,106,1432,5,62,126,4,1,38743
59,62,1432,5,58,,0,2,50000
53,45,1432,5,49,31,3,2,81365
153,61,1433,5,254,115,3,0,36155
58,55,1433,5,225,36,3,0,50700
61,62,1434,5,267,39,2,0,24632
45,118,1435,5,252,,3,3,75000
106,46,1435,5,,68,3,3,44508
105,58,1435,5,54,104,1,3,30660
52,53,1435,5,47,,1,2,33305
57,153,1435,5,149,35,1,0,22832
55,59,1435,5,152,33,5,2,62271
49,56,1436,5,153,95,1,1,24000
47,50,1436,5,150,29,4,1,48692
118,52,1438,5,49,126,0,1,37091
53,49,1439,5,222,31,2,0,81365
62,105,1439,5,220,38,1,0,52739
56,45,1439,5,58,34,1,2,42100
50,106,1439,5,221,,0,2,35800
46,55,1439,5,226,28,1,1,30000
153,47,1440,5,51,115,2,0,41939
58,57,1440,5,184,36,1,2,48000
56,118,1442,5,52,34,3,1,41500
45,59,1443,5,149,,3,0,75000
55,53,1443,5,150,33,1,2,61767
61,105,1443,5,153,39,1,0,25558
49,153,1443,5,,95,3,0,23800
57,46,1443,5,54,35,2,2,20602
106,58,1443,5,266,68,1,0,42578
52,50,1444,5,62,,1,1,23305
47,62,1444,5,47,29,3,0,48590
59,57,1446,5,252,,0,2,29604
46,47,1447,5,225,28,0,0,30150
62,106,1447,5,184,38,2,1,47680
105,55,1447,5,49,104,1,1,27233
50,45,1447,5,253,,0,4,49000
118,49,1447,5,220,126,2,0,39301
53,56,1447,5,152,31,2,1,81365
153,52,1448,5,254,115,4,1,30136
58,61,1448,5,221,36,2,1,46500
47,59,1546,5,267,29,2,0,42323
106,105,1546,5,222,68,2,2,27939
57,62,1546,5,62,35,2,0,21780
118,53,1546,5,,126,2,1,52000
55,61,1545,5,47,33,1,2,61548
56,46,1545,5,51,34,1,1,40003
49,50,1545,5,58,95,1,1,30805
52,58,1545,5,150,,2,2,23500
53,47,1450,5,54,31,2,1,81365
61,106,1451,5,149,39,3,1,27647
153,56,1451,5,251,115,3,2,40455
62,55,1451,5,221,38,1,3,54022
50,118,1451,5,153,,0,1,34200
59,49,1451,5,226,,0,1,36190
58,45,1451,5,49,36,0,3,51500
105,57,1452,5,268,104,2,3,28152
46,52,1452,5,184,28,1,1,28216
46,45,1462,5,,28,1,3,30150
61,47,1463,5,150,39,0,1,29628
62,52,1463,5,149,38,2,3,51881
58,49,1463,5,252,36,3,1,49200
105,118,1463,5,58,104,1,2,27568
50,56,1463,5,52,,0,1,44300
153,53,1463,5,47,115,0,1,41939
59,106,1464,5,152,,1,3,36112
55,57,1464,5,49,33,2,1,58827
106,55,1547,5,221,68,2,2,43027
53,50,1466,5,49,31,5,1,61365
47,105,1466,5,220,29,2,0,42509
49,46,1466,5,251,95,2,4,23900
52,59,1466,5,153,,2,1,22005
57,61,1466,5,54,35,0,3,21736
56,58,1466,5,51,34,2,2,42100
45,62,1467,5,222,,4,1,75000
118,153,1467,5,62,126,0,4,34394
50,153,1469,5,266,,0,3,32400
46,118,1470,5,225,28,1,1,24747
61,45,1470,5,149,39,3,1,30210
58,53,1470,5,54,36,1,1,51500
106,57,1470,5,153,68,0,1,39259
59,56,1470,5,226,,1,1,35753
55,47,1470,5,52,33,0,2,62271
105,52,1471,5,253,104,3,0,25733
62,49,1471,5,47,38,2,2,51009
52,61,1473,5,267,,1,5,21905
53,46,1474,5,52,31,3,3,81365
153,58,1474,5,152,115,0,0,38330
47,106,1474,5,254,29,0,3,48232
50,59,1474,5,,,2,0,33700
49,57,1474,5,221,95,3,3,23600
45,55,1474,5,150,,3,1,75000
56,105,1475,5,49,34,4,0,40138
118,62,1475,5,58,126,3,0,40211
105,45,1477,5,251,104,2,3,30660
55,49,1478,5,222,33,0,0,23404
46,50,1478,5,150,28,3,0,58271
62,153,1478,5,54,38,1,3,46072
57,52,1478,5,225,35,3,0,20334
106,56,1478,5,253,68,1,1,49627
58,47,1479,5,47,36,1,1,51500
61,118,1479,5,51,39,2,0,27717
59,53,1480,5,220,,0,0,50000
56,62,1481,5,62,34,1,1,41000
45,106,1482,5,220,,1,0,75000
47,57,1482,5,226,29,0,3,48041
49,105,1482,5,,95,5,1,23600
52,55,1482,5,252,,3,0,26005
118,59,1482,5,184,126,2,1,41816
50,58,1483,5,226,,0,3,39100
53,61,1483,5,58,31,3,2,81029
153,46,1484,5,221,115,1,1,33569
105,53,1485,5,149,104,2,1,30660
55,118,1486,5,221,33,0,4,60322
61,49,1486,5,153,39,2,0,26607
58,46,1486,5,49,36,3,2,49500
106,52,1486,5,47,68,2,1,33981
59,153,1486,5,266,,0,1,34532
47,45,1486,5,54,29,1,5,54022
62,50,1487,5,153,38,5,1,55781
57,56,1487,5,150,35,1,1,28101
56,55,1489,5,254,34,4,2,42100
45,57,1490,5,184,,6,0,75000
53,62,1490,5,225,31,3,1,81365
153,105,1490,5,252,115,0,0,38590
49,106,1490,5,267,95,2,1,24000
52,47,1490,5,51,,0,1,30405
46,59,1491,5,58,28,2,1,29015
50,61,1491,5,253,,2,3,33800
118,58,1548,5,62,126,0,3,
47,49,1492,5,226,29,1,1,46832
55,153,1493,5,152,33,0,1,59913
62,46,1493,5,54,38,1,1,56743
105,50,1493,5,49,104,3,1,28136
57,118,1493,5,153,35,5,2,25350
106,53,1493,5,55,68,2,3,74649
61,56,1494,5,47,39,1,3,30210
58,59,1494,5,251,36,1,0,51500
45,52,1494,5,222,,6,0,75000
46,61,1495,5,220,28,4,1,28350
53,57,1496,5,51,31,2,0,81365
56,52,1496,5,52,34,3,1,40711
49,45,1496,5,58,95,1,1,24000
118,47,1496,5,149,126,3,1,52500
59,105,1496,5,150,,3,0,42658
153,106,1496,5,253,115,5,0,41939
50,55,1497,5,252,,0,1,44500
58,62,1497,5,221,36,3,0,51500
52,49,1538,5,252,,5,0,27305
55,58,1501,5,184,33,1,2,61842
61,153,1501,5,,39,2,4,28845
62,59,1501,5,222,38,1,1,58757
106,118,1501,5,58,68,1,2,51604
57,50,1501,5,225,35,3,1,23512
45,53,1501,5,49,,5,0,75000
105,46,1502,5,267,104,0,4,27552
47,56,1502,5,266,29,1,1,54022
59,55,1540,5,226,,1,1,50000
153,57,1503,5,150,115,2,0,41212
62,61,1503,5,149,38,0,1,53657
56,49,1503,5,251,34,2,1,42100
50,47,1503,5,221,,0,1,40200
53,52,1503,5,47,31,2,1,81365
46,106,1504,5,254,28,2,0,28010
118,45,1504,5,54,126,1,4,
58,105,1504,5,153,36,1,3,51000
45,56,1507,5,,,1,0,75000
61,59,1507,5,152,39,2,0,26405
105,62,1507,5,49,104,6,0,30660
52,118,1507,5,51,,3,1,29205
47,153,1507,5,220,29,1,2,51757
55,46,1507,5,58,33,2,5,58958
49,53,1508,5,62,95,0,4,24000
106,50,1508,5,184,68,0,0,38916
57,58,1541,5,52,35,1,1,26102
105,61,1542,5,222,104,1,4,
58,106,1512,5,252,36,0,0,51500
50,52,1512,5,253,,1,0,30400
118,56,1512,5,225,126,4,1,52500
53,55,1512,5,54,31,2,4,80196
153,49,1512,5,267,115,2,1,40826
62,47,1512,5,153,38,1,0,56730
46,57,1513,5,47,28,1,4,27725
59,45,1513,5,149,,1,1,50000
52,153,1515,5,251,,3,3,23805
45,50,1516,5,58,,3,1,75000
47,46,1516,5,184,29,2,2,51807
106,62,1516,5,266,68,3,1,48668
57,59,1516,5,150,35,2,0,22512
56,53,1516,5,52,34,2,2,42100
55,105,1517,5,49,33,0,0,59841
49,118,1517,5,,95,1,1,24000
61,58,1517,5,62,39,6,1,30210
46,56,1549,5,153,28,0,1,30150
53,118,1549,5,149,31,3,2,81365
61,55,1549,5,47,39,1,1,30210
153,45,1549,5,49,115,0,0,41939
62,57,1549,5,221,38,3,0,54068
105,106,1549,5,152,104,3,4,29307
50,49,1549,5,62,,3,0,38100
59,47,1549,5,222,,0,4,50000
58,52,1518,5,220,36,0,2,51500
66,71,1519,2,20,42,4,0,60756
129,81,1520,2,235,85,1,3,32760
146,163,1520,2,80,,3,4,9534
21,69,1520,2,269,,3,1,25708
72,108,1520,2,270,44,1,2,12765
67,120,1520,2,233,,0,1,21421
76,130,1520,2,161,,2,1,26006
65,158,1521,2,230,127,2,0,48263
79,159,1521,2,256,116,0,2,23273
68,80,1521,2,136,43,3,0,47289
120,65,1392,2,20,80,1,0,18917
130,68,1393,2,74,86,1,3,19003
158,72,1393,2,228,,1,2,10402
80,67,1393,2,271,49,1,1,16132
108,129,1393,2,272,70,2,0,13617
81,21,1393,2,255,,0,0,11140
69,146,1393,2,234,108,1,0,19300
159,76,1394,2,229,123,1,1,25385
71,79,1394,2,232,107,2,1,15387
163,66,1394,2,136,,3,1,15285
65,159,1396,2,161,127,2,0,47341
68,146,1397,2,227,43,3,1,47105
158,120,1397,2,270,,4,1,10709
72,76,1397,2,235,44,0,0,14777
129,80,1397,2,256,85,1,1,19674
67,108,1397,2,269,,0,4,17923
71,163,1397,2,230,107,1,0,11746
21,130,1398,2,233,,3,0,27230
79,81,1398,2,74,116,2,1,21607
66,69,1398,2,80,42,2,2,53471
65,67,1400,2,232,127,0,1,53438
163,68,1401,2,235,,2,4,15311
146,21,1401,2,271,,1,0,9245
108,80,1401,2,70,70,0,2,13382
130,71,1401,2,228,86,1,2,12327
120,72,1401,2,272,80,0,1,12042
159,129,1401,2,234,123,2,3,25091
76,158,1402,2,255,,0,0,30146
69,79,1402,2,136,108,2,0,23817
81,66,1402,2,229,,2,3,14269
67,69,1404,2,227,,2,1,16887
68,76,1404,2,230,43,4,0,46549
80,65,1405,2,233,49,2,2,17676
158,21,1405,2,70,,2,3,
108,146,1405,2,256,70,1,3,12275
72,159,1405,2,269,44,1,1,10630
71,81,1405,2,20,107,1,1,16689
129,120,1406,2,271,85,0,0,18981
79,163,1406,2,80,116,3,3,15895
66,130,1406,2,161,42,4,0,50450
81,163,1408,2,161,,1,1,6837
21,129,1409,2,136,,2,1,27353
146,71,1409,2,270,,0,0,10021
72,67,1409,2,255,44,1,0,11015
120,108,1409,2,235,80,0,0,11523
76,80,1409,2,20,,2,1,23895
159,158,1409,2,272,123,3,1,24683
69,68,1410,2,256,108,1,3,29205
130,79,1410,2,230,86,1,3,14772
65,66,1410,2,74,127,4,2,57287
81,146,1411,2,269,,0,1,5502
129,67,1411,2,155,85,1,2,16604
71,76,1411,2,161,107,2,3,14008
158,69,1412,2,233,,2,1,10398
79,21,1412,2,228,116,1,0,17395
80,72,1412,2,80,49,2,2,14402
108,65,1412,2,227,70,0,3,14651
66,159,1412,2,232,42,3,2,47099
163,130,1412,2,229,,0,0,13415
68,120,1412,2,234,43,4,1,47237
76,81,1414,2,235,,2,0,26486
67,68,1415,2,74,,0,3,33138
146,130,1415,2,70,,0,1,9483
80,158,1415,2,136,49,1,0,15007
65,129,1415,2,230,127,1,1,50319
120,79,1415,2,256,80,0,0,13406
159,108,1415,2,271,123,3,0,25060
69,71,1416,2,255,108,1,1,21173
72,163,1416,2,20,44,3,0,20054
21,66,1416,2,155,,3,0,41623
71,67,1418,2,269,107,1,1,14162
21,76,1419,2,227,,3,1,31263
158,108,1419,2,270,,1,0,10194
146,159,1419,2,233,,2,2,8930
130,72,1419,2,272,86,1,1,13643
163,120,1419,2,228,,0,0,12958
79,129,1420,2,232,116,3,0,18307
66,80,1420,2,229,42,2,0,55935
81,69,1420,2,234,,1,2,6268
68,65,1420,2,80,43,5,0,47443
65,163,1421,2,234,127,2,0,42896
68,158,1422,2,155,43,5,0,47497
80,130,1422,2,256,49,0,0,16009
108,21,1422,2,255,70,1,2,
129,71,1422,2,136,85,4,0,22613
120,146,1422,2,271,80,1,1,10954
159,81,1422,2,70,123,2,1,25358
72,79,1423,2,230,44,2,0,12491
76,69,1423,2,74,,1,1,29557
67,66,1423,2,161,,0,1,30754
163,76,1425,2,232,,1,1,15412
146,65,1426,2,20,,1,2,14186
158,129,1426,2,272,,1,2,11384
130,159,1426,2,269,86,1,1,13643
21,80,1426,2,270,,1,0,33362
81,108,1426,2,227,,2,2,7139
71,72,1426,2,228,107,0,3,14100
69,120,1427,2,229,108,0,2,22710
79,67,1427,2,235,116,0,1,20730
66,68,1427,2,136,42,0,2,64696
68,21,1544,2,232,43,2,1,47549
65,79,1428,2,229,127,1,1,46653
80,69,1428,2,161,49,1,2,
108,163,1428,2,230,70,0,4,12113
67,158,1428,2,233,,1,0,
120,81,1428,2,256,80,1,0,16005
159,71,1428,2,227,123,1,1,25034
129,130,1429,2,235,85,5,0,25753
76,146,1429,2,255,,4,3,22983
72,66,1429,2,80,44,3,0,
21,159,1431,2,234,,0,0,27544
130,65,1432,2,155,86,2,4,14171
146,72,1432,2,272,,1,0,8342
163,67,1432,2,136,,0,1,14290
76,120,1432,2,270,,2,0,22838
71,158,1432,2,271,107,0,1,13552
79,80,1433,2,70,116,0,0,15352
66,108,1433,2,269,42,2,0,47430
69,129,1433,2,228,108,1,1,23270
81,68,1433,2,20,,0,4,12533
65,76,1434,2,80,127,1,0,
68,71,1435,2,256,43,1,0,47244
80,81,1435,2,255,49,0,1,15013
108,79,1435,2,232,70,0,0,12285
129,146,1435,2,74,85,1,1,23682
120,130,1435,2,233,80,2,1,10028
159,163,1435,2,229,123,0,1,25128
72,69,1436,2,235,44,2,2,10761
67,21,1436,2,230,,2,0,18211
158,66,1436,2,227,,1,3,11932
76,129,1438,2,235,,3,0,21884
21,65,1439,2,136,,2,2,38755
146,80,1439,2,269,,1,1,8523
130,67,1439,2,20,86,0,0,12671
81,72,1439,2,234,,1,2,6725
163,158,1439,2,228,,3,0,12159
71,108,1440,2,227,107,2,2,10279
66,120,1440,2,70,42,0,0,41932
69,159,1440,2,271,108,1,4,19867
79,68,1440,2,230,116,2,2,40841
158,81,1523,2,235,,0,2,11048
67,146,1523,2,256,,0,0,14123
72,21,1523,2,155,44,0,1,12486
79,76,1524,2,74,116,3,2,23375
80,163,1524,2,270,49,1,2,14501
108,130,1524,2,255,70,2,1,11711
65,69,1524,2,233,127,0,2,47278
129,66,1524,2,232,85,3,2,32663
120,71,1524,2,272,80,0,1,10609
159,68,1524,2,80,123,1,1,25702
130,158,1443,2,136,86,1,2,14089
69,108,1443,2,70,108,2,0,16975
159,80,1444,2,234,123,2,2,25048
21,120,1444,2,269,,1,1,26826
146,79,1550,2,271,,1,2,10836
81,67,1551,2,136,,1,1,11345
163,129,1551,2,256,,1,0,12806
71,65,1551,2,20,107,2,2,16587
76,66,1551,2,80,,2,1,28146
68,72,1552,2,20,43,5,1,47198
120,159,1447,2,270,80,2,1,12171
163,21,1448,2,256,,2,3,13428
67,76,1448,2,255,,1,1,19250
65,81,1448,2,74,127,3,0,12171
80,71,1546,2,80,49,2,1,11631
158,146,1553,2,233,,0,0,10209
129,72,1553,2,269,85,2,0,15780
130,69,1551,2,74,86,2,1,14179
66,79,1554,2,235,42,1,0,
108,68,1555,2,227,70,0,4,15117
146,66,1451,2,235,,1,1,
21,71,1451,2,229,,1,2,30186
81,130,1451,2,230,,0,2,6424
72,65,1451,2,232,44,1,1,17225
68,129,1451,2,228,43,1,0,47511
120,80,1451,2,227,80,2,2,11017
69,163,1451,2,272,108,4,0,22430
76,108,1451,2,271,,3,0,26215
159,67,1451,2,269,123,2,0,25113
79,158,1452,2,155,116,1,1,23343
80,21,1458,2,255,49,1,3,16018
65,120,1458,2,229,127,1,1,42512
158,68,1459,2,270,,0,3,11932
130,76,1459,2,228,86,0,1,15342
67,79,1459,2,70,,1,0,15191
129,69,1460,2,20,85,0,1,31195
108,72,1460,2,136,70,1,1,11910
71,159,1460,2,256,107,1,2,15465
66,81,1460,2,155,42,1,1,44315
163,146,1556,2,234,,3,1,
21,158,1462,2,269,,2,1,27211
68,130,1463,2,161,43,9,0,47268
81,159,1463,2,232,,1,5,7292
163,71,1463,2,235,,0,1,12736
120,67,1463,2,234,80,1,1,11776
69,72,1464,2,227,108,0,0,23990
146,129,1464,2,229,,1,0,12412
80,66,1464,2,230,49,0,1,19607
79,108,1464,2,233,116,1,0,13380
76,65,1464,2,136,,1,2,41594
66,21,1547,2,161,42,1,2,43845
108,81,1466,2,271,70,2,0,12060
130,120,1466,2,255,86,0,1,13853
67,163,1466,2,229,,2,0,15982
159,79,1466,2,270,123,1,0,25214
72,80,1467,2,256,44,2,0,11001
158,65,1467,2,227,,0,1,10017
71,146,1467,2,233,107,0,0,11296
68,69,1467,2,228,43,4,1,43307
129,76,1532,2,230,85,1,1,28748
21,67,1469,2,227,,4,0,32849
146,108,1470,2,270,,1,0,8451
81,71,1470,2,155,,2,1,5896
69,158,1470,2,234,108,1,0,17783
120,66,1470,2,232,80,2,1,20546
163,72,1471,2,80,,1,1,18045
65,68,1471,2,74,127,2,1,57624
76,159,1557,2,235,,2,1,16406
80,129,1557,2,269,49,0,1,16627
79,130,1552,2,269,116,0,0,14527
108,66,1473,2,255,70,1,2,15095
68,79,1474,2,20,43,1,0,47274
158,80,1474,2,271,,1,0,9373
159,146,1474,2,161,123,1,2,25010
72,81,1475,2,230,44,2,2,13709
129,163,1475,2,74,85,2,4,34219
71,120,1475,2,228,107,1,1,15240
130,21,1475,2,136,86,0,2,13886
69,76,1475,2,233,108,3,0,24230
67,65,1475,2,155,,1,0,22193
163,108,1477,2,227,,2,0,12703
65,130,1477,2,80,127,2,1,40305
66,158,1478,2,233,42,2,0,50871
146,67,1478,2,230,,3,0,11117
81,129,1478,2,234,,1,0,7557
79,71,1479,2,256,116,2,1,19332
80,159,1479,2,255,49,0,0,14290
21,72,1479,2,20,,0,0,36967
120,69,1479,2,270,80,2,0,14792
76,68,1479,2,136,,0,1,
108,76,1481,2,228,70,0,1,13511
159,21,1481,2,74,123,1,1,25303
68,163,1482,2,161,43,3,0,47377
158,67,1482,2,255,,1,0,
130,146,1482,2,227,86,1,0,
72,120,1483,2,269,44,2,4,11124
129,79,1483,2,80,85,1,0,21910
71,80,1483,2,232,107,1,1,20439
69,66,1483,2,155,108,1,1,28014
81,65,1483,2,229,,2,0,10157
80,68,1486,2,256,49,1,2,20076
146,81,1486,2,80,,2,2,11391
120,158,1486,2,230,80,2,2,12549
130,129,1487,2,20,86,0,0,15025
21,108,1487,2,234,,1,0,32722
67,159,1487,2,271,,1,0,17479
65,71,1487,2,255,127,5,1,44881
66,76,1487,2,74,42,2,0,57337
79,72,1558,2,235,116,1,2,14522
163,69,1559,2,74,,3,1,13142
159,65,1490,2,227,123,2,2,25463
158,163,1490,2,269,,2,1,
108,120,1490,2,270,70,1,1,
81,79,1490,2,232,,1,1,
72,146,1491,2,228,44,2,2,10931
76,21,1491,2,155,,0,1,
71,130,1491,2,235,107,1,0,19802
69,80,1491,2,229,108,3,1,23676
66,67,1491,2,136,42,1,0,50935
129,68,1560,2,80,85,3,2,
67,71,1492,2,234,,1,1,14402
21,81,1492,2,256,,0,1,37724
146,158,1493,2,229,,0,0,10427
80,76,1493,2,270,49,0,5,18276
130,108,1493,2,155,86,1,0,15834
163,159,1493,2,161,,2,2,13114
65,72,1494,2,74,127,3,2,47134
120,129,1494,2,233,80,1,0,14806
79,69,1494,2,271,116,1,1,19807
68,66,1494,2,80,43,3,1,47647
69,65,1495,2,80,108,0,1,27094
66,146,1496,2,227,42,2,2,53507
158,79,1497,2,155,,0,0,11765
108,67,1497,2,70,70,0,1,12345
81,80,1497,2,20,,0,1,7031
129,21,1497,2,269,85,2,3,25045
71,68,1497,2,161,107,0,1,
76,163,1537,2,228,,2,1,22595
72,130,1499,2,230,44,2,0,11187
159,120,1499,2,272,123,4,0,25081
79,66,1538,2,256,116,2,0,34152
65,108,1501,2,233,127,1,3,52431
158,76,1501,2,271,,2,2,11832
146,69,1501,2,70,,3,3,12378
130,81,1501,2,136,86,1,1,13997
163,80,1501,2,234,,2,0,12183
120,21,1502,2,235,80,1,1,18642
71,129,1502,2,270,107,1,0,16264
67,72,1502,2,20,,1,0,17980
68,159,1502,2,255,43,2,2,47419
108,158,1540,2,228,70,0,0,12532
129,65,1540,2,235,85,2,1,25050
66,163,1503,2,230,42,2,1,62614
80,146,1503,2,272,49,0,1,17175
81,120,1503,2,269,,0,0,7094
159,130,1503,2,80,123,3,3,25190
72,71,1504,2,229,44,2,1,
69,67,1504,2,155,108,0,0,
76,79,1504,2,20,,3,0,
21,68,1504,2,136,,5,1,
108,69,1506,2,234,70,3,2,
65,146,1506,2,229,127,2,1,43917
130,66,1507,2,155,86,1,3,
67,80,1507,2,227,,0,1,
163,79,1507,2,270,,2,1,
159,72,1507,2,232,123,1,3,
129,158,1508,2,255,85,3,2,
71,21,1508,2,70,107,0,0,
120,76,1508,2,161,80,0,2,
68,81,1508,2,74,43,3,1,
79,65,1542,2,136,116,2,3,27455
158,159,1513,2,273,,0,0,11833
146,120,1513,2,228,,1,1,11464
67,130,1513,2,256,,3,0,16379
80,108,1513,2,80,49,1,0,19004
21,163,1513,2,161,,5,0,36356
76,71,1513,2,272,,2,0,28203
66,129,1513,2,233,42,1,2,51969
72,68,1561,2,155,44,3,2,
69,81,1562,2,271,108,2,2,28285
159,66,1515,2,227,123,1,1,25962
68,67,1516,2,230,43,1,1,47283
79,146,1516,2,70,116,0,1,
130,80,1516,2,235,86,0,0,
120,163,1516,2,255,80,0,3,
71,69,1517,2,269,107,2,2,16794
129,108,1517,2,136,85,3,0,19482
72,158,1517,2,234,44,1,1,14330
81,76,1517,2,229,,2,3,9047
65,21,1517,2,74,127,2,2,56642
76,72,1563,2,136,,0,1,
146,68,1549,2,270,,1,2,
158,71,1549,2,232,,0,0,11684
163,81,1549,2,272,,1,0,14811
80,120,1549,2,233,49,3,2,18339
67,129,1549,2,273,,1,1,16372
108,159,1549,2,256,70,2,1,13105
69,130,1518,2,228,108,1,1,26119
21,79,1518,2,155,,1,0,41413
66,65,1518,2,20,42,0,3,61926
84,24,1393,3,238,53,2,3,28375
97,98,1393,3,98,109,1,2,32000
123,22,1394,3,140,,0,1,19558
140,91,1394,3,170,96,2,0,7335
90,161,1394,3,123,57,0,1,21158
133,23,1394,3,166,89,1,0,18000
86,82,1394,3,127,54,2,2,13141
111,148,1395,3,259,73,4,0,18217
87,89,1564,3,189,,1,1,18334
85,95,1565,3,238,,2,1,46720
24,97,1397,3,139,118,2,0,40171
98,85,1397,3,105,62,3,2,30000
161,86,1398,3,111,57,1,0,6000
148,90,1398,3,174,,0,0,
95,140,1398,3,260,,2,1,19523
91,133,1398,3,163,125,2,2,14432
89,84,1398,3,193,56,6,1,27790
82,87,1398,3,237,119,1,0,18000
23,123,1398,3,114,,2,2,59135
22,111,1399,3,165,109,3,3,41725
85,22,1400,3,115,,2,1,57789
90,23,1401,3,140,57,0,3,26082
86,24,1401,3,117,54,1,2,20814
89,82,1402,3,262,56,1,0,31009
111,91,1402,3,189,73,0,1,17709
87,98,1402,3,185,,3,0,19835
97,148,1402,3,127,109,1,0,35000
84,140,1402,3,123,53,0,0,8100
123,161,1402,3,238,,1,0,
133,95,1402,3,96,89,5,3,9740
23,86,1405,3,174,,0,1,59648
98,89,1405,3,165,62,1,0,20000
148,87,1405,3,139,128,0,5,13000
22,84,1406,3,114,109,2,2,39849
24,133,1406,3,170,118,2,1,40563
82,123,1406,3,105,119,1,1,14000
95,90,1406,3,98,,1,0,20032
140,97,1406,3,111,96,0,1,10832
91,85,1406,3,193,125,1,1,16201
161,111,1407,3,166,124,2,0,14153
133,140,1408,3,237,89,3,1,8000
86,91,1409,3,127,54,2,0,14852
89,161,1409,3,169,56,3,0,30068
87,23,1409,3,115,,0,1,22835
123,98,1410,3,139,,1,3,24000
84,82,1410,3,163,53,0,2,13100
97,95,1410,3,193,109,4,1,25000
90,22,1410,3,185,57,2,0,20067
85,111,1410,3,117,,2,2,51684
148,24,1410,3,123,128,0,2,16000
23,89,1411,3,114,,2,1,55840
82,97,1412,3,189,119,1,2,17000
111,123,1412,3,111,73,0,0,18144
91,87,1412,3,96,125,0,0,14038
98,86,1412,3,117,62,3,0,25000
95,84,1412,3,238,,2,0,18969
22,148,1412,3,140,109,4,0,34380
24,90,1412,3,166,118,2,0,39194
161,133,1413,3,192,124,0,2,13945
140,85,1413,3,165,96,1,1,13890
22,97,1415,3,96,109,3,1,47600
24,98,1415,3,98,118,3,1,39552
23,91,1415,3,185,,2,0,55486
90,82,1416,3,174,57,2,1,19039
89,111,1416,3,105,56,2,0,30535
148,95,1416,3,191,128,1,2,13500
84,123,1416,3,115,53,0,1,10000
86,140,1416,3,163,54,1,0,14584
133,85,1416,3,123,89,1,4,16795
87,161,1417,3,237,,2,1,17885
123,148,1418,3,100,,3,2,
91,90,1419,3,238,125,2,0,15019
82,24,1419,3,193,119,0,2,25000
140,22,1419,3,114,96,0,2,10670
95,86,1420,3,170,,1,3,20511
85,84,1420,3,127,,3,1,48088
111,87,1420,3,139,73,0,1,19164
97,89,1420,3,111,109,1,0,28000
98,133,1420,3,140,62,2,0,30000
161,23,1420,3,189,124,1,2,15750
22,161,1422,3,163,109,0,2,39839
24,95,1422,3,237,118,1,1,37735
82,98,1422,3,166,119,0,3,21000
148,140,1423,3,111,128,3,3,10000
84,111,1423,3,96,53,1,5,12000
90,123,1423,3,98,57,2,2,23245
86,97,1423,3,165,54,0,2,18969
89,91,1423,3,123,56,1,1,31567
23,85,1423,3,115,,1,0,78725
87,133,1424,3,261,,0,0,19064
111,86,1426,3,193,73,3,0,18152
140,24,1426,3,127,96,1,2,15889
123,89,1426,3,165,,1,1,17771
133,90,1427,3,117,89,2,2,9000
161,148,1427,3,170,124,0,3,13676
91,84,1427,3,259,125,2,1,15805
95,82,1427,3,114,,2,2,18880
85,87,1427,3,189,,3,2,47347
98,22,1427,3,185,62,1,1,25000
97,23,1522,3,139,109,0,3,30000
98,140,1544,3,163,62,5,1,25000
23,95,1428,3,105,,5,0,67532
89,22,1428,3,98,56,1,1,30590
24,91,1428,3,166,118,3,1,40644
97,161,1429,3,115,109,4,1,35000
86,148,1429,3,174,54,0,0,14004
87,123,1429,3,96,,1,4,20364
84,133,1429,3,172,53,0,2,8100
90,111,1429,3,237,57,1,2,19038
82,85,1429,3,140,119,0,1,25000
148,89,1431,3,238,128,1,1,15000
123,86,1432,3,185,,1,2,18000
161,91,1432,3,117,124,2,2,13250
95,98,1432,3,193,,1,2,25365
111,23,1433,3,189,73,4,1,20633
84,90,1433,3,111,53,2,2,7000
140,82,1433,3,123,96,2,1,7553
22,87,1433,3,139,109,4,1,37582
133,97,1433,3,127,89,1,1,11317
85,24,1433,3,114,,0,2,74729
82,22,1435,3,165,119,1,0,23000
24,161,1435,3,237,118,2,0,41052
23,148,1435,3,163,,3,0,63645
86,133,1436,3,105,54,2,1,14354
140,111,1436,3,174,96,3,2,8736
90,89,1436,3,140,57,0,0,21241
98,84,1436,3,170,62,0,0,40000
97,85,1436,3,98,109,1,1,38000
95,87,1436,3,117,,1,1,33727
91,123,1437,3,238,125,0,0,15804
161,140,1439,3,114,124,2,2,12622
89,24,1439,3,111,56,0,3,40872
87,90,1439,3,193,,4,1,17844
85,86,1440,3,127,,2,1,53275
123,95,1440,3,166,,2,1,15000
148,91,1440,3,240,128,1,1,12377
133,82,1440,3,115,89,0,0,10500
84,97,1440,3,189,53,1,1,7000
22,23,1440,3,96,109,2,2,41000
111,98,1441,3,123,73,1,2,19871
24,23,1442,3,139,118,1,0,41495
98,148,1443,3,174,62,4,0,30000
91,22,1443,3,114,125,2,2,
97,87,1443,3,185,109,2,2,25000
133,89,1444,3,170,89,3,3,9000
140,90,1444,3,105,96,2,1,8379
86,84,1444,3,237,54,1,1,13994
82,111,1444,3,127,119,1,3,25000
95,161,1444,3,238,,1,1,
85,123,1444,3,111,,0,0,44572
23,82,1447,3,193,,1,0,57025
123,24,1447,3,115,,0,1,26550
161,84,1448,3,98,124,0,0,13000
148,133,1448,3,192,128,0,2,13000
89,140,1448,3,123,56,3,1,30000
87,86,1448,3,163,,2,0,19000
91,98,1448,3,117,125,0,1,15081
22,95,1448,3,140,109,3,2,29128
111,97,1449,3,111,73,1,0,17401
90,85,1546,3,189,57,0,0,22214
97,91,1451,3,174,109,3,1,20000
140,87,1451,3,127,96,2,4,8815
85,89,1451,3,166,,0,1,52592
133,123,1451,3,98,89,1,1,3979
95,111,1451,3,117,,3,1,20000
82,148,1451,3,105,119,1,1,18000
98,161,1451,3,237,62,1,0,30000
84,23,1451,3,238,53,1,1,22000
86,90,1451,3,193,54,0,0,15058
24,22,1451,3,185,118,1,0,40069
148,85,1525,3,115,128,0,0,15000
91,95,1525,3,111,125,1,0,15777
89,86,1525,3,165,56,0,1,31767
87,84,1525,3,262,,2,0,19000
111,24,1525,3,98,73,2,2,19787
90,97,1525,3,163,57,0,2,19230
22,133,1525,3,123,109,3,1,35893
123,140,1525,3,189,,3,0,20050
161,82,1525,3,117,124,0,0,13195
23,98,1525,3,114,,1,0,63946
24,87,1527,3,105,118,2,1,40641
97,123,1527,3,139,109,1,1,28000
133,111,1527,3,238,89,2,6,8000
84,148,1527,3,96,53,1,0,8000
86,22,1527,3,174,54,0,2,17997
95,89,1527,3,185,,0,0,21000
140,23,1527,3,237,96,0,1,10393
82,91,1527,3,166,119,2,0,20000
98,90,1527,3,127,62,3,2,40000
85,161,1527,3,193,,2,1,48070
22,123,1463,3,123,109,3,2,32978
82,86,1463,3,114,119,1,2,15000
23,133,1463,3,163,,0,0,11500
148,111,1464,3,170,128,0,5,12000
161,90,1464,3,165,124,1,1,15000
89,87,1464,3,140,56,3,3,27844
91,140,1464,3,238,125,2,2,13796
98,97,1464,3,96,62,2,1,22100
95,85,1465,3,111,,0,2,
24,84,1465,3,259,118,3,0,30239
133,91,1466,3,139,89,3,0,9000
87,82,1466,3,185,,4,0,18020
85,98,1466,3,117,,0,0,56729
84,89,1467,3,170,53,3,4,
90,148,1467,3,98,57,0,4,16076
86,161,1467,3,193,54,2,3,16000
111,22,1467,3,127,73,3,3,19459
123,23,1467,3,189,,1,0,22022
97,24,1467,3,115,109,1,2,60000
140,95,1468,3,237,96,1,3,7675
140,84,1470,3,140,96,2,2,7030
98,87,1470,3,163,62,3,0,20000
24,86,1470,3,123,118,3,3,39548
161,123,1471,3,166,124,0,0,12743
82,89,1471,3,111,119,1,1,15000
95,133,1471,3,174,,1,1,19000
23,90,1471,3,238,,0,1,51566
22,85,1471,3,189,109,1,1,37581
148,97,1472,3,165,128,0,1,14000
91,111,1472,3,105,125,0,1,14821
97,140,1566,3,170,109,1,0,15000
84,22,1473,3,193,53,0,3,15000
89,98,1474,3,127,56,0,0,29377
86,23,1474,3,139,54,0,1,18155
90,95,1475,3,96,57,1,1,17385
123,82,1475,3,115,,1,0,14000
111,161,1475,3,185,73,2,1,18342
87,148,1475,3,260,,0,1,18937
133,24,1475,3,114,89,0,3,20000
85,91,1475,3,237,,3,0,45576
24,148,1477,3,262,118,3,0,
91,86,1478,3,274,125,2,1,16119
111,85,1478,3,238,73,1,3,20801
161,89,1479,3,163,124,1,4,13796
95,97,1479,3,98,,2,1,19936
82,84,1479,3,105,119,1,0,
140,133,1479,3,166,96,3,0,7202
23,87,1479,3,117,,2,1,55127
98,123,1479,3,165,62,0,0,
22,90,1480,3,140,109,2,1,31572
85,140,1481,3,123,,3,0,47886
123,111,1482,3,111,,2,0,19000
148,22,1482,3,174,128,2,3,15000
87,91,1483,3,275,,1,0,11840
90,24,1483,3,127,57,0,1,28934
133,161,1483,3,189,89,1,1,11000
84,95,1483,3,276,53,0,0,8000
86,98,1483,3,170,54,0,4,18478
89,23,1483,3,193,56,3,3,32824
97,82,1560,3,127,109,2,0,
91,23,1485,3,98,125,2,1,
140,86,1486,3,140,96,3,3,7030
85,133,1486,3,105,,1,0,61462
97,22,1486,3,114,109,3,0,51000
123,84,1487,3,237,,3,0,24000
161,87,1487,3,238,124,1,2,12731
95,148,1487,3,166,,0,0,19020
82,90,1487,3,185,119,2,1,16000
111,89,1487,3,115,73,3,1,18796
98,24,1487,3,96,62,1,2,50000
24,82,1489,3,170,118,4,1,39987
86,95,1490,3,191,54,1,0,14787
84,85,1490,3,163,53,1,2,20000
90,91,1491,3,139,57,2,0,20557
87,111,1491,3,165,,1,2,20950
23,161,1491,3,127,,2,0,61339
148,123,1491,3,123,128,1,2,10000
133,98,1491,3,174,89,1,1,17000
89,97,1491,3,111,56,1,1,28727
22,140,1548,3,189,109,2,1,
91,89,1492,3,117,125,2,1,14735
133,87,1493,3,277,89,3,5,13000
161,22,1493,3,96,124,2,1,15089
123,90,1493,3,166,,2,3,24863
95,24,1494,3,140,,2,0,30000
111,84,1494,3,139,73,1,1,18537
97,86,1494,3,98,109,4,1,38000
140,148,1494,3,185,96,2,1,7828
98,82,1494,3,105,62,4,2,20000
85,23,1494,3,115,,2,3,77479
84,91,1495,3,193,53,0,3,
82,95,1496,3,163,119,2,0,16000
24,140,1496,3,237,118,1,0,39290
87,85,1496,3,111,,1,0,23475
86,111,1497,3,170,54,1,3,18168
148,161,1497,3,140,128,0,1,
89,123,1497,3,238,56,1,1,36707
22,98,1497,3,127,109,1,4,36525
90,133,1497,3,115,57,2,1,23550
23,97,1497,3,114,,0,1,
85,82,1498,3,98,,1,1,49665
91,24,1498,3,123,125,0,2,15985
140,98,1499,3,117,96,2,1,10911
148,86,1499,3,174,128,3,2,13000
161,97,1499,3,115,124,1,0,13415
95,23,1499,3,166,,0,4,21865
123,87,1499,3,189,,2,1,20000
22,89,1499,3,185,109,2,2,30123
133,84,1500,3,278,89,4,0,
111,90,1500,3,96,73,4,1,18441
86,123,1501,3,117,54,0,0,16924
24,85,1501,3,165,118,2,1,40057
87,22,1501,3,114,,0,1,19594
89,148,1502,3,170,56,0,1,26958
82,140,1502,3,111,119,3,2,20000
91,161,1502,3,98,125,2,1,16121
23,111,1502,3,139,,0,0,60860
97,133,1502,3,193,109,2,2,35000
98,95,1502,3,238,62,1,1,20000
90,84,1539,3,163,57,3,0,19107
161,24,1503,3,117,124,2,1,16000
22,82,1503,3,140,109,1,0,34449
85,97,1503,3,96,,1,0,61216
123,91,1504,3,139,,1,1,
89,90,1504,3,123,56,0,0,
87,95,1504,3,127,,2,0,
133,86,1504,3,259,89,0,0,
84,98,1504,3,237,53,1,3,
148,23,1504,3,185,128,1,3,
111,140,1505,3,174,73,0,0,
86,85,1507,3,105,54,1,1,
140,161,1507,3,96,96,2,4,
97,84,1507,3,170,109,1,2,
82,133,1507,3,163,119,1,1,
95,123,1507,3,117,,0,1,
91,148,1507,3,193,125,1,0,
90,87,1507,3,166,57,3,0,
24,89,1507,3,238,118,2,1,
23,22,1507,3,115,,1,1,
98,111,1541,3,111,62,1,2,
90,140,1512,3,105,57,3,1,25189
22,91,1512,3,174,109,3,0,35964
23,24,1512,3,98,,1,1,
148,98,1513,3,237,128,0,2,
161,95,1513,3,185,124,1,1,13563
84,86,1513,3,191,53,1,1,7000
87,97,1513,3,189,,1,2,18450
123,85,1513,3,115,,2,0,26849
111,82,1514,3,123,73,2,0,18663
89,133,1514,3,261,56,0,1,25567
24,123,1515,3,111,118,1,1,38530
84,161,1516,3,279,53,0,4,4500
82,23,1516,3,96,119,0,0,25000
140,89,1517,3,139,96,1,0,
97,111,1517,3,127,109,1,3,
86,87,1517,3,165,54,3,3,16992
133,148,1517,3,262,89,2,2,
95,22,1517,3,114,,1,1,11300
98,91,1517,3,170,62,2,1,15000
85,90,1543,3,140,,2,1,51472
111,95,1549,3,139,73,2,1,
91,97,1549,3,165,125,1,2,15000
89,85,1549,3,166,56,0,1,33250
123,133,1518,3,123,,3,2,21000
87,140,1518,3,117,,1,2,19034
148,82,1518,3,238,128,1,3,
161,98,1518,3,192,124,1,2,14175
22,24,1518,3,185,109,2,0,50825
